compound_id,base_rdkit_smiles,DILIst_Classification_x,cellcount_active,GSH_active,mitostruct_active,MMP_active,nucarea_active,nucmask_active,ROS_active,DILIst_Classification_y,MaxEStateIndex,MinEStateIndex,MaxAbsEStateIndex,MinAbsEStateIndex,qed,MolWt,HeavyAtomMolWt,ExactMolWt,NumValenceElectrons,NumRadicalElectrons,MaxPartialCharge,MinPartialCharge,MaxAbsPartialCharge,MinAbsPartialCharge,FpDensityMorgan1,FpDensityMorgan2,FpDensityMorgan3,BalabanJ,BertzCT,Chi0,Chi0n,Chi0v,Chi1,Chi1n,Chi1v,Chi2n,Chi2v,Chi3n,Chi3v,Chi4n,Chi4v,HallKierAlpha,Ipc,Kappa1,Kappa2,Kappa3,LabuteASA,PEOE_VSA1,PEOE_VSA10,PEOE_VSA11,PEOE_VSA12,PEOE_VSA13,PEOE_VSA14,PEOE_VSA2,PEOE_VSA3,PEOE_VSA4,PEOE_VSA5,PEOE_VSA6,PEOE_VSA7,PEOE_VSA8,PEOE_VSA9,SMR_VSA1,SMR_VSA10,SMR_VSA2,SMR_VSA3,SMR_VSA4,SMR_VSA5,SMR_VSA6,SMR_VSA7,SMR_VSA8,SMR_VSA9,SlogP_VSA1,SlogP_VSA10,SlogP_VSA11,SlogP_VSA12,SlogP_VSA2,SlogP_VSA3,SlogP_VSA4,SlogP_VSA5,SlogP_VSA6,SlogP_VSA7,SlogP_VSA8,SlogP_VSA9,TPSA,EState_VSA1,EState_VSA10,EState_VSA11,EState_VSA2,EState_VSA3,EState_VSA4,EState_VSA5,EState_VSA6,EState_VSA7,EState_VSA8,EState_VSA9,VSA_EState1,VSA_EState10,VSA_EState2,VSA_EState3,VSA_EState4,VSA_EState5,VSA_EState6,VSA_EState7,VSA_EState8,VSA_EState9,FractionCSP3,HeavyAtomCount,NHOHCount,NOCount,NumAliphaticCarbocycles,NumAliphaticHeterocycles,NumAliphaticRings,NumAromaticCarbocycles,NumAromaticHeterocycles,NumAromaticRings,NumHAcceptors,NumHDonors,NumHeteroatoms,NumRotatableBonds,NumSaturatedCarbocycles,NumSaturatedHeterocycles,NumSaturatedRings,RingCount,MolLogP,MolMR,fr_Al_COO,fr_Al_OH,fr_Al_OH_noTert,fr_ArN,fr_Ar_COO,fr_Ar_N,fr_Ar_NH,fr_Ar_OH,fr_COO,fr_COO2,fr_C_O,fr_C_O_noCOO,fr_C_S,fr_HOCCN,fr_Imine,fr_NH0,fr_NH1,fr_NH2,fr_N_O,fr_Ndealkylation1,fr_Ndealkylation2,fr_Nhpyrrole,fr_SH,fr_aldehyde,fr_alkyl_carbamate,fr_alkyl_halide,fr_allylic_oxid,fr_amide,fr_amidine,fr_aniline,fr_aryl_methyl,fr_azide,fr_azo,fr_barbitur,fr_benzene,fr_benzodiazepine,fr_bicyclic,fr_diazo,fr_dihydropyridine,fr_epoxide,fr_ester,fr_ether,fr_furan,fr_guanido,fr_halogen,fr_hdrzine,fr_hdrzone,fr_imidazole,fr_imide,fr_isocyan,fr_isothiocyan,fr_ketone,fr_ketone_Topliss,fr_lactam,fr_lactone,fr_methoxy,fr_morpholine,fr_nitrile,fr_nitro,fr_nitro_arom,fr_nitro_arom_nonortho,fr_nitroso,fr_oxazole,fr_oxime,fr_para_hydroxylation,fr_phenol,fr_phenol_noOrthoHbond,fr_phos_acid,fr_phos_ester,fr_piperdine,fr_piperzine,fr_priamide,fr_prisulfonamd,fr_pyridine,fr_quatN,fr_sulfide,fr_sulfonamd,fr_sulfone,fr_term_acetylene,fr_tetrazole,fr_thiazole,fr_thiocyan,fr_thiophene,fr_unbrch_alkane,fr_urea
CID5920,N[C@@H](Cc1cc(I)c(Oc2ccc(O)c(I)c2)c(I)c1)C(=O)O,0,1.0,0.0,0.0,,0.0,1.0,1.0,0,10.866438656449064,-1.0194339701604307,10.866438656449064,0.2086574617431265,0.4267101714465896,650.9760000000001,638.8800000000001,650.790051864,122.0,0.0,0.320315512376416,-0.5068453544546648,0.5068453544546648,0.320315512376416,1.1304347826086956,1.7391304347826086,2.260869565217391,2.259938325868832,728.4921149657531,17.14589989101247,11.593375856469256,18.06587072999822,10.773764703227071,6.403077299786715,9.639324736551195,4.752724325830179,8.239296372992634,2.969940976541349,5.4365609050684505,1.8379412510362283,4.4419577364019975,-0.3400000000000001,98209.27805135748,18.990977949808823,8.160013239239413,5.063965411826361,173.5722635628371,20.683585220643646,17.54086449571577,5.749511833283905,0.0,0.0,5.969305287951849,4.794537184071822,0.0,0.0,0.0,0.0,110.08872033813525,0.0,10.710546813196189,19.744454927553285,73.74191716915603,0.0,0.0,5.733667477162185,12.462662452073973,0.0,46.60583364720124,0.0,17.248535499851716,10.470530430962237,0.0,17.248535499851716,67.77261188120417,22.22420090678122,11.21535880699783,10.710546813196189,5.563451491696996,30.33183534230805,0.0,0.0,0.0,92.78000000000002,12.011146117099807,9.901064578912528,0.0,12.170333456209914,15.069205937633209,12.703816033827788,0.0,18.19910120538483,34.723604763991275,45.181741254136114,15.57705782580294,0.0,0.0,0.0,0.0,0.0,0.0,0.0,0.0,2.4347334282146695,50.26336513916394,0.1333333333333333,23.0,4.0,5.0,0.0,0.0,0.0,2.0,0.0,2.0,4.0,3.0,8.0,5.0,0.0,0.0,0.0,2.0,3.952700000000001,112.089,1.0,0.0,0.0,0.0,0.0,0.0,0.0,1.0,1.0,1.0,1.0,0.0,0.0,0.0,0.0,0.0,0.0,1.0,0.0,0.0,0.0,0.0,0.0,0.0,0.0,0.0,0.0,0.0,0.0,0.0,0.0,0.0,0.0,0.0,2.0,0.0,0.0,0.0,0.0,0.0,0.0,1.0,0.0,0.0,3.0,0.0,0.0,0.0,0.0,0.0,0.0,0.0,0.0,0.0,0.0,0.0,0.0,0.0,0.0,0.0,0.0,0.0,0.0,0.0,0.0,1.0,1.0,0.0,0.0,0.0,0.0,0.0,0.0,0.0,0.0,0.0,0.0,0.0,0.0,0.0,0.0,0.0,0.0,0.0,0.0
CID2118,Cc1nnc2n1-c1ccc(Cl)cc1C(c1ccccc1)=NC2,1,1.0,1.0,0.0,,0.0,1.0,0.0,1,6.228015890512583,0.4973875661375662,6.228015890512583,0.4973875661375662,0.6893709827759431,308.77200000000005,295.668,308.082874096,108.0,0.0,0.1588744237415215,-0.2809619790225386,0.2809619790225386,0.1588744237415215,1.0454545454545454,1.8636363636363635,2.6818181818181817,2.013381569193476,880.9295253951269,15.104083527755582,11.992727789712616,12.748656735731071,10.737183443017884,7.049121653850143,7.42708612685937,5.191182528867209,5.6276183093391925,3.772315690180696,4.0074127929684344,2.7926563810206866,2.9647594049735533,-2.459999999999999,194436.74800244864,13.220144300303357,5.0704066487242425,2.036578034945077,132.66005687193478,0.0,12.3691609039125,5.824404497999927,0.0,0.0,0.0,9.559504380427024,0.0,0.0,10.197363616602075,41.93277523254056,25.122838405075452,16.149536297135317,11.399071277454263,0.0,17.312624893003218,0.0,14.76446326439343,4.992404732635669,13.4684936056032,0.0,76.32928184082806,0.0,5.687386274683562,0.0,0.0,0.0,11.600939890232516,20.476148267164135,6.544756405912575,6.923737199690624,22.775711979393844,53.52334128032855,5.022633313741326,5.687386274683562,0.0,43.07,0.0,0.0,0.0,0.0,11.5673897196539,34.17478325684811,0.0,0.0,47.889039258251636,22.330097753525298,16.593344622868184,0.0,6.228015890512583,0.0,0.0,0.0,0.0,0.0,0.0,2.0467283950617285,38.00303349220347,0.1176470588235294,22.0,0.0,4.0,0.0,1.0,1.0,2.0,1.0,3.0,4.0,0.0,5.0,1.0,0.0,0.0,0.0,4.0,3.5801200000000017,86.89100000000002,0.0,0.0,0.0,0.0,0.0,3.0,0.0,0.0,0.0,0.0,0.0,0.0,0.0,0.0,1.0,4.0,0.0,0.0,0.0,0.0,0.0,0.0,0.0,0.0,0.0,0.0,0.0,0.0,0.0,0.0,1.0,0.0,0.0,0.0,2.0,0.0,3.0,0.0,0.0,0.0,0.0,0.0,0.0,0.0,1.0,0.0,0.0,0.0,0.0,0.0,0.0,0.0,0.0,0.0,0.0,0.0,0.0,0.0,0.0,0.0,0.0,0.0,0.0,0.0,0.0,0.0,0.0,0.0,0.0,0.0,0.0,0.0,0.0,0.0,0.0,0.0,0.0,0.0,0.0,0.0,0.0,0.0,0.0,0.0,0.0
CID10158453,CC(=O)Oc1cc2c(s1)CCN(C(C(=O)C1CC1)c1ccccc1F)C2,1,1.0,0.0,0.0,,0.0,0.0,1.0,1,14.447970692026429,-0.5472912467456126,14.447970692026429,0.0556342514941896,0.7462318337051916,373.44900000000007,353.2890000000001,373.11479272,136.0,0.0,0.3083199861888119,-0.4155847938184268,0.4155847938184268,0.3083199861888119,1.3076923076923077,2.076923076923077,2.769230769230769,1.626197775525089,858.4912297703296,18.258784066134833,14.53515702062476,15.351653601552488,12.524877143252588,8.848710833955002,9.665207414882728,6.928661546347182,8.027953898468041,4.932041491118136,6.047122900820785,3.5578126763051383,4.608787762722718,-2.0499999999999994,1498004.5588004007,17.368141889915012,6.928164194604956,3.436138418751632,155.12857793560414,4.736862953800049,5.817220841045895,10.846452481653149,0.0,0.0,5.969305287951849,14.48898409899412,4.39041504767482,0.0,11.336785877934735,18.19910120538483,36.958650497398246,36.37175474307546,6.041840829147961,18.716352369618512,23.089336112251523,0.0,4.899909730850478,5.917906046161393,38.77279930352919,6.544756405912575,52.15310636044923,0.0,5.0632075352882095,4.736862953800049,4.39041504767482,5.0632075352882095,11.336785877934735,23.19721637107984,22.554652396982227,11.735126887207288,41.8112714517859,30.33183534230805,0.0,0.0,0.0,46.61,6.041840829147961,13.979489415818463,0.0,23.48767712152408,23.716171838810357,24.825916360475023,29.20403733978827,18.19910120538483,6.06636706846161,4.899909730850478,4.736862953800049,0.0,1.4746936675904927,0.0,0.0,0.0,0.0,0.0,0.0,14.447970692026429,47.24400230704974,0.4,26.0,0.0,4.0,1.0,1.0,2.0,1.0,1.0,2.0,5.0,0.0,6.0,5.0,1.0,0.0,1.0,4.0,3.891000000000003,96.61400000000005,0.0,0.0,0.0,0.0,0.0,0.0,0.0,0.0,0.0,0.0,2.0,2.0,0.0,0.0,0.0,1.0,0.0,0.0,0.0,0.0,0.0,0.0,0.0,0.0,0.0,0.0,0.0,0.0,0.0,0.0,0.0,0.0,0.0,0.0,1.0,0.0,1.0,0.0,0.0,0.0,1.0,1.0,0.0,0.0,1.0,0.0,0.0,0.0,0.0,0.0,0.0,1.0,1.0,0.0,0.0,0.0,0.0,0.0,0.0,0.0,0.0,0.0,0.0,0.0,0.0,0.0,0.0,0.0,0.0,0.0,0.0,0.0,0.0,0.0,0.0,0.0,0.0,0.0,0.0,0.0,0.0,0.0,1.0,0.0,0.0
CID26248,CC(=O)Oc1cccc2c1C(=O)c1c(OC(C)=O)cc(C(=O)O)cc1C2=O,1,0.0,0.0,0.0,,0.0,0.0,0.0,1,13.057068688586543,-1.3556373330119718,13.057068688586543,0.0392928004535146,0.5498381537815612,368.2970000000001,356.20100000000014,368.053217344,136.0,0.0,0.3353435080841356,-0.4776373313764018,0.4776373313764018,0.3353435080841356,0.8148148148148148,1.4074074074074074,2.0,2.306286021688589,1047.9154457273426,19.877950698581344,14.191702974695133,14.191702974695133,12.70128505815564,7.709441579072908,7.709441579072908,5.726340416030058,5.726340416030058,3.8260982076978625,3.8260982076978625,2.852112784817415,2.852112784817415,-3.81,804183.7408885267,17.99529697207141,6.487370307022906,3.0802902280668167,151.86619568423666,14.580253302440804,11.49902366656781,5.783244946364939,5.783244946364939,0.0,17.90791586385555,19.178148736287287,4.794537184071822,0.0,0.0,12.13273413692322,18.19910120538483,24.97437738277524,16.690354475090988,38.55293922279991,29.474405756585423,0.0,0.0,0.0,13.847474399381248,0.0,58.14909280079303,0.0,11.49902366656781,9.473725907600098,0.0,11.49902366656781,0.0,34.58093315142613,9.589074368143644,0.0,56.048343410081685,30.33183534230805,0.0,0.0,0.0,124.04000000000002,29.474405756585423,29.079213315199816,0.0,39.31628112505279,0.0,25.980208536304467,18.19910120538483,0.0,0.0,0.0,9.473725907600098,0.0,0.0,0.0,0.0,0.0,0.0,0.0,0.0,0.0,81.99999999999999,0.1052631578947368,27.0,1.0,8.0,1.0,0.0,1.0,2.0,0.0,2.0,7.0,1.0,8.0,3.0,0.0,0.0,0.0,3.0,2.0107999999999997,89.32630000000005,0.0,0.0,0.0,0.0,1.0,0.0,0.0,0.0,1.0,1.0,5.0,4.0,0.0,0.0,0.0,0.0,0.0,0.0,0.0,0.0,0.0,0.0,0.0,0.0,0.0,0.0,0.0,0.0,0.0,0.0,0.0,0.0,0.0,0.0,2.0,0.0,2.0,0.0,0.0,0.0,2.0,2.0,0.0,0.0,0.0,0.0,0.0,0.0,0.0,0.0,0.0,2.0,0.0,0.0,0.0,0.0,0.0,0.0,0.0,0.0,0.0,0.0,0.0,0.0,0.0,0.0,0.0,0.0,0.0,0.0,0.0,0.0,0.0,0.0,0.0,0.0,0.0,0.0,0.0,0.0,0.0,0.0,0.0,0.0,0.0
CID4888,CC(C(=O)O)c1ccc2c(c1)Cc1cccnc1O2,1,0.0,0.0,0.0,,0.0,0.0,0.0,1,11.02494804366242,-0.8206068384143779,11.02494804366242,0.5133376900142781,0.7643946387362142,255.27299999999997,242.16899999999995,255.089543276,96.0,0.0,0.3101855618009577,-0.4807885008732984,0.4807885008732984,0.3101855618009577,1.368421052631579,2.210526315789474,3.0,1.982359796493996,651.588988374735,13.405412915006313,10.459482437441572,10.459482437441572,9.147867045540842,6.122967913482778,6.122967913482778,4.673602722960913,4.673602722960913,3.392470070101176,3.392470070101176,2.208894786219582,2.208894786219582,-2.36,28795.34235986583,11.71480336716462,4.387759596716938,2.053838354521441,110.23138369231135,9.843390348640757,5.749511833283905,0.0,5.879988336435371,0.0,5.969305287951849,4.794537184071822,4.9839785209472085,0.0,0.0,18.19910120538483,30.183374320007832,18.18111668623608,5.917906046161393,14.637927532712578,5.969305287951849,0.0,4.9839785209472085,0.0,19.262464868778025,0.0,53.21903338901211,0.0,11.629500169719275,4.736862953800049,0.0,11.629500169719275,0.0,16.059811203739763,11.21535880699783,0.0,29.531997720943004,36.52867891392113,0.0,0.0,0.0,59.42,11.887211334113244,4.794537184071822,0.0,0.0,5.879988336435371,28.8606879313009,0.0,19.18694783976531,24.26546827384644,4.9839785209472085,9.843390348640757,0.0,0.0,0.0,0.0,0.0,0.0,0.0,0.0,0.0,46.33333333333333,0.2,19.0,1.0,4.0,0.0,1.0,1.0,1.0,1.0,2.0,3.0,1.0,4.0,2.0,0.0,0.0,0.0,3.0,2.9662000000000006,69.60980000000004,1.0,0.0,0.0,0.0,0.0,1.0,0.0,0.0,1.0,1.0,1.0,0.0,0.0,0.0,0.0,1.0,0.0,0.0,0.0,0.0,0.0,0.0,0.0,0.0,0.0,0.0,0.0,0.0,0.0,0.0,0.0,0.0,0.0,0.0,1.0,0.0,2.0,0.0,0.0,0.0,0.0,1.0,0.0,0.0,0.0,0.0,0.0,0.0,0.0,0.0,0.0,0.0,0.0,0.0,0.0,0.0,0.0,0.0,0.0,0.0,0.0,0.0,0.0,0.0,0.0,0.0,0.0,0.0,0.0,0.0,0.0,0.0,0.0,1.0,0.0,0.0,0.0,0.0,0.0,0.0,0.0,0.0,0.0,0.0,0.0
CID468595,CC[C@@H]([C@H](C)O)n1ncn(-c2ccc(N3CCN(c4ccc(OCC5CO[C@@](Cn6cncn6)(c6ccc(F)cc6F)C5)cc4)CC3)cc2)c1=O,0,1.0,0.0,1.0,,0.0,1.0,0.0,0,14.965687565753756,-1.0186011468002438,14.965687565753756,0.012078725852777,0.1999514521531543,700.7910000000002,658.455,700.329708264,268.0,0.0,0.3502050642309655,-0.4932152370073248,0.4932152370073248,0.3502050642309655,0.9411764705882352,1.607843137254902,2.215686274509804,0.9233492900705036,1957.7610476177256,35.536594180257325,28.684511783812233,28.684511783812233,24.724315652236413,17.321109723261948,17.321109723261948,13.33235836226696,13.33235836226696,9.962827352337372,9.962827352337372,7.24026398880874,7.24026398880874,-5.079999999999999,465444137337.98395,34.372570150593184,14.64488141335326,7.238378251204456,294.0195681725665,24.38007276414176,41.96696455065301,0.0,0.0,0.0,5.689743398203474,0.0,32.49005131845039,10.197363616602075,0.0,12.990104268152232,74.36268406169714,55.101522779337415,37.59171382651824,23.361083397790445,11.374772549367124,0.0,29.11204765563101,5.917906046161393,50.9807320790258,49.19260901437709,113.39417173343546,0.0,11.436898107967467,20.22642581370448,20.155602644716765,5.749511833283905,0.0,79.71533099089615,16.88267017069631,17.55234772825318,38.29440996607822,90.50653516144318,0.0,5.687386274683562,0.0,115.7,23.33945888082378,18.681894674262168,0.0,24.194246679425405,31.61885866657485,55.057063349446494,34.03627686938884,17.93286020960035,43.32193961046029,37.11389573617346,9.473725907600098,0.0,0.0,0.0,0.0,0.0,0.0,0.0,0.0,33.148907085988576,85.93442624734475,0.4054054054054054,51.0,1.0,12.0,0.0,2.0,2.0,3.0,2.0,5.0,12.0,1.0,14.0,12.0,0.0,2.0,2.0,7.0,4.573200000000004,187.31279999999944,0.0,1.0,1.0,0.0,0.0,6.0,0.0,0.0,0.0,0.0,0.0,0.0,0.0,0.0,0.0,8.0,0.0,0.0,0.0,0.0,0.0,0.0,0.0,0.0,0.0,0.0,0.0,0.0,0.0,2.0,0.0,0.0,0.0,0.0,3.0,0.0,0.0,0.0,0.0,0.0,0.0,2.0,0.0,0.0,2.0,0.0,0.0,0.0,0.0,0.0,0.0,0.0,0.0,0.0,0.0,0.0,0.0,0.0,0.0,0.0,0.0,0.0,0.0,0.0,0.0,0.0,0.0,0.0,0.0,0.0,1.0,0.0,0.0,0.0,0.0,0.0,0.0,0.0,0.0,0.0,0.0,0.0,0.0,0.0,0.0
CID42890,CC(=O)[C@]1(O)Cc2c(O)c3c(c(O)c2[C@@H](O[C@H]2C[C@H](N)[C@H](O)[C@H](C)O2)C1)C(=O)c1ccccc1C3=O,0,1.0,0.0,0.0,,0.0,0.0,1.0,0,13.330070372456962,-1.974834577349457,13.330070372456962,0.0058772675736957,0.3283465061048781,497.5000000000002,470.28400000000033,497.1685814439999,190.0,0.0,0.1978961589605568,-0.5068479549336722,0.5068479549336722,0.1978961589605568,1.1111111111111112,1.6944444444444444,2.25,1.6648191484378905,1292.805435545965,26.101565337712938,19.724918869775053,19.724918869775053,16.941083909793292,11.712981476420431,11.712981476420431,9.797579369129792,9.797579369129792,7.496460472410181,7.496460472410181,5.423009541947898,5.423009541947898,-3.15,88433172.98581205,24.540265828867255,8.462359358435075,3.5617243684826523,205.8086759314677,35.63350296412511,17.100074477551498,23.63976156843003,0.0,0.0,0.0,14.383611552215466,0.0,0.0,0.0,24.26546827384644,13.847474399381248,47.55811166471397,29.4388021466389,44.283447039178384,17.34973483909482,0.0,0.0,5.733667477162185,69.35475680087104,0.0,57.64617722402841,0.0,11.49902366656781,5.733667477162185,0.0,11.49902366656781,0.0,67.9166955634211,20.68908471459793,0.0,75.7628673513072,24.26546827384644,0.0,0.0,0.0,176.61,71.5143976613004,34.809721131578286,0.0,46.222352196033995,0.0,0.0,19.056471336613843,19.056471336613843,0.0,0.0,15.207393384762284,0.0,0.0,0.0,0.0,0.0,0.0,0.0,0.0,0.0,98.74999999999996,0.4230769230769231,36.0,6.0,10.0,2.0,1.0,3.0,2.0,0.0,2.0,10.0,5.0,10.0,3.0,0.0,1.0,1.0,5.0,1.0202999999999998,123.79060000000004,0.0,2.0,1.0,0.0,0.0,0.0,0.0,2.0,0.0,0.0,3.0,3.0,0.0,0.0,0.0,0.0,0.0,1.0,0.0,0.0,0.0,0.0,0.0,0.0,0.0,0.0,0.0,0.0,0.0,0.0,0.0,0.0,0.0,0.0,2.0,0.0,3.0,0.0,0.0,0.0,0.0,2.0,0.0,0.0,0.0,0.0,0.0,0.0,0.0,0.0,0.0,3.0,1.0,0.0,0.0,0.0,0.0,0.0,0.0,0.0,0.0,0.0,0.0,0.0,0.0,2.0,2.0,0.0,0.0,0.0,0.0,0.0,0.0,0.0,0.0,0.0,0.0,0.0,0.0,0.0,0.0,0.0,0.0,0.0,0.0
CID4417,CCN(CC)CCOC(=O)C(Cc1cccc2ccccc12)CC1CCCO1,1,1.0,1.0,1.0,,1.0,1.0,1.0,1,12.93328593474427,-0.1614729780801214,12.93328593474427,0.0874163832199546,0.5682411406599145,383.5320000000002,350.2680000000001,383.246043916,152.0,0.0,0.3089126337156214,-0.464096983774137,0.464096983774137,0.3089126337156214,1.1785714285714286,1.9642857142857144,2.7142857142857144,1.6948906782532611,745.1036007232758,19.769373945685235,17.23207192027711,17.23207192027711,13.707039898056806,10.680786572562072,10.680786572562072,7.604429944531296,7.604429944531296,5.797245032366775,5.797245032366775,4.0794281768400475,4.0794281768400475,-1.9099999999999997,3365578.994935142,20.814784712110708,10.584262315161627,5.553606590211455,168.3648723285164,14.373635638450576,6.606881964512918,0.0,0.0,0.0,5.969305287951849,4.794537184071822,0.0,0.0,0.0,56.31204387861251,55.108699224155785,13.151638370425491,12.021872433909696,14.26826309167192,16.74175371688144,0.0,4.899909730850478,5.917906046161393,45.634727278833594,32.84803314676356,48.02802097092827,0.0,0.0,0.0,0.0,0.0,0.0,49.82121455331419,20.68908471459793,5.917906046161393,38.673390759856275,42.46456947923127,0.0,10.772448428929591,0.0,38.77,0.0,4.794537184071822,0.0,17.991177721861547,13.027703587438928,45.503616051028665,16.335899920626588,0.0,0.0,61.211953609462995,9.473725907600098,0.0,0.0,0.0,0.0,0.0,0.0,0.0,0.0,0.0,56.83333333333333,0.5416666666666666,28.0,0.0,4.0,0.0,1.0,1.0,2.0,0.0,2.0,4.0,0.0,4.0,10.0,0.0,1.0,1.0,3.0,4.452600000000004,113.48000000000008,0.0,0.0,0.0,0.0,0.0,0.0,0.0,0.0,0.0,0.0,1.0,1.0,0.0,0.0,0.0,1.0,0.0,0.0,0.0,1.0,0.0,0.0,0.0,0.0,0.0,0.0,0.0,0.0,0.0,0.0,0.0,0.0,0.0,0.0,2.0,0.0,1.0,0.0,0.0,0.0,1.0,2.0,0.0,0.0,0.0,0.0,0.0,0.0,0.0,0.0,0.0,0.0,0.0,0.0,0.0,0.0,0.0,0.0,0.0,0.0,0.0,0.0,0.0,0.0,0.0,0.0,0.0,0.0,0.0,0.0,0.0,0.0,0.0,0.0,0.0,0.0,0.0,0.0,0.0,0.0,0.0,0.0,0.0,0.0,0.0
CID6082,COc1ccc(OC)c(C(O)C(C)N)c1,0,0.0,0.0,1.0,,0.0,0.0,0.0,0,9.869132653061223,-0.7545833333333338,9.869132653061223,0.3555498866213156,0.781942163264455,211.261,194.12499999999997,211.120843404,84.0,0.0,0.1244903668304117,-0.4967514280748025,0.4967514280748025,0.1244903668304117,1.2666666666666666,1.9333333333333331,2.4,3.1084333760193648,325.60911457507285,11.422285251880869,9.22781179156544,9.22781179156544,7.095754112725151,4.7536697033024415,4.7536697033024415,3.4118347559661713,3.4118347559661713,2.253541657006503,2.253541657006503,1.353769813669732,1.353769813669732,-1.2600000000000002,2178.937837035535,11.812780203784571,4.9999590646139,2.607453435810157,89.6173285997025,20.313920779602988,11.49902366656781,0.0,0.0,0.0,0.0,0.0,0.0,0.0,0.0,0.0,25.122838405075456,11.605292320844956,20.323561470303368,14.580253302440804,0.0,0.0,0.0,5.733667477162185,19.069544416586886,14.219595082555069,23.762552697081823,0.0,11.49902366656781,15.207393384762284,0.0,11.49902366656781,0.0,25.367963306543732,0.0,0.0,18.591155079135923,18.19910120538483,0.0,0.0,0.0,64.71,6.103966387748303,5.106527394840706,0.0,6.041840829147961,17.062475158264807,0.0,0.0,39.34243348763052,0.0,0.0,15.207393384762284,0.0,0.0,0.0,0.0,0.0,0.0,0.0,0.0,0.0,36.66666666666667,0.4545454545454545,15.0,3.0,4.0,0.0,0.0,0.0,1.0,0.0,1.0,4.0,2.0,4.0,4.0,0.0,0.0,0.0,1.0,1.0844,58.15520000000003,0.0,1.0,1.0,0.0,0.0,0.0,0.0,0.0,0.0,0.0,0.0,0.0,0.0,0.0,0.0,0.0,0.0,1.0,0.0,0.0,0.0,0.0,0.0,0.0,0.0,0.0,0.0,0.0,0.0,0.0,0.0,0.0,0.0,0.0,1.0,0.0,0.0,0.0,0.0,0.0,0.0,2.0,0.0,0.0,0.0,0.0,0.0,0.0,0.0,0.0,0.0,0.0,0.0,0.0,0.0,2.0,0.0,0.0,0.0,0.0,0.0,0.0,0.0,0.0,0.0,0.0,0.0,0.0,0.0,0.0,0.0,0.0,0.0,0.0,0.0,0.0,0.0,0.0,0.0,0.0,0.0,0.0,0.0,0.0,0.0
CID441289,CC(=O)O[C@H]1C[C@@H]2CC[C@@H]3[C@H](CC[C@@]4(C)[C@H]3C[C@H]([N+]3(C)CCCCC3)[C@@H]4OC(C)=O)[C@@]2(C)C[C@@H]1[N+]1(C)CCCCC1,0,1.0,1.0,0.0,,0.0,1.0,1.0,0,12.527690879296667,-0.0998384015375362,12.527690879296667,0.0461551089035756,0.3013327984236265,572.8750000000001,512.3950000000004,572.4542112401799,232.0,0.0,0.3026503849097713,-0.4562063034349116,0.4562063034349116,0.3026503849097713,0.6829268292682927,1.2682926829268293,1.853658536585366,1.306114612552273,1002.1320848082502,29.208531534440652,27.167037786543677,27.167037786543677,19.395085046786704,17.424764112890383,17.424764112890383,16.66413524911701,16.66413524911701,14.48001118300013,14.48001118300013,12.295354485165044,12.295354485165044,-1.14,1356211455.6248648,29.910546516243432,10.786724576322715,4.99022833752274,249.60204096883757,18.439787622989343,12.08368165829592,12.207932775496603,0.0,0.0,11.9386105759037,9.589074368143644,0.0,0.0,0.0,13.847474399381248,99.71565250622848,32.10410811463005,40.27436958900468,28.028861991132985,11.9386105759037,0.0,0.0,34.501605123439134,135.45724433059314,40.27436958900468,0.0,0.0,0.0,0.0,0.0,0.0,0.0,85.47065631409015,19.06280027574374,34.501605123439134,111.16562989680064,0.0,0.0,0.0,0.0,52.6,0.0,9.589074368143644,0.0,29.56153382079708,35.25239026617688,21.30478938447665,103.22888509876243,13.847474399381248,0.0,27.94281836473563,9.473725907600098,0.0,0.0,0.0,0.0,0.0,0.0,0.0,0.0,2.1889997827714796,75.81100021722851,0.9428571428571428,41.0,0.0,6.0,4.0,2.0,6.0,0.0,0.0,0.0,4.0,0.0,6.0,4.0,4.0,2.0,6.0,6.0,6.110500000000007,160.71579999999972,0.0,0.0,0.0,0.0,0.0,0.0,0.0,0.0,0.0,0.0,2.0,2.0,0.0,0.0,0.0,2.0,0.0,0.0,0.0,2.0,2.0,0.0,0.0,0.0,0.0,0.0,0.0,0.0,0.0,0.0,0.0,0.0,0.0,0.0,0.0,0.0,5.0,0.0,0.0,0.0,2.0,2.0,0.0,0.0,0.0,0.0,0.0,0.0,0.0,0.0,0.0,0.0,0.0,0.0,0.0,0.0,0.0,0.0,0.0,0.0,0.0,0.0,0.0,0.0,0.0,0.0,0.0,0.0,0.0,2.0,0.0,0.0,0.0,0.0,2.0,0.0,0.0,0.0,0.0,0.0,0.0,0.0,0.0,0.0,0.0
CID56330,CCOC(=O)[C@H](CCc1ccccc1)N[C@H]1CCCN2CCC[C@@H](C(=O)O)N2C1=O,1,0.0,0.0,0.0,,0.0,0.0,0.0,1,13.291118468622528,-0.9863700850993762,13.291118468622528,0.2658278565737078,0.619939920109502,417.5060000000003,386.25800000000015,417.226371092,164.0,0.0,0.3275634983689309,-0.4796680361839908,0.4796680361839908,0.3275634983689309,1.2,1.9,2.566666666666667,1.7346136376285413,741.5483696541996,21.5098609216914,17.457397132551264,17.457397132551264,14.507239053047549,10.782504051471768,10.782504051471768,7.823123138789112,7.823123138789112,5.749709707783634,5.749709707783634,4.261187478840566,4.261187478840566,-2.45,5816449.964157328,22.24004612332191,10.540582633061742,5.370008177562966,176.69082546886818,9.843390348640757,12.08368165829592,0.0,0.0,5.907179729351506,11.9386105759037,19.914775496104507,9.803449708026353,0.0,0.0,30.33183534230805,51.01211842894368,13.08951281182515,12.64872279366088,24.227001900856216,17.845790305255203,0.0,15.334613651915394,0.0,63.57418942469057,19.696394776338067,35.89528683400505,0.0,0.0,5.316788604006331,0.0,0.0,0.0,70.79206001178692,25.54129612894152,0.0,44.59129680601767,30.33183534230805,0.0,0.0,0.0,99.18,24.09482777539573,19.49013894705617,0.0,18.48336698181627,38.77279930352918,18.405094737549017,5.008912523954532,6.923737199690624,35.34074786626258,5.316788604006331,4.736862953800049,0.0,0.0,0.0,0.0,0.0,0.0,0.0,0.0,0.0,73.16666666666666,0.5909090909090909,30.0,2.0,8.0,0.0,2.0,2.0,1.0,0.0,1.0,6.0,2.0,8.0,8.0,0.0,2.0,2.0,3.0,1.5955,110.4185000000001,1.0,0.0,0.0,0.0,0.0,0.0,0.0,0.0,1.0,1.0,3.0,2.0,0.0,0.0,0.0,2.0,1.0,0.0,0.0,0.0,0.0,0.0,0.0,0.0,0.0,0.0,0.0,1.0,0.0,0.0,1.0,0.0,0.0,0.0,1.0,0.0,1.0,0.0,0.0,0.0,1.0,1.0,0.0,0.0,0.0,1.0,0.0,0.0,0.0,0.0,0.0,0.0,0.0,0.0,0.0,0.0,0.0,0.0,0.0,0.0,0.0,0.0,0.0,0.0,0.0,0.0,0.0,0.0,0.0,0.0,0.0,0.0,0.0,0.0,0.0,0.0,0.0,0.0,0.0,0.0,0.0,0.0,0.0,0.0,0.0
CID1130,Cc1ncc(C[n+]2csc(CCO)c2C)c(N)n1,0,0.0,0.0,0.0,,0.0,0.0,0.0,0,8.975182843084177,0.1777133216310704,8.975182843084177,0.1777133216310704,0.79412732636072,265.36199999999997,248.22599999999997,265.11175858409,96.0,0.0,0.2249959974297038,-0.3959959313437732,0.3959959313437732,0.2249959974297038,1.4444444444444444,2.2222222222222223,2.888888888888889,2.230916753508816,553.005593291334,13.12095586463014,10.550473823592217,11.366970404519943,8.613392202930193,5.767563958531536,6.64721676978643,4.161049814841195,5.100369865741347,2.854594441277382,3.998537330701075,1.7667778339458633,2.750856101131986,-1.5299999999999998,14107.478825810707,12.91482175511278,5.409528799265306,2.6510031070491573,109.95661104659912,10.84019487200289,11.642267275834955,12.238684400761036,5.51053927361738,0.0,0.0,0.0,9.967957041894415,4.567099647791355,0.0,11.336785877934735,6.923737199690624,26.14828435874263,10.440598685398296,9.67362704263206,17.154648655769765,0.0,9.967957041894415,0.0,26.813052428219834,12.340549441675105,33.666314023477135,0.0,0.0,10.30076712495354,5.817862777835028,0.0,11.336785877934735,21.68136640124804,12.965578028838586,13.847474399381248,21.958931178246683,11.707382845230455,0.0,0.0,0.0,75.91,0.0,0.0,0.0,6.606881964512918,24.60784530467354,11.257379486545457,4.877147193701299,17.533629449547814,19.358013672998627,14.53505668968577,10.84019487200289,0.0,1.650330189174435,0.0,0.0,0.0,0.0,0.0,0.0,2.1111574074074073,36.90517907008483,0.4166666666666667,18.0,3.0,5.0,0.0,0.0,0.0,0.0,2.0,2.0,5.0,2.0,6.0,4.0,0.0,0.0,0.0,2.0,0.60774,70.32420000000002,0.0,1.0,1.0,1.0,0.0,3.0,0.0,0.0,0.0,0.0,0.0,0.0,0.0,0.0,0.0,3.0,0.0,1.0,0.0,0.0,0.0,0.0,0.0,0.0,0.0,0.0,0.0,0.0,0.0,1.0,1.0,0.0,0.0,0.0,0.0,0.0,0.0,0.0,0.0,0.0,0.0,0.0,0.0,0.0,0.0,0.0,0.0,0.0,0.0,0.0,0.0,0.0,0.0,0.0,0.0,0.0,0.0,0.0,0.0,0.0,0.0,0.0,0.0,0.0,0.0,0.0,0.0,0.0,0.0,0.0,0.0,0.0,0.0,0.0,0.0,0.0,0.0,0.0,0.0,0.0,1.0,0.0,0.0,0.0,0.0
CID5282136,O=C(C[S+]([O-])Cc1ccco1)NC/C=C\COc1cc(CN2CCCCC2)ccn1,1,1.0,0.0,0.0,,0.0,0.0,0.0,1,11.908477052163104,-1.2849602471310753,11.908477052163104,0.0428869460347705,0.434516457933939,431.55800000000033,402.3260000000002,431.1878774080001,162.0,0.0,0.2696843886099091,-0.6156006982722204,0.6156006982722204,0.2696843886099091,1.3,2.1666666666666665,2.966666666666667,1.2981980228936267,791.4401502707476,21.020450801241797,17.125538608701717,17.942035189629443,14.68667318580106,10.279999767103476,11.76803363881606,7.233486509520466,8.690489589964983,4.740742259069436,5.9313993042884015,3.2627249271283434,4.240887360157371,-2.2899999999999996,8461156.95090803,22.396440369776688,12.415521790779906,8.216482875921306,180.2304420709716,19.023552368550092,6.606881964512918,17.26595463236802,5.879988336435371,5.907179729351506,0.0,9.6944469149223,4.9839785209472085,0.0,0.0,12.49684172975989,66.94558333497817,25.35272345189984,6.263162995639057,18.501300948615583,17.083034202736794,0.0,15.200676855804016,0.0,31.56007488143739,31.994004788997433,60.20121396533777,0.0,5.879988336435371,10.05365155780638,0.0,5.879988336435371,0.0,52.33782264383699,28.268001670116476,0.0,30.586163779349462,53.29466599181968,0.0,0.0,0.0,90.66,11.175854473385288,9.347287057762186,0.0,17.412886942845084,24.79187412573531,19.634269217737724,31.08907935611408,18.3295777085363,24.284774350590983,15.200676855804016,9.154013890853395,0.0,-1.2849602471310753,0.0,0.0,0.0,0.0,0.0,0.0,17.04408523458533,51.62976390143462,0.4545454545454545,30.0,1.0,7.0,0.0,1.0,1.0,0.0,2.0,2.0,6.0,1.0,8.0,11.0,0.0,1.0,1.0,3.0,2.6606000000000014,116.43110000000006,0.0,0.0,0.0,0.0,0.0,1.0,0.0,0.0,0.0,0.0,1.0,1.0,0.0,0.0,0.0,2.0,1.0,0.0,0.0,0.0,1.0,0.0,0.0,0.0,0.0,0.0,0.0,1.0,0.0,0.0,0.0,0.0,0.0,0.0,0.0,0.0,0.0,0.0,0.0,0.0,0.0,1.0,1.0,0.0,0.0,0.0,0.0,0.0,0.0,0.0,0.0,0.0,0.0,0.0,0.0,0.0,0.0,0.0,0.0,0.0,0.0,0.0,0.0,0.0,0.0,0.0,0.0,0.0,0.0,1.0,0.0,0.0,0.0,1.0,0.0,0.0,0.0,0.0,0.0,0.0,0.0,0.0,0.0,0.0,0.0
CID16960,CN(C)CC[C@@H](c1ccc(Br)cc1)c1ccccn1,0,1.0,1.0,1.0,,1.0,1.0,1.0,0,4.525590868291761,0.3580555555555553,4.525590868291761,0.3580555555555553,0.8300542359520316,319.246,300.094,318.07316070800005,100.0,0.0,0.0478343503948381,-0.3093647319817753,0.3093647319817753,0.0478343503948381,1.105263157894737,1.8421052631578947,2.4210526315789473,2.25847511572667,493.91719964890143,13.664925939000156,11.382757649088871,12.968754188203578,9.164703797946448,6.477083780312729,7.27008204987008,4.950691187122832,5.8663667159145225,3.182153368865324,3.7108188819035584,2.1497904176041396,2.4141231741232576,-1.1900000000000002,22742.87000073882,14.224000380423613,6.826182966360543,4.1490997732367605,123.16023715433528,4.899909730850478,0.0,0.0,0.0,0.0,0.0,4.9839785209472085,0.0,0.0,0.0,34.12904510333418,56.8898417597364,22.281397128455342,0.0,0.0,15.929943897949348,0.0,9.883888251797686,0.0,12.338727669087405,20.640100371266954,64.39151205322221,0.0,0.0,0.0,0.0,0.0,15.929943897949348,30.523988623064643,0.0,0.0,23.59610715563286,53.134132566676755,0.0,0.0,0.0,16.130000000000003,0.0,0.0,0.0,0.0,5.917906046161393,23.13222553951946,5.563451491696996,0.0,12.263210640074686,76.30737852587107,0.0,0.0,0.0,0.0,0.0,0.0,0.0,0.0,0.0,1.114472631645251,32.47968494110607,0.3125,19.0,0.0,2.0,0.0,0.0,0.0,1.0,1.0,2.0,2.0,0.0,3.0,5.0,0.0,0.0,0.0,2.0,3.9277000000000024,83.39300000000004,0.0,0.0,0.0,0.0,0.0,1.0,0.0,0.0,0.0,0.0,0.0,0.0,0.0,0.0,0.0,2.0,0.0,0.0,0.0,0.0,0.0,0.0,0.0,0.0,0.0,0.0,0.0,0.0,0.0,0.0,0.0,0.0,0.0,0.0,1.0,0.0,0.0,0.0,0.0,0.0,0.0,0.0,0.0,0.0,1.0,0.0,0.0,0.0,0.0,0.0,0.0,0.0,0.0,0.0,0.0,0.0,0.0,0.0,0.0,0.0,0.0,0.0,0.0,0.0,0.0,0.0,0.0,0.0,0.0,0.0,0.0,0.0,0.0,1.0,0.0,0.0,0.0,0.0,0.0,0.0,0.0,0.0,0.0,0.0,0.0
CID4506,O=C1CN=C(c2ccccc2)c2cc([N+](=O)[O-])ccc2N1,1,0.0,0.0,0.0,,0.0,0.0,0.0,1,11.689398935500126,-0.4626922713529859,11.689398935500126,0.0072368669690099,0.6771088741597445,281.27099999999996,270.183,281.080041212,104.0,0.0,0.2697570900400641,-0.3238334332450522,0.3238334332450522,0.2697570900400641,1.1428571428571428,1.9047619047619049,2.619047619047619,2.198099775373001,754.0140888404636,14.819626477379408,10.945080997095062,10.945080997095062,10.147867045540842,6.334984743247658,6.334984743247658,4.566032814080508,4.566032814080508,3.1711826205923423,3.1711826205923423,2.2192978524021156,2.2192978524021156,-3.02,81311.12468881503,12.985960915870828,5.162909038431587,2.507711912885824,119.83717500723333,5.316788604006331,6.544756405912575,0.0,5.907179729351506,5.687386274683562,0.0,19.901260185473063,0.0,0.0,0.0,30.33183534230805,6.06636706846161,23.259637120317212,16.322382326271935,9.717848232889493,22.99363728148933,0.0,0.0,4.992404732635669,0.0,11.861545009918906,69.77215779985245,0.0,0.0,5.316788604006331,11.374772549367124,0.0,0.0,23.086932186852454,4.794537184071822,10.114318268765572,11.126902983393991,53.523341280328545,0.0,0.0,0.0,84.6,4.923311048817671,14.908855452837392,0.0,18.13932240994764,16.96252276915126,5.563451491696996,18.19910120538483,0.0,30.33183534230805,10.309193336642,0.0,0.0,0.0,0.0,0.0,0.0,0.0,0.0,0.0,0.0,56.0,0.0666666666666666,21.0,1.0,6.0,0.0,1.0,1.0,2.0,0.0,2.0,4.0,1.0,6.0,2.0,0.0,0.0,0.0,3.0,2.3842999999999996,78.67410000000002,0.0,0.0,0.0,0.0,0.0,0.0,0.0,0.0,0.0,0.0,1.0,1.0,0.0,0.0,1.0,2.0,1.0,0.0,0.0,0.0,0.0,0.0,0.0,0.0,0.0,0.0,0.0,1.0,0.0,1.0,0.0,0.0,0.0,0.0,2.0,1.0,1.0,0.0,0.0,0.0,0.0,0.0,0.0,0.0,0.0,0.0,0.0,0.0,0.0,0.0,0.0,0.0,0.0,0.0,0.0,0.0,0.0,0.0,1.0,1.0,1.0,0.0,0.0,0.0,0.0,0.0,0.0,0.0,0.0,0.0,0.0,0.0,0.0,0.0,0.0,0.0,0.0,0.0,0.0,0.0,0.0,0.0,0.0,0.0,0.0
CID2131,CC[N+](CC)(CCNC(=O)C(=O)NCC[N+](CC)(CC)Cc1ccccc1Cl)Cc1ccccc1Cl,0,1.0,1.0,0.0,,0.0,1.0,0.0,0,12.474515836012497,-0.5877311128937504,12.474515836012497,0.4254089355894839,0.2726617298998794,537.5760000000002,495.2400000000003,536.26738478418,198.0,0.0,0.3090248384389422,-0.3421794884555396,0.3421794884555396,0.3090248384389422,0.6388888888888888,0.9722222222222222,1.2777777777777777,1.8622683503173656,911.5198958236812,26.606237238868697,22.156722683328585,23.668580575365493,17.232241649961786,12.963376117106336,13.71930506312479,9.406254782214567,10.220655035695778,7.5600996638236975,8.297555111311599,4.634716838772033,5.025706450865877,-2.1199999999999988,62348874.20002001,30.10606998569144,14.576731385690628,8.47831040392966,226.29648249057104,19.599638923401912,13.08951281182515,0.0,0.0,0.0,11.814359458703011,9.589074368143644,0.0,0.0,0.0,59.60008219123469,39.827682935685715,21.172169610876644,52.358051247300594,18.555136083532897,35.016239239168044,0.0,10.633577208012662,0.0,40.78446161058764,52.358051247300594,69.70310615856953,0.0,0.0,10.633577208012662,0.0,0.0,23.20187978046503,73.13847242139286,22.67858717996879,0.0,38.821851782156486,48.53093654769288,10.045266627482652,0.0,0.0,58.2,11.814359458703011,9.589074368143644,0.0,0.0,13.08951281182515,82.49628257356649,0.0,0.0,48.53093654769288,38.32852600677516,23.20187978046503,0.0,12.76833446194166,0.0,0.0,0.0,0.0,0.0,0.0,1.5569007030820217,64.89698705719852,0.5,36.0,2.0,6.0,0.0,0.0,0.0,2.0,0.0,2.0,2.0,2.0,8.0,14.0,0.0,0.0,0.0,2.0,4.639200000000005,148.75019999999978,0.0,0.0,0.0,0.0,0.0,0.0,0.0,0.0,0.0,0.0,2.0,2.0,0.0,0.0,0.0,2.0,2.0,0.0,0.0,2.0,0.0,0.0,0.0,0.0,0.0,0.0,0.0,2.0,0.0,0.0,0.0,0.0,0.0,0.0,2.0,0.0,0.0,0.0,0.0,0.0,0.0,0.0,0.0,0.0,2.0,0.0,0.0,0.0,0.0,0.0,0.0,0.0,0.0,0.0,0.0,0.0,0.0,0.0,0.0,0.0,0.0,0.0,0.0,0.0,0.0,0.0,0.0,0.0,0.0,0.0,0.0,0.0,0.0,0.0,2.0,0.0,0.0,0.0,0.0,0.0,0.0,0.0,0.0,0.0,0.0
CID5702198,N,1,0.0,0.0,1.0,,0.0,0.0,0.0,1,0.0,0.0,0.0,0.0,0.3975550616040572,17.031,14.007,17.026549096,8.0,0.0,-0.3439257361077734,-0.3439257361077734,0.3439257361077734,0.3439257361077734,1.0,1.0,1.0,0.0,0.0,0.0,0.7071067811865475,0.7071067811865475,0.0,0.0,0.0,0.0,0.0,0.0,0.0,0.0,0.0,-0.04,0.0,0.9600000000000016,-27.040000000000028,-104.0400000000001,7.50422812385033,6.150546350318038,0.0,0.0,0.0,0.0,0.0,0.0,0.0,0.0,0.0,0.0,0.0,0.0,0.0,0.0,0.0,0.0,6.150546350318038,0.0,0.0,0.0,0.0,0.0,0.0,6.150546350318038,0.0,0.0,0.0,0.0,0.0,0.0,0.0,0.0,0.0,0.0,0.0,35.0,0.0,0.0,0.0,6.150546350318038,0.0,0.0,0.0,0.0,0.0,0.0,0.0,0.0,0.0,0.0,0.0,0.0,0.0,0.0,0.0,0.0,0.0,0.0,1.0,3.0,1.0,0.0,0.0,0.0,0.0,0.0,0.0,1.0,1.0,1.0,0.0,0.0,0.0,0.0,0.0,0.1619999999999999,5.0221,0.0,0.0,0.0,0.0,0.0,0.0,0.0,0.0,0.0,0.0,0.0,0.0,0.0,0.0,0.0,0.0,0.0,0.0,0.0,0.0,0.0,0.0,0.0,0.0,0.0,0.0,0.0,0.0,0.0,0.0,0.0,0.0,0.0,0.0,0.0,0.0,0.0,0.0,0.0,0.0,0.0,0.0,0.0,0.0,0.0,0.0,0.0,0.0,0.0,0.0,0.0,0.0,0.0,0.0,0.0,0.0,0.0,0.0,0.0,0.0,0.0,0.0,0.0,0.0,0.0,0.0,0.0,0.0,0.0,0.0,0.0,0.0,0.0,0.0,0.0,0.0,0.0,0.0,0.0,0.0,0.0,0.0,0.0,0.0,0.0
CID54682461,CCC[C@@]1(CCc2ccccc2)CC(O)=C([C@H](CC)c2cccc(NS(=O)(=O)c3ccc(C(F)(F)F)cn3)c2)C(=O)O1,1,0.0,0.0,0.0,,1.0,0.0,1.0,1,13.436980778467175,-4.647992329877977,13.436980778467175,0.0420834711228166,0.2228367630279578,602.6750000000001,569.4110000000002,602.206227816,224.0,0.0,0.4173902136937372,-0.5115747242625552,0.5115747242625552,0.4173902136937372,1.0476190476190477,1.7857142857142858,2.380952380952381,1.5677005181917023,1540.7406905895448,30.54539482762413,23.317756248931342,24.13425282985907,19.87108901319962,13.725301873933557,15.20846512152795,10.419943181328376,12.049217348177429,7.3842862205614175,8.680868750411612,5.3653333664923215,6.34584007134085,-3.859999999999999,1218706049.4401824,31.083929322051244,12.562489102081546,7.125241203948256,243.05554029495912,9.843390348640757,11.360215682639865,5.025959978669241,0.0,10.023291153407584,12.145603805395323,4.722094864452088,9.77851570501903,21.589042127353395,0.0,62.73286550153853,61.075657748944465,24.22295751538404,11.136556021766264,36.226969660065976,21.679982716042993,0.0,4.9839785209472085,0.0,75.0936194901951,4.722094864452088,100.94950520150724,0.0,0.0,4.722094864452088,18.858631417708025,0.0,0.0,30.078658999052383,32.15181143164894,0.0,68.55984303526367,89.28511070508549,0.0,0.0,0.0,105.59000000000002,44.27726328631423,31.490106706265927,0.0,23.440477299335015,43.50994862347572,18.050640183084617,12.13273413692322,12.13273413692322,44.179309741689295,9.706073385399296,4.736862953800049,0.0,-4.303655787624063,0.0,0.0,0.0,0.0,0.0,0.0,64.24242883114539,55.144560289812006,0.3548387096774194,42.0,2.0,7.0,0.0,1.0,1.0,2.0,1.0,3.0,6.0,2.0,11.0,11.0,0.0,0.0,0.0,4.0,7.325500000000007,152.2872999999998,0.0,1.0,1.0,0.0,0.0,1.0,0.0,0.0,0.0,0.0,1.0,1.0,0.0,0.0,0.0,1.0,1.0,0.0,0.0,0.0,0.0,0.0,0.0,0.0,0.0,3.0,0.0,0.0,0.0,1.0,1.0,0.0,0.0,0.0,2.0,0.0,0.0,0.0,0.0,0.0,1.0,1.0,0.0,0.0,3.0,0.0,0.0,0.0,0.0,0.0,0.0,0.0,0.0,0.0,1.0,0.0,0.0,0.0,0.0,0.0,0.0,0.0,0.0,0.0,0.0,0.0,0.0,0.0,0.0,0.0,0.0,0.0,0.0,1.0,0.0,0.0,1.0,0.0,0.0,0.0,0.0,0.0,0.0,0.0,0.0
CID5314,C[N+](C)(C)CCOC(=O)CCC(=O)OCC[N+](C)(C)C,0,0.0,0.0,0.0,,0.0,0.0,0.0,0,11.426372748173344,-0.3453679295792387,11.426372748173344,0.0836817365835222,0.4515871613452488,290.404,260.16399999999993,290.21946028018,118.0,0.0,0.3060880399609956,-0.459658889386988,0.459658889386988,0.3060880399609956,0.7,1.0,1.25,3.661659204594956,284.1160429802869,15.811554787871636,13.770061039974657,13.770061039974657,8.994800481421251,6.9166907363373245,6.9166907363373245,6.968802125515703,6.968802125515703,2.5835626834604124,2.5835626834604124,1.2151422635827718,1.2151422635827718,-1.14,8830.467133058042,18.859999999999996,8.214749914080395,13.29538834458379,121.97324348768416,18.439787622989343,26.303276740850983,0.0,0.0,0.0,11.9386105759037,9.589074368143644,0.0,0.0,0.0,0.0,0.0,0.0,55.12767514191515,28.02886199113299,11.9386105759037,0.0,0.0,0.0,12.84164324585202,68.58930863691411,0.0,0.0,0.0,0.0,0.0,0.0,0.0,89.49398092820705,19.06280027574374,0.0,12.84164324585202,0.0,0.0,0.0,0.0,52.60000000000001,0.0,9.589074368143644,0.0,24.78025382175571,13.213763929025836,22.055574527214397,0.0,0.0,42.286031896063136,0.0,9.473725907600098,0.0,0.0,0.0,0.0,0.0,0.0,0.0,0.0,1.4729661133026517,46.86036722003068,0.8571428571428571,20.0,0.0,6.0,0.0,0.0,0.0,0.0,0.0,0.0,4.0,0.0,6.0,9.0,0.0,0.0,0.0,0.0,0.2654000000000025,76.95080000000006,0.0,0.0,0.0,0.0,0.0,0.0,0.0,0.0,0.0,0.0,2.0,2.0,0.0,0.0,0.0,2.0,0.0,0.0,0.0,2.0,0.0,0.0,0.0,0.0,0.0,0.0,0.0,0.0,0.0,0.0,0.0,0.0,0.0,0.0,0.0,0.0,0.0,0.0,0.0,0.0,2.0,2.0,0.0,0.0,0.0,0.0,0.0,0.0,0.0,0.0,0.0,0.0,0.0,0.0,0.0,0.0,0.0,0.0,0.0,0.0,0.0,0.0,0.0,0.0,0.0,0.0,0.0,0.0,0.0,0.0,0.0,0.0,0.0,0.0,2.0,0.0,0.0,0.0,0.0,0.0,0.0,0.0,0.0,0.0,0.0
CID77991,CCN(C)C(=O)Oc1cccc([C@H](C)N(C)C)c1,1,0.0,0.0,1.0,,0.0,0.0,1.0,1,11.651792013101538,-0.3267072940287221,11.651792013101538,0.2847747910892748,0.8234224757170807,250.342,228.1659999999999,250.168127944,100.0,0.0,0.4144541548147784,-0.4102048843407939,0.4144541548147784,0.4102048843407939,1.3333333333333333,2.0,2.5555555555555554,2.7956793791697105,404.5353943754878,13.706742302257044,11.804781899062322,11.804781899062322,8.451596160381717,6.146546065726553,6.146546065726553,4.594220566209061,4.594220566209061,3.106269995299429,3.106269995299429,1.4438745698274504,1.4438745698274504,-1.5499999999999998,8435.942697319082,14.510790273556232,6.400759172821562,3.736466243331034,109.1456747046272,14.536682415501003,5.749511833283905,0.0,0.0,0.0,6.093240070938415,0.0,4.794537184071822,0.0,0.0,12.13273413692322,45.63900399335584,19.634269217737724,0.0,9.53140013787187,6.093240070938415,0.0,9.799819461700956,0.0,19.88931522852921,27.687772353944144,29.828919765543436,0.0,5.749511833283905,4.736862953800049,4.794537184071822,5.749511833283905,0.0,43.58083188658351,0.0,0.0,25.452766720226204,24.26546827384644,0.0,0.0,0.0,32.78,0.0,4.794537184071822,0.0,12.135080900086376,12.29426823919648,5.563451491696996,4.899909730850478,13.1140390511388,39.21818237042983,11.823646930541102,4.736862953800049,0.0,0.0,0.0,0.0,0.0,0.0,0.0,0.0,0.0,40.33333333333334,0.5,18.0,0.0,4.0,0.0,0.0,0.0,1.0,0.0,1.0,3.0,0.0,4.0,4.0,0.0,0.0,0.0,1.0,2.759700000000002,72.87200000000004,0.0,0.0,0.0,0.0,0.0,0.0,0.0,0.0,0.0,0.0,1.0,1.0,0.0,0.0,0.0,2.0,0.0,0.0,0.0,0.0,0.0,0.0,0.0,0.0,0.0,0.0,0.0,1.0,0.0,0.0,0.0,0.0,0.0,0.0,1.0,0.0,0.0,0.0,0.0,0.0,0.0,1.0,0.0,0.0,0.0,0.0,0.0,0.0,0.0,0.0,0.0,0.0,0.0,0.0,0.0,0.0,0.0,0.0,0.0,0.0,0.0,0.0,0.0,0.0,0.0,0.0,0.0,0.0,0.0,0.0,0.0,0.0,0.0,0.0,0.0,0.0,0.0,0.0,0.0,0.0,0.0,0.0,0.0,0.0,0.0
CID7961,Brc1ccccc1,1,0.0,0.0,1.0,,0.0,0.0,0.0,1,3.31125,1.1342592592592595,3.31125,1.1342592592592595,0.5420450088370231,157.01,151.96999999999997,155.95746226,36.0,0.0,0.0174752825114365,-0.0621899905650267,0.0621899905650267,0.0174752825114365,1.0,1.5714285714285714,1.8571428571428572,3.0214653097240864,134.10736969541455,5.112884175122364,3.764715818957356,5.3507123580720615,3.393846850117352,2.0996658390275735,2.8926641085849254,1.2955681594256183,2.211243688217308,0.7331105593517154,1.2617760723899505,0.4146671044330672,0.7198922806969636,-0.3,47.19725257297226,4.849253731343284,2.123680215888008,1.3161241356046551,51.298950725138326,0.0,0.0,0.0,0.0,0.0,0.0,0.0,0.0,0.0,0.0,34.12904510333418,12.13273413692322,4.472719515832414,0.0,0.0,15.929943897949348,0.0,0.0,0.0,0.0,0.0,34.80455485814046,0.0,0.0,0.0,0.0,0.0,15.929943897949348,0.0,0.0,0.0,0.0,34.80455485814046,0.0,0.0,0.0,0.0,0.0,0.0,0.0,0.0,0.0,4.472719515832414,0.0,0.0,30.33183534230805,15.929943897949348,0.0,0.0,0.0,0.0,0.0,0.0,0.0,0.0,0.0,1.1342592592592595,9.971157407407407,0.0,7.0,0.0,0.0,0.0,0.0,0.0,1.0,0.0,1.0,0.0,0.0,1.0,0.0,0.0,0.0,0.0,1.0,2.4491000000000005,34.142,0.0,0.0,0.0,0.0,0.0,0.0,0.0,0.0,0.0,0.0,0.0,0.0,0.0,0.0,0.0,0.0,0.0,0.0,0.0,0.0,0.0,0.0,0.0,0.0,0.0,0.0,0.0,0.0,0.0,0.0,0.0,0.0,0.0,0.0,1.0,0.0,0.0,0.0,0.0,0.0,0.0,0.0,0.0,0.0,1.0,0.0,0.0,0.0,0.0,0.0,0.0,0.0,0.0,0.0,0.0,0.0,0.0,0.0,0.0,0.0,0.0,0.0,0.0,0.0,0.0,0.0,0.0,0.0,0.0,0.0,0.0,0.0,0.0,0.0,0.0,0.0,0.0,0.0,0.0,0.0,0.0,0.0,0.0,0.0,0.0
CID5391,CN1C(=O)C(O)N=C(c2ccccc2)c2cc(Cl)ccc21,0,1.0,0.0,0.0,,0.0,0.0,0.0,0,12.10548689846309,-1.4200170068027227,12.10548689846309,0.468052248677248,0.879421465403288,300.74500000000006,287.641,300.066555336,106.0,0.0,0.2780564602518028,-0.364126283077864,0.364126283077864,0.2780564602518028,1.1904761904761905,1.9047619047619049,2.619047619047619,2.2716729569381777,728.3117647975776,14.98276318419594,11.3240059726796,12.079934918698054,10.075387400469408,6.46493075881112,6.842895231820348,4.776126255531088,5.2125620360030736,3.4251441634208657,3.660241266208605,2.3554435284670134,2.527546552419881,-2.169999999999999,74196.39716106141,13.796676031583202,5.313400174373422,2.435662020065429,126.85661286480315,10.006437125691184,0.0,0.0,6.22790117073487,5.907179729351506,0.0,4.794537184071822,4.992404732635669,0.0,0.0,41.93277523254056,18.19910120538483,23.197208279812507,11.399071277454263,9.901064578912528,28.907190897038284,0.0,0.0,4.992404732635669,6.22790117073487,11.947581713527669,64.6804728448282,0.0,0.0,4.899909730850478,5.687386274683562,0.0,11.600939890232516,30.00096528037497,4.794537184071822,0.0,11.126902983393991,53.523341280328545,5.022633313741326,0.0,0.0,52.900000000000006,12.135080900086376,9.901064578912528,0.0,0.0,16.42170459119559,11.126902983393991,4.899909730850478,25.24677318806202,30.33183534230805,4.992404732635669,11.600939890232516,0.0,6.082253418857254,0.0,0.0,0.0,0.0,0.0,0.0,0.0,45.362191025587194,0.125,21.0,1.0,4.0,0.0,1.0,1.0,2.0,0.0,2.0,3.0,1.0,5.0,1.0,0.0,0.0,0.0,3.0,2.4722,82.94980000000002,0.0,1.0,1.0,0.0,0.0,0.0,0.0,0.0,0.0,0.0,1.0,1.0,0.0,0.0,1.0,2.0,0.0,0.0,0.0,1.0,0.0,0.0,0.0,0.0,0.0,0.0,0.0,1.0,0.0,1.0,0.0,0.0,0.0,0.0,2.0,1.0,1.0,0.0,0.0,0.0,0.0,0.0,0.0,0.0,1.0,0.0,0.0,0.0,0.0,0.0,0.0,0.0,0.0,0.0,0.0,0.0,0.0,0.0,0.0,0.0,0.0,0.0,0.0,0.0,0.0,0.0,0.0,0.0,0.0,0.0,0.0,0.0,0.0,0.0,0.0,0.0,0.0,0.0,0.0,0.0,0.0,0.0,0.0,0.0,0.0
CID5467,CCN(CC)CCNC(=O)c1cc(S(C)(=O)=O)ccc1OC,1,0.0,0.0,1.0,,1.0,0.0,0.0,1,12.25727135298564,-3.369455306756669,12.25727135298564,0.0992526979927777,0.7751498496172248,328.4340000000001,304.242,328.14567824799997,124.0,0.0,0.2546340595468739,-0.4959230067525303,0.4959230067525303,0.2546340595468739,1.2727272727272727,1.9090909090909092,2.409090909090909,2.8709303047363495,609.9685040496371,16.75071237662706,13.548932980134342,14.365429561062069,10.328247028185515,7.216686472686323,9.108098010744577,4.917038968168867,6.932774542911716,3.451736084321522,4.561974678258016,2.0577832308925186,2.704945792496014,-1.6,51752.40753772787,18.449019607843137,8.143304899821462,4.993710782028756,131.9260437142151,14.953561288656855,5.749511833283905,9.837253136417502,0.0,5.907179729351506,0.0,4.794537184071822,8.417796984328938,0.0,0.0,13.847474399381248,31.28861401720998,19.345281995336556,17.568732508492303,17.949197122200808,15.744432865769006,0.0,10.216698334856808,0.0,18.742957874899023,39.54459234843924,23.762552697081823,0.0,5.749511833283905,10.05365155780638,0.0,5.749511833283905,0.0,58.76947879297016,9.837253136417502,0.0,24.205463075150064,23.094584680902603,0.0,0.0,0.0,75.71000000000001,9.837253136417502,13.212334168400758,0.0,16.366114696566278,12.29426823919648,25.89003840124913,25.308898746662365,0.0,0.0,24.064172734238056,4.736862953800049,0.0,-3.369455306756669,0.0,0.0,0.0,0.0,0.0,0.0,23.21838737430999,36.734401265780015,0.5333333333333333,22.0,1.0,6.0,0.0,0.0,0.0,1.0,0.0,1.0,5.0,1.0,7.0,8.0,0.0,0.0,0.0,1.0,1.1702999999999997,86.22500000000005,0.0,0.0,0.0,0.0,0.0,0.0,0.0,0.0,0.0,0.0,1.0,1.0,0.0,0.0,0.0,1.0,1.0,0.0,0.0,1.0,0.0,0.0,0.0,0.0,0.0,0.0,0.0,1.0,0.0,0.0,0.0,0.0,0.0,0.0,1.0,0.0,0.0,0.0,0.0,0.0,0.0,1.0,0.0,0.0,0.0,0.0,0.0,0.0,0.0,0.0,0.0,0.0,0.0,0.0,0.0,1.0,0.0,0.0,0.0,0.0,0.0,0.0,0.0,0.0,0.0,0.0,0.0,0.0,0.0,0.0,0.0,0.0,0.0,0.0,0.0,0.0,0.0,1.0,0.0,0.0,0.0,0.0,0.0,0.0,0.0
CID72160,C[N@+]12CCCC[C@@H]1CCC(=C(c1cccs1)c1cccs1)C2,1,1.0,1.0,1.0,,0.0,1.0,1.0,1,2.5034230914588056,0.9077976190476188,2.5034230914588056,0.9077976190476188,0.6463690817459928,330.5420000000001,306.34999999999997,330.13446818808995,116.0,0.0,0.1012893387554094,-0.320105016202249,0.320105016202249,0.1012893387554094,1.0454545454545454,1.7727272727272727,2.409090909090909,1.7621098828573714,617.4362509345527,14.993353063746348,13.2549095290609,14.887902690916354,10.761768239492264,8.401807793172921,10.16111341568271,6.982567059580465,8.877955445578209,5.557934150763819,7.332650963078279,4.382862788418836,6.113514945079936,-0.9000000000000001,256250.32494889884,14.677107832165428,5.951803150948452,2.5955388437910916,141.05212694230266,4.483030857694624,6.544756405912575,0.0,0.0,0.0,0.0,0.0,0.0,0.0,22.67357175586947,12.13273413692322,54.14925069962835,21.74822054039787,19.634269217737724,4.483030857694624,28.24667628593874,0.0,0.0,0.0,38.14594894377801,20.13718479450234,50.35299273225013,0.0,0.0,0.0,0.0,0.0,22.67357175586947,30.662056481344926,0.0,0.0,41.85840250203265,40.598698344847534,0.0,5.573104530069267,0.0,0.0,0.0,0.0,0.0,0.0,0.0,6.041840829147961,59.430946171552414,11.146209060138537,22.67357175586947,42.073265797455456,0.0,0.0,3.7860894851767863,0.0,0.0,0.0,0.0,0.0,0.0,1.2872855253212396,32.59329165616864,0.4736842105263157,22.0,0.0,1.0,0.0,2.0,2.0,0.0,2.0,2.0,2.0,0.0,3.0,2.0,0.0,2.0,2.0,4.0,5.404400000000005,97.45140000000006,0.0,0.0,0.0,0.0,0.0,0.0,0.0,0.0,0.0,0.0,0.0,0.0,0.0,0.0,0.0,1.0,0.0,0.0,0.0,1.0,0.0,0.0,0.0,0.0,0.0,0.0,0.0,0.0,0.0,0.0,0.0,0.0,0.0,0.0,0.0,0.0,1.0,0.0,0.0,0.0,0.0,0.0,0.0,0.0,0.0,0.0,0.0,0.0,0.0,0.0,0.0,0.0,0.0,0.0,0.0,0.0,0.0,0.0,0.0,0.0,0.0,0.0,0.0,0.0,0.0,0.0,0.0,0.0,0.0,2.0,0.0,0.0,0.0,0.0,1.0,0.0,0.0,0.0,0.0,0.0,0.0,0.0,2.0,0.0,0.0
CID6883,O=[N+]([O-])O[C@H]1CO[C@H]2[C@@H]1OC[C@H]2O[N+](=O)[O-],0,0.0,0.0,0.0,,0.0,0.0,0.0,0,10.135881125598388,-0.9430042202066012,10.135881125598388,0.0477305366591078,0.4464104917907699,236.13599999999997,228.07199999999995,236.028065216,90.0,0.0,0.2944584241174712,-0.370589571982521,0.370589571982521,0.2944584241174712,0.9375,1.3125,1.625,1.9481182350126691,278.90366073218416,11.706742302257044,7.88402815384242,7.88402815384242,7.575387400469408,4.432101006709748,4.432101006709748,3.330833387356359,3.330833387356359,2.4054661129731696,2.4054661129731696,1.830944044408587,1.830944044408587,-1.68,5167.713714983656,10.825150352105474,4.058235634177362,1.9684168023237256,88.22050865473719,19.148903075073363,12.207932775496603,12.207932775496603,0.0,10.173238085865083,0.0,0.0,0.0,0.0,20.228636537531145,0.0,0.0,0.0,13.213763929025836,29.32214116093845,0.0,0.0,0.0,0.0,24.41586555099321,13.213763929025836,20.228636537531145,0.0,0.0,0.0,0.0,0.0,0.0,47.80286756588412,19.148903075073363,20.228636537531145,0.0,0.0,0.0,0.0,0.0,123.20000000000002,34.58910363685829,20.228636537531145,0.0,13.213763929025836,0.0,0.0,0.0,0.0,0.0,9.675177167473269,9.473725907600098,0.0,0.0,0.0,0.0,0.0,0.0,0.0,0.0,0.0,54.33333333333333,1.0,16.0,0.0,10.0,0.0,2.0,2.0,0.0,0.0,0.0,8.0,0.0,10.0,4.0,0.0,2.0,2.0,2.0,-1.0622000000000005,43.21480000000002,0.0,0.0,0.0,0.0,0.0,0.0,0.0,0.0,0.0,0.0,0.0,0.0,0.0,0.0,0.0,2.0,0.0,0.0,0.0,0.0,0.0,0.0,0.0,0.0,0.0,0.0,0.0,0.0,0.0,0.0,0.0,0.0,0.0,0.0,0.0,0.0,1.0,0.0,0.0,0.0,0.0,2.0,0.0,0.0,0.0,0.0,0.0,0.0,0.0,0.0,0.0,0.0,0.0,0.0,0.0,0.0,0.0,0.0,0.0,0.0,0.0,0.0,0.0,0.0,0.0,0.0,0.0,0.0,0.0,0.0,0.0,0.0,0.0,0.0,0.0,0.0,0.0,0.0,0.0,0.0,0.0,0.0,0.0,0.0,0.0
CID3117,CCN(CC)C(=S)SSC(=S)N(CC)CC,1,1.0,1.0,1.0,,1.0,1.0,1.0,1,5.341120559334845,0.920839002267574,5.341120559334845,0.920839002267574,0.5731348904238733,296.5520000000001,276.39200000000005,296.05093264,94.0,0.0,0.1469512998027304,-0.3573941017299303,0.3573941017299303,0.1469512998027304,0.75,1.0,1.1875,4.041784405967148,200.8589190857419,12.55204176387779,10.35584747760156,13.621833801312464,7.599284072575288,5.5237150319078925,8.490041527096679,3.0430618966044296,6.440025306611316,2.2275241501885508,5.9590137618538765,1.140309120830211,4.199059082202097,0.4799999999999999,2714.3052865680856,16.48,9.503950075898128,5.702690372404801,117.90714002929566,9.799819461700956,8.641068171117942,0.0,0.0,0.0,0.0,0.0,0.0,0.0,0.0,24.43574688609339,49.282744751535944,26.1790256236503,0.0,0.0,54.66461100998478,0.0,9.799819461700956,0.0,27.694948798762496,26.1790256236503,0.0,0.0,0.0,0.0,0.0,0.0,46.023542838866845,44.6199132564692,0.0,0.0,27.694948798762496,0.0,0.0,0.0,0.0,6.48,0.0,0.0,0.0,0.0,0.0,34.82009379476824,0.0,21.587795952773448,0.0,37.49476826046345,24.43574688609339,0.0,13.866315192743764,0.0,0.0,0.0,0.0,0.0,0.0,1.841678004535148,16.625340136054422,0.8,16.0,0.0,2.0,0.0,0.0,0.0,0.0,0.0,0.0,4.0,0.0,6.0,4.0,0.0,0.0,0.0,0.0,3.621200000000002,86.22000000000004,0.0,0.0,0.0,0.0,0.0,0.0,0.0,0.0,0.0,0.0,0.0,0.0,2.0,0.0,0.0,2.0,0.0,0.0,0.0,0.0,0.0,0.0,0.0,0.0,0.0,0.0,0.0,0.0,0.0,0.0,0.0,0.0,0.0,0.0,0.0,0.0,0.0,0.0,0.0,0.0,0.0,0.0,0.0,0.0,0.0,0.0,0.0,0.0,0.0,0.0,0.0,0.0,0.0,0.0,0.0,0.0,0.0,0.0,0.0,0.0,0.0,0.0,0.0,0.0,0.0,0.0,0.0,0.0,0.0,0.0,0.0,0.0,0.0,0.0,0.0,0.0,0.0,0.0,0.0,0.0,0.0,0.0,0.0,0.0,0.0
CID3821,CNC1(c2ccccc2Cl)CCCCC1=O,1,0.0,0.0,0.0,,0.0,0.0,0.0,1,12.178815507684554,-0.5589351851851851,12.178815507684554,0.2586574074074077,0.8571565291687987,237.7299999999999,221.60199999999995,237.092041812,86.0,0.0,0.1569472238412343,-0.3042859105636157,0.3042859105636157,0.1569472238412343,1.3125,2.0625,2.6875,2.483414674415516,404.6739969224984,11.596011838247808,9.424040964977785,10.17996991099624,7.704342574666895,5.677563432112719,6.055527905121946,4.265459480342074,4.67265960708268,3.442045125971919,3.771633347011965,2.5198093784202045,2.8168491827308193,-0.8600000000000001,5246.762601185034,11.620307839244283,4.559460216979955,1.763306183711028,100.99481727727748,5.316788604006331,5.538925252383345,5.783244946364939,0.0,0.0,0.0,4.794537184071822,0.0,0.0,0.0,36.22086271854336,31.519133788687817,11.443454936667337,0.0,4.794537184071822,17.384184836597456,0.0,5.316788604006331,0.0,31.22221174408738,7.04767198267719,34.85155307928476,0.0,0.0,5.316788604006331,0.0,0.0,11.600939890232516,12.830916929042129,10.333462436455168,0.0,31.246737983401033,24.26546827384644,5.022633313741326,0.0,0.0,29.1,5.538925252383345,4.794537184071822,0.0,5.783244946364939,11.443454936667337,24.825916360475023,0.0,0.0,31.313140256523628,5.316788604006331,11.600939890232516,0.0,6.198959278155707,0.0,0.0,0.0,0.0,0.0,0.0,0.0,29.66215183295541,0.4615384615384615,16.0,1.0,2.0,1.0,0.0,1.0,1.0,0.0,1.0,2.0,1.0,3.0,2.0,1.0,0.0,1.0,2.0,2.897800000000001,65.66470000000002,0.0,0.0,0.0,0.0,0.0,0.0,0.0,0.0,0.0,0.0,1.0,1.0,0.0,0.0,0.0,0.0,1.0,0.0,0.0,1.0,0.0,0.0,0.0,0.0,0.0,0.0,0.0,0.0,0.0,0.0,0.0,0.0,0.0,0.0,1.0,0.0,0.0,0.0,0.0,0.0,0.0,0.0,0.0,0.0,1.0,0.0,0.0,0.0,0.0,0.0,0.0,1.0,1.0,0.0,0.0,0.0,0.0,0.0,0.0,0.0,0.0,0.0,0.0,0.0,0.0,0.0,0.0,0.0,0.0,0.0,0.0,0.0,0.0,0.0,0.0,0.0,0.0,0.0,0.0,0.0,0.0,0.0,0.0,0.0,0.0
CID123606,CN(C)CCc1c[nH]c2ccc(CS(=O)(=O)N3CCCC3)cc12,0,0.0,0.0,0.0,,1.0,0.0,1.0,0,12.487978307867376,-3.1884452291719154,12.487978307867376,0.098452932098765,0.8803470485806123,335.4730000000002,310.2730000000001,335.16674804,126.0,0.0,0.2177812247796898,-0.3608889481747887,0.3608889481747887,0.2177812247796898,1.2173913043478262,1.9565217391304348,2.652173913043478,1.823931625071577,774.2324300330146,16.44938298937633,13.878320607455844,14.69481718838357,10.9543269253365,8.170184064902392,9.779349372428792,6.609503511649409,8.578404996764661,4.467678838437119,6.31774764173555,3.134432208770647,4.732341674774159,-1.37,219835.2228880085,16.486464513485423,6.628798902868981,3.761443231949283,137.88131918110852,9.883888251797686,0.0,0.0,10.023291153407584,0.0,0.0,0.0,12.72301297562517,0.0,0.0,6.06636706846161,56.617445954449614,36.73403772143186,5.752853606746789,8.417796984328938,20.92621608548864,0.0,14.18910424309392,0.0,25.01531847552482,33.729613183092106,35.5228477603919,0.0,0.0,0.0,0.0,0.0,0.0,56.336514410514965,22.196966383080383,0.0,23.968546229246012,24.395944776997904,0.0,10.902924932081056,0.0,56.41,10.023291153407584,8.417796984328938,0.0,5.752853606746789,13.08951281182515,42.273597698468656,5.563451491696996,4.305215991296234,24.395944776997904,23.979232217152067,0.0,0.0,-3.1884452291719154,0.0,0.0,0.0,0.0,0.0,0.0,26.60221637889928,27.169562183605972,0.5294117647058824,23.0,1.0,5.0,0.0,1.0,1.0,1.0,1.0,2.0,3.0,1.0,6.0,6.0,0.0,1.0,1.0,3.0,2.1975999999999996,93.98750000000004,0.0,0.0,0.0,0.0,0.0,1.0,1.0,0.0,0.0,0.0,0.0,0.0,0.0,0.0,0.0,2.0,1.0,0.0,0.0,1.0,0.0,1.0,0.0,0.0,0.0,0.0,0.0,0.0,0.0,0.0,0.0,0.0,0.0,0.0,1.0,0.0,1.0,0.0,0.0,0.0,0.0,0.0,0.0,0.0,0.0,0.0,0.0,0.0,0.0,0.0,0.0,0.0,0.0,0.0,0.0,0.0,0.0,0.0,0.0,0.0,0.0,0.0,0.0,0.0,0.0,0.0,0.0,0.0,0.0,0.0,0.0,0.0,0.0,0.0,0.0,0.0,1.0,0.0,0.0,0.0,0.0,0.0,0.0,0.0,0.0
CID47319,COc1ccc(CC2c3cc(OC)c(OC)cc3CC[N+]2(C)CCC(=O)OCCCCCOC(=O)CC[N+]2(C)CCc3cc(OC)c(OC)cc3C2Cc2ccc(OC)c(OC)c2)cc1OC,0,1.0,1.0,1.0,,0.0,1.0,0.0,0,13.199901200492214,-0.2150719209533098,13.199901200492214,0.0393444878417057,0.0383493961362308,929.161,856.5849999999997,928.50742858418,364.0,0.0,0.3110116240419581,-0.4928699784300538,0.4928699784300538,0.3110116240419581,0.4626865671641791,0.8059701492537313,1.164179104477612,0.987039976200582,2158.8365944094585,48.14104218694238,41.328211624639955,41.328211624639955,32.350227161872354,23.26919838410594,23.26919838410594,17.9853724740731,17.9853724740731,14.019868456705902,14.019868456705902,9.910317397093593,9.910317397093593,-5.86,385140155085402.4,50.55031902254603,23.238054717191165,12.003057148158993,396.572451556886,56.334691253389735,12.08368165829592,45.99609466627124,0.0,0.0,11.9386105759037,9.589074368143644,0.0,0.0,0.0,12.13273413692322,90.04720738325891,36.81018947509803,123.2081570941028,65.92376562153338,11.9386105759037,0.0,0.0,0.0,69.87107626463002,110.36651384825076,94.0443796347981,0.0,45.99609466627124,37.89490363040039,0.0,45.99609466627124,0.0,131.27118613954372,44.74608676744778,0.0,77.56849872310795,60.6636706846161,0.0,0.0,0.0,126.44000000000004,0.0,9.589074368143644,0.0,24.02229223419962,106.94871961421552,56.320523909849186,22.253805966787983,56.87838033022025,24.26546827384644,50.49354637612404,47.36862953800049,0.0,0.0,0.0,0.0,0.0,0.0,0.0,0.0,1.3157693089346731,142.5175640243987,0.5094339622641509,67.0,0.0,14.0,0.0,2.0,2.0,4.0,0.0,4.0,12.0,0.0,14.0,24.0,0.0,0.0,0.0,6.0,8.06550000000001,255.3217999999991,0.0,0.0,0.0,0.0,0.0,0.0,0.0,0.0,0.0,0.0,2.0,2.0,0.0,0.0,0.0,2.0,0.0,0.0,0.0,2.0,0.0,0.0,0.0,0.0,0.0,0.0,0.0,0.0,0.0,0.0,0.0,0.0,0.0,0.0,4.0,0.0,2.0,0.0,0.0,0.0,2.0,10.0,0.0,0.0,0.0,0.0,0.0,0.0,0.0,0.0,0.0,0.0,0.0,0.0,0.0,8.0,0.0,0.0,0.0,0.0,0.0,0.0,0.0,0.0,0.0,0.0,0.0,0.0,0.0,0.0,0.0,0.0,0.0,0.0,2.0,0.0,0.0,0.0,0.0,0.0,0.0,0.0,0.0,4.0,0.0
CID3356,O=C(NCC1CCCCN1)c1cc(OCC(F)(F)F)ccc1OCC(F)(F)F,1,1.0,0.0,0.0,,1.0,1.0,0.0,1,12.412735771073162,-4.633711059046106,12.412735771073162,0.0156533090993766,0.6715843719947417,414.34600000000006,394.186,414.13781182,158.0,0.0,0.4220670275888739,-0.4841012148196178,0.4841012148196178,0.4220670275888739,1.0714285714285714,1.75,2.357142857142857,2.106626262239118,657.2732946561474,20.7862462825598,14.751680254511289,14.751680254511289,13.033606621681471,8.581035273521321,8.581035273521321,6.322525627729658,6.322525627729658,3.910882329270227,3.910882329270227,2.6362734967846984,2.6362734967846984,-2.17,927019.4935257063,22.12261696447685,9.35168830382428,7.829161513005718,156.92148456816147,20.10730311561276,11.49902366656781,13.213763929025836,0.0,5.907179729351506,12.35259703488695,4.794537184071822,0.0,26.34249028604892,0.0,6.4208216229260096,37.58550085714943,12.586597235060536,5.563451491696996,40.61075337772084,5.907179729351506,0.0,10.633577208012662,0.0,37.65690273281294,26.303276740850983,23.762552697081823,0.0,11.49902366656781,20.10730311561276,26.34249028604892,11.49902366656781,0.0,50.60489433423741,0.0,0.0,29.620453544546844,18.19910120538483,0.0,0.0,0.0,59.59,37.223052526548194,31.137027470120746,0.0,23.899560560041436,0.0,44.00632248007543,0.0,0.0,0.0,20.10730311561276,0.0,0.0,0.0,0.0,0.0,0.0,0.0,0.0,0.0,74.13028708289664,19.869712917103342,0.5882352941176471,28.0,2.0,5.0,0.0,1.0,1.0,1.0,0.0,1.0,4.0,2.0,11.0,7.0,0.0,1.0,1.0,2.0,3.4407000000000014,87.51690000000005,0.0,0.0,0.0,0.0,0.0,0.0,0.0,0.0,0.0,0.0,1.0,1.0,0.0,0.0,0.0,0.0,2.0,0.0,0.0,0.0,0.0,0.0,0.0,0.0,0.0,6.0,0.0,1.0,0.0,0.0,0.0,0.0,0.0,0.0,1.0,0.0,0.0,0.0,0.0,0.0,0.0,2.0,0.0,0.0,6.0,0.0,0.0,0.0,0.0,0.0,0.0,0.0,0.0,0.0,0.0,0.0,0.0,0.0,0.0,0.0,0.0,0.0,0.0,0.0,0.0,0.0,0.0,0.0,0.0,1.0,0.0,0.0,0.0,0.0,0.0,0.0,0.0,0.0,0.0,0.0,0.0,0.0,0.0,0.0,0.0
CID216239,CNC(=O)c1cc(Oc2ccc(NC(=O)Nc3ccc(Cl)c(C(F)(F)F)c3)cc2)ccn1,1,1.0,0.0,1.0,,0.0,1.0,0.0,1,12.93887738071883,-4.641864625107676,12.93887738071883,0.0659389232541771,0.4613395020059931,464.8310000000002,448.70300000000015,464.086302712,166.0,0.0,0.4174184276868063,-0.457236902294498,0.457236902294498,0.4174184276868063,0.9375,1.59375,2.25,1.6244376001208218,1137.8789445127009,23.30275414050484,16.457319050824715,17.21324799684317,15.151216908830303,9.062991028319596,9.440955501328824,6.353856509713334,6.76105663645394,4.068618814162424,4.398207035202469,2.5829877408339534,2.807679149370679,-3.7899999999999983,9882757.49084646,22.885411148770917,9.563603314484585,5.883370444382855,185.11105638623687,20.68722876581904,17.19295166141627,0.0,0.0,5.907179729351506,12.207413029781549,9.77851570501903,4.794537184071822,13.17124514302446,0.0,11.600939890232516,48.53093654769288,30.685655172119,10.586084805438322,27.497182464968155,34.914006681289216,0.0,10.30076712495354,0.0,6.176298517443475,17.68124919068985,77.07415998805435,0.0,11.49902366656781,20.68722876581904,29.340554876463408,11.49902366656781,11.600939890232516,23.969944745313978,6.176298517443475,0.0,16.051916670617278,60.79414718776757,5.022633313741326,0.0,0.0,92.35,22.793497835219867,22.760319511168102,0.0,17.288493998883528,17.186409941251373,12.13273413692322,25.37724969121349,30.33183534230805,0.0,20.9343443329662,16.337802844032566,0.0,5.5680146154364545,0.0,0.0,0.0,0.0,0.0,0.0,38.81663214215649,49.97646435351817,0.0952380952380952,32.0,3.0,7.0,0.0,0.0,0.0,2.0,1.0,3.0,4.0,3.0,11.0,5.0,0.0,0.0,0.0,3.0,5.549700000000003,113.2386,0.0,0.0,0.0,0.0,0.0,1.0,0.0,0.0,0.0,0.0,2.0,2.0,0.0,0.0,0.0,1.0,3.0,0.0,0.0,0.0,0.0,0.0,0.0,0.0,0.0,3.0,0.0,3.0,0.0,2.0,0.0,0.0,0.0,0.0,2.0,0.0,0.0,0.0,0.0,0.0,0.0,1.0,0.0,0.0,4.0,0.0,0.0,0.0,0.0,0.0,0.0,0.0,0.0,0.0,0.0,0.0,0.0,0.0,0.0,0.0,0.0,0.0,0.0,0.0,0.0,0.0,0.0,0.0,0.0,0.0,0.0,0.0,0.0,1.0,0.0,0.0,0.0,0.0,0.0,0.0,0.0,0.0,0.0,0.0,1.0
CID54677972,Cc1cc(NC(=O)C2=C(O)c3ccccc3S(=O)(=O)N2C)no1,0,0.0,0.0,0.0,,0.0,0.0,0.0,0,12.487503516838832,-3.9241577433442503,12.487503516838832,0.0612680041152258,0.8593888562486871,335.3410000000001,322.237,335.05759151600006,120.0,0.0,0.2775791901155005,-0.50486154887111,0.50486154887111,0.2775791901155005,1.3478260869565215,2.0434782608695654,2.6956521739130435,2.0868272197468083,929.3943137789188,16.77565640300939,12.26963358476732,13.086130165695048,10.819404336325702,6.583588667828388,8.023651996629027,4.942834148764577,6.880515791553505,3.404465666746329,5.219923797788618,2.2829851107712305,3.680926756187566,-2.8100000000000005,168046.91473444315,15.09981630439396,5.12745478307545,2.343543844515755,131.60933486108948,14.946410935820383,5.760247418874442,17.274066962547035,0.0,15.930470882759089,0.0,9.099753175368056,8.417796984328938,0.0,0.0,17.289397394048667,19.056471336613843,18.677490542835795,4.895483475517775,22.841956500214813,27.507498532250292,0.0,9.46187924842168,0.0,11.8192206752084,12.36446058668352,47.35257356593531,0.0,0.0,5.316788604006331,5.817862777835028,0.0,0.0,35.94105533962002,14.817828337479405,6.923737199690624,11.323698910571435,45.44745306785501,0.0,5.759164871656176,0.0,112.74,21.689635754415264,18.318861563241462,0.0,21.97383705810563,5.760247418874442,4.305215991296234,25.246773188062026,19.056471336613843,0.0,10.473451861131776,4.523094936973348,0.0,-3.9241577433442503,0.0,0.0,0.0,0.0,0.0,0.0,30.546452304885065,37.96103877179251,0.1428571428571428,23.0,2.0,8.0,0.0,1.0,1.0,1.0,1.0,2.0,6.0,2.0,9.0,2.0,0.0,0.0,0.0,3.0,1.48242,80.80930000000004,0.0,1.0,1.0,0.0,0.0,1.0,0.0,0.0,0.0,0.0,1.0,1.0,0.0,0.0,0.0,2.0,1.0,0.0,0.0,1.0,0.0,0.0,0.0,0.0,0.0,0.0,0.0,1.0,0.0,1.0,1.0,0.0,0.0,0.0,1.0,0.0,1.0,0.0,0.0,0.0,0.0,0.0,0.0,0.0,0.0,0.0,0.0,0.0,0.0,0.0,0.0,0.0,0.0,0.0,0.0,0.0,0.0,0.0,0.0,0.0,0.0,0.0,0.0,0.0,0.0,0.0,0.0,0.0,0.0,0.0,0.0,0.0,0.0,0.0,0.0,0.0,1.0,0.0,0.0,0.0,0.0,0.0,0.0,0.0,0.0
CID5709,Cc1cc(C(C)(C)C)cc(C)c1CC1=NCCN1,1,0.0,0.0,0.0,,1.0,1.0,1.0,1,4.489925004724112,0.2194209813555052,4.489925004724112,0.2194209813555052,0.8488884472652752,244.38199999999995,220.18999999999997,244.193948768,98.0,0.0,0.1008598464686435,-0.3716994496100619,0.3716994496100619,0.1008598464686435,1.1666666666666667,1.7777777777777777,2.2222222222222223,2.318163404131194,455.35570706987687,13.336498814253964,12.223234477438854,12.223234477438854,8.376028663351635,6.755195273925891,6.755195273925891,6.2705637787657205,6.2705637787657205,3.6498035068458954,3.6498035068458954,2.438060352576364,2.438060352576364,-1.31,11747.93323049276,13.129450737706517,4.753017218495077,2.7414745192984147,110.520177779402,5.316788604006331,5.835619785757269,0.0,0.0,0.0,0.0,4.992404732635669,0.0,0.0,0.0,32.903945735995094,41.516270835566,12.965578028838586,6.544756405912575,0.0,5.835619785757269,0.0,5.316788604006331,4.992404732635669,46.454498090775914,13.08951281182515,34.386540103711205,0.0,0.0,5.316788604006331,0.0,0.0,0.0,18.92513259758242,11.83581209232279,13.847474399381248,43.025017565859855,17.12513886955889,0.0,0.0,0.0,24.39,0.0,0.0,0.0,5.41499046939678,0.0,25.345954220508432,22.253805966787983,0.0,0.0,57.06061347201834,0.0,0.0,0.0,0.0,0.0,0.0,0.0,0.0,0.0,0.0,33.58333333333333,0.5625,18.0,1.0,2.0,0.0,1.0,1.0,1.0,0.0,1.0,2.0,1.0,2.0,2.0,0.0,0.0,0.0,2.0,3.1451400000000014,78.62470000000005,0.0,0.0,0.0,0.0,0.0,0.0,0.0,0.0,0.0,0.0,0.0,0.0,0.0,0.0,1.0,1.0,1.0,0.0,0.0,0.0,0.0,0.0,0.0,0.0,0.0,0.0,0.0,0.0,1.0,0.0,2.0,0.0,0.0,0.0,1.0,0.0,0.0,0.0,0.0,0.0,0.0,0.0,0.0,0.0,0.0,0.0,0.0,0.0,0.0,0.0,0.0,0.0,0.0,0.0,0.0,0.0,0.0,0.0,0.0,0.0,0.0,0.0,0.0,0.0,0.0,0.0,0.0,0.0,0.0,0.0,0.0,0.0,0.0,0.0,0.0,0.0,0.0,0.0,0.0,0.0,0.0,0.0,0.0,0.0,0.0
CID47528,O=C(NCCO[N+](=O)[O-])c1cccnc1,1,0.0,0.0,0.0,,0.0,0.0,0.0,1,11.312827853363569,-0.9065189594356268,11.312827853363569,0.0780829554043838,0.4205636945214959,211.177,202.10499999999996,211.059305768,80.0,0.0,0.2940608949014624,-0.3500469895887093,0.3500469895887093,0.2940608949014624,1.6666666666666667,2.466666666666667,3.066666666666667,2.282270098685993,340.9998353379908,11.096011838247808,7.751034991986968,7.751034991986968,7.198377302757662,4.154489943275799,4.154489943275799,2.5544316279156334,2.5544316279156334,1.5080411868293848,1.5080411868293848,0.8838766938102657,0.8838766938102657,-2.1799999999999997,2437.830919319744,10.898003120124804,5.529158500897423,4.028918378975259,85.17782117876975,10.154377187742964,6.606881964512918,0.0,0.0,10.993798772284048,0.0,9.77851570501903,0.0,0.0,10.114318268765572,0.0,12.13273413692322,18.93844354913873,5.563451491696996,14.718744810740995,5.907179729351506,0.0,10.30076712495354,0.0,0.0,13.151638370425491,40.20419104061193,0.0,0.0,5.316788604006331,0.0,0.0,0.0,29.12941566365675,4.8375885837366335,10.114318268765572,10.357988675768818,24.526421280149375,0.0,0.0,0.0,94.36,5.086619042932543,14.908855452837392,0.0,19.058818099777,5.563451491696996,0.0,6.196843571613076,18.3295777085363,0.0,15.138355708690174,0.0,0.0,0.0,0.0,0.0,0.0,0.0,0.0,0.0,0.0,46.33333333333333,0.25,15.0,1.0,7.0,0.0,0.0,0.0,0.0,1.0,1.0,5.0,1.0,7.0,5.0,0.0,0.0,0.0,1.0,0.0196999999999998,49.51660000000002,0.0,0.0,0.0,0.0,0.0,1.0,0.0,0.0,0.0,0.0,1.0,1.0,0.0,0.0,0.0,2.0,1.0,0.0,0.0,0.0,0.0,0.0,0.0,0.0,0.0,0.0,0.0,1.0,0.0,0.0,0.0,0.0,0.0,0.0,0.0,0.0,0.0,0.0,0.0,0.0,0.0,0.0,0.0,0.0,0.0,0.0,0.0,0.0,0.0,0.0,0.0,0.0,0.0,0.0,0.0,0.0,0.0,0.0,0.0,0.0,0.0,0.0,0.0,0.0,0.0,0.0,0.0,0.0,0.0,0.0,0.0,0.0,0.0,1.0,0.0,0.0,0.0,0.0,0.0,0.0,0.0,0.0,0.0,1.0,0.0
CID54677971,CN1C(C(=O)Nc2ccccn2)=C(O)c2sccc2S1(=O)=O,1,0.0,0.0,0.0,,0.0,0.0,0.0,1,12.369684586797682,-3.8521785766775847,12.369684586797682,0.0075128600823042,0.8677133347559903,337.38200000000006,326.29400000000004,337.019097832,114.0,0.0,0.277521197361132,-0.504204162177101,0.504204162177101,0.277521197361132,1.3636363636363635,2.136363636363636,2.8181818181818183,2.060666749584648,871.699980970591,15.905412915006313,11.346983853956946,12.979977015812398,10.425557486208348,6.150898696279715,8.47061483633525,4.4528255333040105,7.306623253928228,3.143388329361733,5.993396746642273,2.060399649248589,4.615264923681649,-2.39,123740.03282124568,14.54322777837141,5.108907741732905,2.1433952203281574,130.1390704472582,10.423315998847038,10.713346253352803,11.456204184712009,0.0,15.930470882759089,0.0,9.099753175368056,13.401775505276143,0.0,11.336785877934735,6.06636706846161,23.579163975850744,13.244515554290269,4.877147193701299,18.318861563241462,38.844284410185026,0.0,9.289194512243444,0.0,4.895483475517775,12.36446058668352,46.41656112268256,0.0,0.0,5.316788604006331,5.817862777835028,0.0,11.336785877934735,35.76837060344178,14.817828337479405,0.0,4.877147193701299,46.43489740449904,0.0,5.759164871656176,0.0,99.6,15.930470882759089,18.318861563241462,0.0,27.04669763176611,0.0,15.64200186923097,19.310882622751876,23.579163975850747,0.0,10.30076712495354,0.0,0.0,-2.796248923952297,0.0,0.0,0.0,0.0,0.0,0.0,25.51284139581759,38.53340752813472,0.0769230769230769,22.0,2.0,7.0,0.0,1.0,1.0,0.0,2.0,2.0,6.0,2.0,9.0,2.0,0.0,0.0,0.0,3.0,1.6425,81.68330000000003,0.0,1.0,1.0,0.0,0.0,1.0,0.0,0.0,0.0,0.0,1.0,1.0,0.0,0.0,0.0,2.0,1.0,0.0,0.0,1.0,0.0,0.0,0.0,0.0,0.0,0.0,0.0,1.0,0.0,1.0,0.0,0.0,0.0,0.0,0.0,0.0,1.0,0.0,0.0,0.0,0.0,0.0,0.0,0.0,0.0,0.0,0.0,0.0,0.0,0.0,0.0,0.0,0.0,0.0,0.0,0.0,0.0,0.0,0.0,0.0,0.0,0.0,0.0,0.0,0.0,0.0,0.0,0.0,0.0,0.0,0.0,0.0,0.0,1.0,0.0,0.0,1.0,0.0,0.0,0.0,0.0,0.0,1.0,0.0,0.0
CID60947,CCCCS(=O)(=O)N[C@@H](Cc1ccc(OCCCCC2CCNCC2)cc1)C(=O)O,0,0.0,0.0,0.0,,1.0,0.0,0.0,0,12.023544214209608,-3.601087932491708,12.023544214209608,0.0578438628537831,0.3843022048921749,440.6060000000003,404.3180000000002,440.23449325199994,170.0,0.0,0.321573702366378,-0.4936014794700095,0.4936014794700095,0.321573702366378,1.2,1.9,2.533333333333333,1.7396898465462411,730.399716832882,21.821780188492532,17.9378380371956,18.754334618123327,14.392978629188176,11.046140425026095,12.698405651346253,8.06679406525274,9.940240368319254,5.483874811619307,6.953641978040351,3.642358244501597,5.046567092306351,-1.64,3766605.805318876,24.627839244481727,12.919619041819937,9.447828505342487,180.19444713769127,15.160178952647083,11.791352662431866,0.0,10.023291153407584,0.0,5.969305287951849,4.794537184071822,13.139891848781026,0.0,0.0,31.898114582465865,75.22853422416281,0.0,12.359735571259709,23.05572451704151,15.992596441359431,0.0,10.03888346845842,5.917906046161393,64.33215101224668,25.449248383084857,29.828919765543436,0.0,5.749511833283905,14.775746422258468,0.0,5.749511833283905,0.0,50.984718879354304,21.238649960405414,5.917906046161393,57.43294005186969,24.26546827384644,0.0,0.0,0.0,104.73,22.034437270507397,18.318861563241462,0.0,12.1736752296728,13.027703587438928,43.162025428819454,25.68328649170404,12.13273413692322,19.056471336613843,10.03888346845842,4.736862953800049,0.0,-3.601087932491708,0.0,0.0,0.0,0.0,0.0,0.0,24.047088428419215,51.63733283740582,0.6818181818181818,30.0,3.0,7.0,0.0,1.0,1.0,1.0,0.0,1.0,5.0,3.0,8.0,14.0,0.0,1.0,1.0,2.0,2.9505,118.34000000000007,1.0,0.0,0.0,0.0,0.0,0.0,0.0,0.0,1.0,1.0,1.0,0.0,0.0,0.0,0.0,0.0,2.0,0.0,0.0,0.0,0.0,0.0,0.0,0.0,0.0,0.0,0.0,0.0,0.0,0.0,0.0,0.0,0.0,0.0,1.0,0.0,0.0,0.0,0.0,0.0,0.0,1.0,0.0,0.0,0.0,0.0,0.0,0.0,0.0,0.0,0.0,0.0,0.0,0.0,0.0,0.0,0.0,0.0,0.0,0.0,0.0,0.0,0.0,0.0,0.0,0.0,0.0,0.0,0.0,1.0,0.0,0.0,0.0,0.0,0.0,0.0,1.0,0.0,0.0,0.0,0.0,0.0,0.0,2.0,0.0
CID6116,CC(=O)[O-],0,0.0,0.0,0.0,,0.0,0.0,1.0,0,8.88888888888889,-1.0833333333333333,8.88888888888889,0.972222222222222,0.3497740223042638,59.044,56.02,59.01385291591001,24.0,0.0,0.0382785989211397,-0.5504770280073037,0.5504770280073037,0.0382785989211397,2.0,2.0,2.0,2.803039487674051,27.019550008653873,3.5773502691896257,2.3164965809277263,2.3164965809277263,1.7320508075688772,0.9082482904638632,0.9082482904638632,0.4915816237971964,0.4915816237971964,0.0,0.0,0.0,0.0,-0.53,3.2451124978365313,3.47,0.8748582995951415,1.1560092559629749,24.059948994465937,9.901064578912528,0.0,0.0,0.0,0.0,0.0,0.0,0.0,0.0,0.0,0.0,6.923737199690624,5.969305287951849,0.0,9.901064578912528,5.969305287951849,0.0,0.0,0.0,6.923737199690624,0.0,0.0,0.0,0.0,5.106527394840706,0.0,0.0,0.0,5.969305287951849,4.794537184071822,0.0,6.923737199690624,0.0,0.0,0.0,0.0,40.129999999999995,5.969305287951849,0.0,0.0,0.0,0.0,6.923737199690624,0.0,0.0,0.0,0.0,9.901064578912528,0.0,0.0,0.0,0.0,0.0,0.0,0.0,0.0,0.0,17.666666666666668,0.5,4.0,0.0,2.0,0.0,0.0,0.0,0.0,0.0,0.0,2.0,0.0,2.0,0.0,0.0,0.0,0.0,0.0,-1.2438,10.681,1.0,0.0,0.0,0.0,0.0,0.0,0.0,0.0,1.0,1.0,1.0,1.0,0.0,0.0,0.0,0.0,0.0,0.0,0.0,0.0,0.0,0.0,0.0,0.0,0.0,0.0,0.0,0.0,0.0,0.0,0.0,0.0,0.0,0.0,0.0,0.0,0.0,0.0,0.0,0.0,0.0,0.0,0.0,0.0,0.0,0.0,0.0,0.0,0.0,0.0,0.0,0.0,0.0,0.0,0.0,0.0,0.0,0.0,0.0,0.0,0.0,0.0,0.0,0.0,0.0,0.0,0.0,0.0,0.0,0.0,0.0,0.0,0.0,0.0,0.0,0.0,0.0,0.0,0.0,0.0,0.0,0.0,0.0,0.0,0.0
CID3958,O=C1Nc2ccc(Cl)cc2C(c2ccccc2Cl)=NC1O,0,1.0,0.0,0.0,,1.0,1.0,0.0,0,11.789372952884856,-1.4977330561854376,11.789372952884856,0.4203240740740743,0.847697894583369,321.163,311.08299999999997,320.01193292,106.0,0.0,0.2757135689079535,-0.3641320778230255,0.3641320778230255,0.2757135689079535,1.0952380952380951,1.8571428571428572,2.619047619047619,2.26892535252096,759.0888790908208,14.98276318419594,10.67740658099924,12.189264473036152,10.058550648063802,6.176152470982485,6.93208141700094,4.510377961098409,5.354013868310998,3.1094747349565592,3.6741600587843433,2.1370080964316513,2.5343477678273003,-1.8799999999999992,69580.86284980763,14.073964359504131,5.483862253091111,2.6540649291266583,130.58496549069287,10.423315998847038,0.0,0.0,6.22790117073487,5.907179729351506,0.0,4.794537184071822,4.992404732635669,0.0,0.0,41.40098098584986,24.26546827384644,21.172169610876644,11.399071277454263,9.901064578912528,40.5081307872708,0.0,0.0,4.992404732635669,6.22790117073487,5.316788604006331,63.63673909010791,0.0,0.0,5.316788604006331,5.687386274683562,0.0,23.20187978046503,22.953293297697783,4.794537184071822,0.0,11.126902983393991,47.45697421186694,10.045266627482652,0.0,0.0,61.69,12.135080900086376,9.901064578912528,0.0,0.0,32.571240888330905,0.0,0.0,42.46456947923127,0.0,10.309193336642,23.20187978046503,0.0,12.232550880434475,0.0,0.0,0.0,0.0,0.0,0.0,0.0,41.48967134178775,0.0666666666666666,21.0,2.0,4.0,0.0,1.0,1.0,2.0,0.0,2.0,3.0,2.0,6.0,1.0,0.0,0.0,0.0,3.0,3.1013000000000015,83.17950000000002,0.0,1.0,1.0,0.0,0.0,0.0,0.0,0.0,0.0,0.0,1.0,1.0,0.0,0.0,1.0,1.0,1.0,0.0,0.0,0.0,0.0,0.0,0.0,0.0,0.0,0.0,0.0,1.0,0.0,1.0,0.0,0.0,0.0,0.0,2.0,1.0,1.0,0.0,0.0,0.0,0.0,0.0,0.0,0.0,2.0,0.0,0.0,0.0,0.0,0.0,0.0,0.0,0.0,0.0,0.0,0.0,0.0,0.0,0.0,0.0,0.0,0.0,0.0,0.0,0.0,0.0,0.0,0.0,0.0,0.0,0.0,0.0,0.0,0.0,0.0,0.0,0.0,0.0,0.0,0.0,0.0,0.0,0.0,0.0,0.0
CID2789,CN1C(=O)CC(=O)N(c2ccccc2)c2cc(Cl)ccc21,1,1.0,1.0,0.0,,1.0,1.0,0.0,1,12.480075585789873,-0.2647530864197531,12.480075585789873,0.1689550264550265,0.7576569223589451,300.74500000000006,287.641,300.066555336,106.0,0.0,0.2405680426641756,-0.3130382635209842,0.3130382635209842,0.2405680426641756,0.9523809523809524,1.6666666666666667,2.380952380952381,2.237193698812964,715.4718451602737,14.98276318419594,11.414797179640424,12.17072612565888,10.075387400469408,6.518302366640422,6.89626683964965,4.8272664113054,5.263702191777385,3.4800639692224453,3.715161072010184,2.415159783715143,2.581503338756439,-2.3299999999999987,71190.11124671905,13.643835157913813,5.2201165206274105,2.3830286117828967,127.08841239699416,4.899909730850478,6.4208216229260096,0.0,11.814359458703011,0.0,0.0,14.488984098994122,0.0,0.0,0.0,29.800041095617345,30.33183534230805,17.75769157110208,11.374772549367124,9.589074368143644,40.47745817298621,0.0,0.0,0.0,6.4208216229260096,16.847491444378146,53.553569861434205,0.0,0.0,9.799819461700956,17.062158824050687,0.0,11.600939890232516,18.8620314413802,9.589074368143644,0.0,6.4208216229260096,48.53093654769288,5.022633313741326,0.0,0.0,40.620000000000005,0.0,9.589074368143644,0.0,18.23518108162902,22.08479213779201,0.0,4.899909730850478,30.146682918912497,30.33183534230805,0.0,11.600939890232516,0.0,6.073112734805855,0.0,0.0,0.0,0.0,0.0,0.0,0.0,45.537998376305275,0.125,21.0,0.0,4.0,0.0,1.0,1.0,2.0,0.0,2.0,2.0,0.0,5.0,1.0,0.0,0.0,0.0,3.0,3.3712000000000018,83.06700000000002,0.0,0.0,0.0,0.0,0.0,0.0,0.0,0.0,0.0,0.0,2.0,2.0,0.0,0.0,0.0,2.0,0.0,0.0,0.0,0.0,0.0,0.0,0.0,0.0,0.0,0.0,0.0,2.0,0.0,3.0,0.0,0.0,0.0,0.0,2.0,0.0,1.0,0.0,0.0,0.0,0.0,0.0,0.0,0.0,1.0,0.0,0.0,0.0,0.0,0.0,0.0,0.0,0.0,0.0,0.0,0.0,0.0,0.0,0.0,0.0,0.0,0.0,0.0,0.0,1.0,0.0,0.0,0.0,0.0,0.0,0.0,0.0,0.0,0.0,0.0,0.0,0.0,0.0,0.0,0.0,0.0,0.0,0.0,0.0,0.0
CID4034,Cc1cccc(CN2CCN(C(c3ccccc3)c3ccc(Cl)cc3)CC2)c1,0,1.0,1.0,1.0,,1.0,1.0,1.0,0,6.135091818196514,0.2773948097757617,6.135091818196514,0.2773948097757617,0.5626410757187412,390.9580000000002,363.74200000000013,390.186276544,144.0,0.0,0.060220250944624,-0.2965419925923559,0.2965419925923559,0.060220250944624,0.7857142857142857,1.4642857142857142,2.142857142857143,1.484664589559198,883.9361145728091,19.34672421487486,16.390829338596646,17.146758284615103,13.68667318580106,10.012641628733656,10.390606101742886,7.665940803162654,8.102376583634639,5.561749141228225,5.813725456567711,4.142838392748846,4.268826550418588,-2.129999999999999,3439660.1277282545,19.197931224008727,8.914318602802975,4.640366172880555,172.91728874616047,0.0,0.0,0.0,0.0,0.0,0.0,9.799819461700956,0.0,0.0,0.0,83.89442913500723,35.74682581170483,37.7464153433042,6.041840829147961,0.0,11.600939890232516,0.0,9.799819461700956,0.0,19.51033443475116,26.1790256236503,106.13921117053027,0.0,0.0,0.0,0.0,0.0,11.600939890232516,35.97884508535126,6.544756405912575,6.923737199690624,28.29564679593594,78.86277189000094,5.022633313741326,0.0,0.0,6.48,0.0,0.0,0.0,6.041840829147961,0.0,37.7464153433042,22.253805966787983,0.0,12.13273413692322,83.45359441446931,11.600939890232516,0.0,6.135091818196514,0.0,0.0,0.0,0.0,0.0,0.0,0.0,47.14268595958127,0.28,28.0,0.0,2.0,0.0,1.0,1.0,3.0,0.0,3.0,2.0,0.0,3.0,5.0,0.0,1.0,1.0,4.0,5.555620000000006,117.76600000000003,0.0,0.0,0.0,0.0,0.0,0.0,0.0,0.0,0.0,0.0,0.0,0.0,0.0,0.0,0.0,2.0,0.0,0.0,0.0,0.0,0.0,0.0,0.0,0.0,0.0,0.0,0.0,0.0,0.0,0.0,1.0,0.0,0.0,0.0,3.0,0.0,0.0,0.0,0.0,0.0,0.0,0.0,0.0,0.0,1.0,0.0,0.0,0.0,0.0,0.0,0.0,0.0,0.0,0.0,0.0,0.0,0.0,0.0,0.0,0.0,0.0,0.0,0.0,0.0,0.0,0.0,0.0,0.0,0.0,0.0,1.0,0.0,0.0,0.0,0.0,0.0,0.0,0.0,0.0,0.0,0.0,0.0,0.0,0.0,0.0
CID4008,COC(=O)C1=C(C)NC(C)=C(C(=O)OCCN2CCN(C(c3ccccc3)c3ccccc3)CC2)C1c1cccc([N+](=O)[O-])c1,1,1.0,1.0,1.0,,1.0,1.0,1.0,1,13.615589805878688,-0.886526499689656,13.615589805878688,0.1396463213037195,0.1934475153249032,610.7110000000002,572.4070000000004,610.2791349360001,234.0,0.0,0.3362968776390067,-0.4655800563752146,0.4655800563752146,0.3362968776390067,0.8666666666666667,1.4444444444444444,2.0,1.2572042477940537,1557.077985937195,31.923710005134964,25.771375523436355,25.771375523436355,21.77809600087664,15.027622978303746,15.027622978303746,11.216473331343543,11.216473331343543,8.443269725603988,8.443269725603988,6.271452552177878,6.271452552177878,-4.799999999999999,11974712773.958063,31.619401732151264,14.321174491267428,7.13409645652723,262.63137901055626,14.790514511606428,6.606881964512918,0.0,0.0,5.687386274683562,11.9386105759037,19.91413773046653,9.589074368143644,0.0,0.0,72.79640482153933,30.537828874472233,56.25059479259776,35.1390645255431,23.98611132456141,17.62599685058726,0.0,15.116608065707286,0.0,25.807221274690605,46.44046153535332,134.27409938856934,0.0,0.0,5.316788604006331,5.687386274683562,0.0,0.0,73.10220262177565,19.06280027574374,10.114318268765572,42.49757574978159,107.46942664471278,0.0,0.0,0.0,114.25,22.779827670882764,19.703392636909214,0.0,29.482318128482977,23.502286523721235,26.1790256236503,36.435801730056355,19.913841467842857,12.13273413692322,63.64754461340016,9.473725907600098,0.0,0.0,0.0,0.0,0.0,0.0,0.0,0.0,0.0,105.83333333333331,0.3142857142857143,45.0,1.0,10.0,0.0,2.0,2.0,3.0,0.0,3.0,9.0,1.0,10.0,10.0,0.0,1.0,1.0,5.0,4.953000000000005,170.0880999999995,0.0,0.0,0.0,0.0,0.0,0.0,0.0,0.0,0.0,0.0,2.0,2.0,0.0,0.0,0.0,3.0,1.0,0.0,0.0,0.0,0.0,0.0,0.0,0.0,0.0,0.0,2.0,0.0,0.0,0.0,0.0,0.0,0.0,0.0,3.0,0.0,0.0,0.0,1.0,0.0,2.0,2.0,0.0,0.0,0.0,0.0,0.0,0.0,0.0,0.0,0.0,0.0,0.0,0.0,0.0,1.0,0.0,0.0,1.0,1.0,1.0,0.0,0.0,0.0,0.0,0.0,0.0,0.0,0.0,0.0,1.0,0.0,0.0,0.0,0.0,0.0,0.0,0.0,0.0,0.0,0.0,0.0,0.0,0.0,0.0
CID2663,CCN(CC)C(=O)Nc1ccc(OCC(O)CNC(C)(C)C)c(C(C)=O)c1,1,1.0,0.0,1.0,,0.0,0.0,1.0,1,12.167350024472174,-0.702704561635388,12.167350024472174,0.064000985035888,0.5740604449563793,379.5010000000002,346.23700000000014,379.247106536,152.0,0.0,0.3213189594892881,-0.4900795724208332,0.4900795724208332,0.3213189594892881,1.2222222222222223,1.851851851851852,2.3703703703703702,2.7871583156014084,636.6042613427059,20.61251969619286,17.257000263896202,17.257000263896202,12.567899224827368,9.337606195428105,9.337606195428105,7.465296065412601,7.465296065412601,3.960022988907137,3.960022988907137,2.3909809873687564,2.3909809873687564,-2.12,438030.5386809939,22.920192926045015,10.275273966837805,7.967260498054768,161.63097394025937,25.37687728750389,18.460360185545127,5.783244946364939,0.0,0.0,6.031114512338072,4.794537184071822,4.794537184071822,0.0,0.0,0.0,59.741524403528565,30.860580744804636,5.563451491696996,19.4324647167844,17.501745733386574,0.0,10.216698334856808,0.0,53.185314838275374,31.557939786256977,23.762552697081823,0.0,5.749511833283905,15.37044016181271,10.481923458755384,5.749511833283905,0.0,59.70483940677648,0.0,0.0,51.90041187391255,18.19910120538483,0.0,0.0,0.0,90.9,6.103966387748303,14.69560176298435,0.0,23.960166675599275,36.63461881740219,0.0,6.923737199690624,23.099010936235302,34.61868599845312,10.633577208012662,4.736862953800049,0.0,0.0,0.0,0.0,0.0,0.0,0.0,0.0,0.0,65.41666666666667,0.6,27.0,3.0,7.0,0.0,0.0,0.0,1.0,0.0,1.0,5.0,3.0,7.0,9.0,0.0,0.0,0.0,1.0,2.8907000000000007,107.64370000000008,0.0,1.0,1.0,0.0,0.0,0.0,0.0,0.0,0.0,0.0,2.0,2.0,0.0,1.0,0.0,1.0,2.0,0.0,0.0,0.0,0.0,0.0,0.0,0.0,0.0,0.0,0.0,2.0,0.0,1.0,0.0,0.0,0.0,0.0,1.0,0.0,0.0,0.0,0.0,0.0,0.0,1.0,0.0,0.0,0.0,0.0,0.0,0.0,0.0,0.0,0.0,1.0,1.0,0.0,0.0,0.0,0.0,0.0,0.0,0.0,0.0,0.0,0.0,0.0,0.0,0.0,0.0,0.0,0.0,0.0,0.0,0.0,0.0,0.0,0.0,0.0,0.0,0.0,0.0,0.0,0.0,0.0,0.0,0.0,1.0
CID5323714,O=C1OCCN1/N=C/c1ccc([N+](=O)[O-])o1,1,0.0,0.0,0.0,,0.0,0.0,0.0,1,10.96008204207609,-0.6513310185185186,10.96008204207609,0.2003703703703705,0.4333097720182961,225.16,218.104,225.038570324,84.0,0.0,0.4330616376615302,-0.4461745240714037,0.4461745240714037,0.4330616376615302,1.5625,2.375,2.9375,2.0507091679266773,452.2811888785661,11.543605595440512,8.029146608761163,8.029146608761163,7.664703797946449,4.39131907557438,4.39131907557438,2.915192553490336,2.915192553490336,1.856278731041227,1.856278731041227,1.1264120874567505,1.1264120874567505,-2.38,6605.071802803987,10.148481681859268,4.007691552183006,1.996626866817676,89.23300491597992,9.154013890853395,11.530193013330589,5.760247418874442,0.0,0.0,11.977422272799425,10.114318268765572,4.794537184071822,10.110320049694256,0.0,0.0,6.06636706846161,0.0,18.8257240539095,18.871862123742886,18.19202285233474,0.0,5.008912523954532,5.101407525739723,0.0,13.151638370425491,28.007299824563233,0.0,0.0,0.0,10.67871938593283,0.0,0.0,35.39170259367143,4.736862953800049,10.114318268765572,5.760247418874442,21.65129259971629,0.0,0.0,0.0,98.18,11.016551119756086,14.908855452837392,0.0,18.25131158524837,6.544756405912575,5.008912523954532,18.347334716458537,0.0,0.0,9.838270479539773,4.417150937053347,0.0,0.0,0.0,0.0,0.0,0.0,0.0,0.0,4.812952569916856,44.18704743008315,0.25,16.0,0.0,8.0,0.0,1.0,1.0,0.0,1.0,1.0,6.0,0.0,8.0,3.0,0.0,1.0,1.0,2.0,0.9739,51.01040000000001,0.0,0.0,0.0,0.0,0.0,0.0,0.0,0.0,0.0,0.0,1.0,1.0,0.0,0.0,0.0,3.0,0.0,0.0,0.0,0.0,0.0,0.0,0.0,0.0,0.0,0.0,0.0,1.0,0.0,0.0,0.0,0.0,0.0,0.0,0.0,0.0,0.0,0.0,0.0,0.0,0.0,1.0,1.0,0.0,0.0,0.0,1.0,0.0,0.0,0.0,0.0,0.0,0.0,0.0,1.0,0.0,0.0,0.0,1.0,0.0,0.0,0.0,0.0,0.0,0.0,0.0,0.0,0.0,0.0,0.0,0.0,0.0,0.0,0.0,0.0,0.0,0.0,0.0,0.0,0.0,0.0,0.0,0.0,0.0,0.0
CID5781,O=C1NC(=O)C(=O)C(=O)N1,0,0.0,0.0,0.0,,0.0,0.0,0.0,0,10.294351851851852,-1.2503703703703704,10.294351851851852,0.9633333333333332,0.3795018952803318,142.07,140.05399999999997,142.001456544,52.0,0.0,0.3283228141812264,-0.2774810683973611,0.3283228141812264,0.2774810683973611,0.8,1.2,1.6,2.859596151921569,221.64214629221044,7.723614639131599,4.6329931618554525,4.6329931618554525,4.6090609052806215,2.3164965809277263,2.3164965809277263,1.5664965809277265,1.5664965809277265,0.8665816237971964,0.8665816237971964,0.4541241452319315,0.4541241452319315,-1.7200000000000002,153.18156034003755,6.400772946859902,1.903942959606998,0.8585608360991452,54.57405898488128,0.0,0.0,0.0,0.0,0.0,23.628718917406022,25.017188760228127,4.794537184071822,0.0,0.0,0.0,0.0,0.0,0.0,19.178148736287287,23.628718917406022,0.0,10.633577208012662,0.0,0.0,0.0,0.0,0.0,0.0,10.633577208012662,4.794537184071822,0.0,0.0,23.628718917406022,14.383611552215466,0.0,0.0,0.0,0.0,0.0,0.0,92.34,23.628718917406022,19.178148736287287,0.0,0.0,0.0,0.0,0.0,10.633577208012662,0.0,0.0,0.0,0.0,0.0,0.0,0.0,0.0,0.0,0.0,0.0,0.0,39.66666666666667,0.0,10.0,2.0,6.0,0.0,1.0,1.0,0.0,0.0,0.0,4.0,2.0,6.0,0.0,0.0,1.0,1.0,1.0,-2.0785,26.6884,0.0,0.0,0.0,0.0,0.0,0.0,0.0,0.0,0.0,0.0,4.0,4.0,0.0,0.0,0.0,0.0,2.0,0.0,0.0,0.0,0.0,0.0,0.0,0.0,0.0,0.0,0.0,4.0,0.0,0.0,0.0,0.0,0.0,1.0,0.0,0.0,0.0,0.0,0.0,0.0,0.0,0.0,0.0,0.0,0.0,0.0,0.0,0.0,2.0,0.0,0.0,1.0,1.0,0.0,0.0,0.0,0.0,0.0,0.0,0.0,0.0,0.0,0.0,0.0,0.0,0.0,0.0,0.0,0.0,0.0,0.0,0.0,0.0,0.0,0.0,0.0,0.0,0.0,0.0,0.0,0.0,0.0,0.0,0.0,1.0
CID2997,O=C1CN=C(c2ccccc2)c2cc(Cl)ccc2N1,1,0.0,0.0,1.0,,1.0,0.0,0.0,1,11.656412824389015,-0.1162003968253966,11.656412824389015,0.1162003968253966,0.8498120203195162,270.71899999999994,259.631,270.05599065200005,94.0,0.0,0.2455701786288301,-0.323840327995549,0.323840327995549,0.2455701786288301,1.105263157894737,1.894736842105263,2.6842105263157894,2.1951789491913214,665.1007213541043,13.242276208189782,10.059335293676604,10.81526423969506,9.237183443017884,5.935211810332181,6.3131762833414085,4.268942029484291,4.705377809956276,2.9388273396215356,3.1739244424092745,2.0899691527022712,2.2620721766551384,-2.129999999999999,32752.466535279644,11.93232670527069,4.860305083027365,2.372832573314612,115.4874655116152,5.316788604006331,6.544756405912575,0.0,5.907179729351506,0.0,0.0,9.786941916707493,0.0,0.0,0.0,41.93277523254056,18.19910120538483,16.149536297135317,11.399071277454263,4.794537184071822,28.907190897038284,0.0,0.0,4.992404732635669,0.0,11.861545009918906,64.6804728448282,0.0,0.0,5.316788604006331,5.687386274683562,0.0,11.600939890232516,18.163621138034785,4.794537184071822,0.0,11.126902983393991,53.523341280328545,5.022633313741326,0.0,0.0,41.46,0.0,4.794537184071822,0.0,12.45193613526408,5.022633313741326,22.525974260848255,0.0,12.13273413692322,36.39820241076966,10.309193336642,11.600939890232516,0.0,6.051393158086279,0.0,0.0,0.0,0.0,0.0,0.0,0.0,38.05971795302484,0.0666666666666666,19.0,1.0,3.0,0.0,1.0,1.0,2.0,0.0,2.0,2.0,1.0,4.0,1.0,0.0,0.0,0.0,3.0,3.129500000000001,77.02970000000003,0.0,0.0,0.0,0.0,0.0,0.0,0.0,0.0,0.0,0.0,1.0,1.0,0.0,0.0,1.0,1.0,1.0,0.0,0.0,0.0,0.0,0.0,0.0,0.0,0.0,0.0,0.0,1.0,0.0,1.0,0.0,0.0,0.0,0.0,2.0,1.0,1.0,0.0,0.0,0.0,0.0,0.0,0.0,0.0,1.0,0.0,0.0,0.0,0.0,0.0,0.0,0.0,0.0,0.0,0.0,0.0,0.0,0.0,0.0,0.0,0.0,0.0,0.0,0.0,0.0,0.0,0.0,0.0,0.0,0.0,0.0,0.0,0.0,0.0,0.0,0.0,0.0,0.0,0.0,0.0,0.0,0.0,0.0,0.0,0.0
CID6179,CC(NN)c1ccccc1,1,0.0,0.0,0.0,,0.0,0.0,0.0,1,5.254057067271353,0.237222222222222,5.254057067271353,0.237222222222222,0.4734743883547569,136.19799999999998,124.10199999999998,136.100048384,54.0,0.0,0.0431315490745632,-0.2708967162065348,0.2708967162065348,0.0431315490745632,1.3,1.9,2.4,2.746978188530898,183.70889642965705,7.397341225498538,6.0414518843273814,6.0414518843273814,4.842535255101096,3.354059275497024,3.354059275497024,2.299038105676659,2.299038105676659,1.549572491411849,1.549572491411849,0.8379390982585982,0.8379390982585982,-0.8600000000000001,237.587417309747,7.249409190371992,3.3438781752721205,1.5589932097607084,61.02117624914591,0.0,0.0,0.0,0.0,0.0,0.0,11.268461667376624,0.0,0.0,0.0,30.33183534230805,12.48718869138762,6.041840829147961,0.0,0.0,0.0,0.0,5.425791397110385,5.842670270266239,12.965578028838586,0.0,35.89528683400505,0.0,0.0,11.268461667376624,0.0,0.0,0.0,0.0,0.0,0.0,18.52902952053558,30.33183534230805,0.0,0.0,0.0,38.05,0.0,0.0,0.0,6.041840829147961,0.0,0.0,5.563451491696996,0.0,37.255572541998674,5.425791397110385,5.842670270266239,0.0,0.0,0.0,0.0,0.0,0.0,0.0,0.0,0.0,21.500000000000004,0.25,10.0,3.0,2.0,0.0,0.0,0.0,1.0,0.0,1.0,2.0,2.0,2.0,2.0,0.0,0.0,0.0,1.0,1.2109,42.18010000000001,0.0,0.0,0.0,0.0,0.0,0.0,0.0,0.0,0.0,0.0,0.0,0.0,0.0,0.0,0.0,0.0,1.0,1.0,0.0,0.0,0.0,0.0,0.0,0.0,0.0,0.0,0.0,0.0,0.0,0.0,0.0,0.0,0.0,0.0,1.0,0.0,0.0,0.0,0.0,0.0,0.0,0.0,0.0,0.0,0.0,1.0,0.0,0.0,0.0,0.0,0.0,0.0,0.0,0.0,0.0,0.0,0.0,0.0,0.0,0.0,0.0,0.0,0.0,0.0,0.0,0.0,0.0,0.0,0.0,0.0,0.0,0.0,0.0,0.0,0.0,0.0,0.0,0.0,0.0,0.0,0.0,0.0,0.0,0.0,0.0
CID4723,NC1=NC(=O)C(c2ccccc2)O1,1,0.0,0.0,0.0,,0.0,0.0,0.0,1,11.192642668178385,-0.6516666666666675,11.192642668178385,0.0566175359032501,0.6809458251088377,176.17499999999998,168.11099999999996,176.058577496,66.0,0.0,0.2955774076555192,-0.4466094281461897,0.4466094281461897,0.2955774076555192,1.3076923076923077,2.0,2.5384615384615383,2.2637060984012773,359.1372680200689,9.259148545064338,6.805162060755066,6.805162060755066,6.270856947829097,3.867873152666736,3.867873152666736,2.696853295266362,2.696853295266362,1.7855980366063973,1.7855980366063973,1.2031901469928283,1.2031901469928283,-1.8399999999999996,1451.644963716997,7.790843144044321,2.895010133611532,1.37763609586988,75.03067882158105,10.470530430962237,0.0,0.0,6.103966387748303,11.928859856695684,0.0,4.794537184071822,0.0,4.992404732635669,0.0,30.33183534230805,0.0,5.563451491696996,0.0,9.53140013787187,11.928859856695684,0.0,0.0,10.726072209797854,6.103966387748303,0.0,35.89528683400505,0.0,0.0,5.733667477162185,0.0,0.0,0.0,11.928859856695684,9.53140013787187,0.0,11.6674178794453,35.32424007494372,0.0,0.0,0.0,64.67999999999999,6.103966387748303,4.794537184071822,0.0,11.928859856695684,0.0,5.563451491696996,0.0,12.13273413692322,18.19910120538483,4.992404732635669,10.470530430962237,0.0,0.0,0.0,0.0,0.0,0.0,0.0,0.0,0.0,33.833333333333336,0.1111111111111111,13.0,2.0,4.0,0.0,1.0,1.0,1.0,0.0,1.0,3.0,1.0,4.0,1.0,0.0,0.0,0.0,2.0,0.5992000000000001,46.89740000000001,0.0,0.0,0.0,0.0,0.0,0.0,0.0,0.0,0.0,0.0,1.0,1.0,0.0,0.0,1.0,1.0,0.0,1.0,0.0,0.0,0.0,0.0,0.0,0.0,0.0,0.0,0.0,1.0,1.0,0.0,0.0,0.0,0.0,0.0,1.0,0.0,0.0,0.0,0.0,0.0,0.0,1.0,0.0,0.0,0.0,0.0,0.0,0.0,0.0,0.0,0.0,0.0,0.0,0.0,0.0,0.0,0.0,0.0,0.0,0.0,0.0,0.0,0.0,0.0,0.0,0.0,0.0,0.0,0.0,0.0,0.0,0.0,0.0,0.0,0.0,0.0,0.0,0.0,0.0,0.0,0.0,0.0,0.0,0.0,0.0
CID123619,Cc1ccc(-c2ncc(Cl)cc2-c2ccc(S(C)(=O)=O)cc2)cn1,1,0.0,0.0,0.0,,1.0,0.0,0.0,1,11.613393349257414,-3.2286778278400594,11.613393349257414,0.277583163022377,0.7044044148957774,358.8500000000001,343.73000000000013,358.0542764,122.0,0.0,0.1750185287560868,-0.260903807429513,0.260903807429513,0.1750185287560868,0.9166666666666666,1.5833333333333333,2.1666666666666665,2.1335650269611937,982.5322761552856,17.319626477379405,13.193288958107368,14.765714485053548,11.342355158540425,7.235050726476153,9.504426737543636,5.5345012698186045,7.986672625033439,3.632599287157419,4.967768466796961,2.378933910170028,3.1673083716215378,-2.2399999999999993,244236.6748092237,16.611953882256913,6.338787742293893,3.4711425767133797,145.6434363309795,0.0,0.0,9.837253136417502,0.0,0.0,0.0,9.967957041894415,8.417796984328938,0.0,0.0,23.733674027155736,42.81902403369567,35.470287304980005,15.612044784107562,8.417796984328938,21.43819302665002,0.0,9.967957041894415,0.0,11.8192206752084,6.255769183511404,65.5748179310472,0.0,22.384282469939446,0.0,0.0,0.0,11.600939890232516,24.641523209734757,9.837253136417502,6.923737199690624,5.693927994848461,59.7537400979752,5.022633313741326,22.384282469939446,0.0,59.92,9.837253136417502,8.417796984328938,0.0,4.895483475517775,5.022633313741326,28.078210464787908,6.255769183511404,36.65915541707259,25.122838405075452,9.967957041894415,11.600939890232516,0.0,2.8805807840409057,0.0,0.0,0.0,0.0,0.0,0.0,23.22678669851483,32.58707696188871,0.1111111111111111,24.0,0.0,4.0,0.0,0.0,0.0,1.0,2.0,3.0,4.0,0.0,6.0,3.0,0.0,0.0,0.0,3.0,4.175920000000004,95.76080000000005,0.0,0.0,0.0,0.0,0.0,2.0,0.0,0.0,0.0,0.0,0.0,0.0,0.0,0.0,0.0,2.0,0.0,0.0,0.0,0.0,0.0,0.0,0.0,0.0,0.0,0.0,0.0,0.0,0.0,0.0,1.0,0.0,0.0,0.0,1.0,0.0,0.0,0.0,0.0,0.0,0.0,0.0,0.0,0.0,1.0,0.0,0.0,0.0,0.0,0.0,0.0,0.0,0.0,0.0,0.0,0.0,0.0,0.0,0.0,0.0,0.0,0.0,0.0,0.0,0.0,0.0,0.0,0.0,0.0,0.0,0.0,0.0,0.0,2.0,0.0,0.0,0.0,1.0,0.0,0.0,0.0,0.0,0.0,0.0,0.0
CID4095,CCC(=O)C(CC(C)N(C)C)(c1ccccc1)c1ccccc1,0,1.0,1.0,1.0,,1.0,1.0,1.0,0,13.174413265306123,-0.5823842592592592,13.174413265306123,0.2811111111111111,0.7601212787758543,309.45300000000003,282.237,309.209264484,122.0,0.0,0.147084625141916,-0.306666884150918,0.306666884150918,0.147084625141916,0.9565217391304348,1.391304347826087,1.7391304347826086,2.661361390026637,579.304533673046,16.872032720186702,14.620528409422803,14.620528409422803,11.018909728439276,8.327929553051508,8.327929553051508,6.430867505534363,6.430867505534363,4.8134421176679085,4.8134421176679085,3.210988689997321,3.210988689997321,-1.9299999999999993,150691.85287364948,17.424270887888333,7.560773919248965,3.532758370521064,139.69433212537763,4.899909730850478,5.783244946364939,0.0,0.0,0.0,0.0,4.794537184071822,0.0,0.0,0.0,67.58740788430673,38.56680577136501,12.462662452073973,5.41499046939678,4.794537184071822,5.783244946364939,0.0,4.899909730850478,0.0,38.14594894377801,14.09534396535438,71.7905736680101,0.0,0.0,0.0,0.0,0.0,0.0,30.82033947171776,10.2095276534686,0.0,37.81602062862726,60.6636706846161,0.0,0.0,0.0,20.31,5.41499046939678,4.794537184071822,0.0,5.783244946364939,12.462662452073973,17.54772460632,0.0,0.0,43.32193961046029,50.18445916974192,0.0,0.0,0.0,0.0,0.0,0.0,0.0,0.0,0.0,0.0,47.58333333333333,0.3809523809523809,23.0,0.0,2.0,0.0,0.0,0.0,2.0,0.0,2.0,2.0,0.0,2.0,7.0,0.0,0.0,0.0,2.0,4.292000000000004,96.72800000000008,0.0,0.0,0.0,0.0,0.0,0.0,0.0,0.0,0.0,0.0,1.0,1.0,0.0,0.0,0.0,1.0,0.0,0.0,0.0,0.0,0.0,0.0,0.0,0.0,0.0,0.0,0.0,0.0,0.0,0.0,0.0,0.0,0.0,0.0,2.0,0.0,0.0,0.0,0.0,0.0,0.0,0.0,0.0,0.0,0.0,0.0,0.0,0.0,0.0,0.0,0.0,1.0,1.0,0.0,0.0,0.0,0.0,0.0,0.0,0.0,0.0,0.0,0.0,0.0,0.0,0.0,0.0,0.0,0.0,0.0,0.0,0.0,0.0,0.0,0.0,0.0,0.0,0.0,0.0,0.0,0.0,0.0,0.0,0.0,0.0
CID7029,CCN(CC)C(C)C(=O)c1ccccc1,0,0.0,0.0,1.0,,1.0,0.0,1.0,0,12.062222222222225,-0.0255555555555559,12.062222222222225,0.0255555555555559,0.6885993839924636,205.301,186.14899999999992,205.146664228,82.0,0.0,0.1791581090116064,-0.2940577984049585,0.2940577984049585,0.1791581090116064,1.2,1.7333333333333334,2.2,2.765462427915391,303.57180855073926,11.259148545064338,9.733777063474673,9.733777063474673,7.201907262607799,5.535701135693261,5.535701135693261,3.6274603445648896,3.6274603445648896,2.7978344374897266,2.7978344374897266,1.780773592500914,1.780773592500914,-1.15,2580.4142437867595,11.922202166064984,5.663219405409221,2.8972781770561498,91.90735369052038,0.0,0.0,5.783244946364939,0.0,0.0,0.0,9.6944469149223,0.0,0.0,0.0,44.179309741689295,20.013250011515773,5.563451491696996,6.041840829147961,4.794537184071822,5.783244946364939,0.0,4.899909730850478,0.0,26.813052428219834,13.08951281182515,35.89528683400505,0.0,0.0,0.0,0.0,0.0,0.0,29.81450831818853,0.0,0.0,31.129200274840688,30.33183534230805,0.0,0.0,0.0,20.31,0.0,4.794537184071822,0.0,11.8250857755129,0.0,18.652964303522147,0.0,0.0,37.255572541998674,18.74738413023173,0.0,0.0,0.0,0.0,0.0,0.0,0.0,0.0,0.0,0.0,32.66666666666667,0.4615384615384615,15.0,0.0,2.0,0.0,0.0,0.0,1.0,0.0,1.0,2.0,0.0,2.0,5.0,0.0,0.0,0.0,1.0,2.599600000000001,63.155500000000046,0.0,0.0,0.0,0.0,0.0,0.0,0.0,0.0,0.0,0.0,1.0,1.0,0.0,0.0,0.0,1.0,0.0,0.0,0.0,1.0,0.0,0.0,0.0,0.0,0.0,0.0,0.0,0.0,0.0,0.0,0.0,0.0,0.0,0.0,1.0,0.0,0.0,0.0,0.0,0.0,0.0,0.0,0.0,0.0,0.0,0.0,0.0,0.0,0.0,0.0,0.0,1.0,1.0,0.0,0.0,0.0,0.0,0.0,0.0,0.0,0.0,0.0,0.0,0.0,0.0,0.0,0.0,0.0,0.0,0.0,0.0,0.0,0.0,0.0,0.0,0.0,0.0,0.0,0.0,0.0,0.0,0.0,0.0,0.0,0.0
CID23666456,CC(O)C(=O)[O-],0,0.0,0.0,0.0,,0.0,0.0,0.0,0,9.337962962962962,-1.435185185185185,9.337962962962962,1.1342592592592593,0.4085864124474562,89.07,84.02999999999999,89.02441759991001,36.0,0.0,0.0905169717415241,-0.5473323389686671,0.5473323389686671,0.0905169717415241,2.0,2.1666666666666665,2.1666666666666665,3.2575861612334887,57.058650025961626,5.1547005383792515,3.34106044561731,3.34106044561731,2.6427344100918364,1.532472583995463,1.532472583995463,0.995009062944404,0.995009062944404,0.3411115157344618,0.3411115157344618,0.0,0.0,-0.5700000000000001,13.609640474436812,5.43,1.7676338396942162,1.7215451895043727,35.21912486105855,15.007591973753234,0.0,0.0,0.0,0.0,0.0,0.0,0.0,0.0,0.0,0.0,6.923737199690624,0.0,12.073271675700152,15.007591973753234,5.969305287951849,0.0,0.0,0.0,13.027703587438928,0.0,0.0,0.0,0.0,5.106527394840706,0.0,0.0,0.0,17.17979907054086,4.794537184071822,0.0,6.923737199690624,0.0,0.0,0.0,0.0,60.36,12.073271675700152,9.901064578912528,0.0,0.0,0.0,6.923737199690624,0.0,0.0,0.0,0.0,5.106527394840706,0.0,0.0,0.0,0.0,0.0,0.0,0.0,0.0,0.0,24.999999999999996,0.6666666666666666,6.0,1.0,3.0,0.0,0.0,0.0,0.0,0.0,0.0,3.0,1.0,3.0,1.0,0.0,0.0,0.0,0.0,-1.8829,16.687800000000003,1.0,1.0,1.0,0.0,0.0,0.0,0.0,0.0,1.0,1.0,1.0,1.0,0.0,0.0,0.0,0.0,0.0,0.0,0.0,0.0,0.0,0.0,0.0,0.0,0.0,0.0,0.0,0.0,0.0,0.0,0.0,0.0,0.0,0.0,0.0,0.0,0.0,0.0,0.0,0.0,0.0,0.0,0.0,0.0,0.0,0.0,0.0,0.0,0.0,0.0,0.0,0.0,0.0,0.0,0.0,0.0,0.0,0.0,0.0,0.0,0.0,0.0,0.0,0.0,0.0,0.0,0.0,0.0,0.0,0.0,0.0,0.0,0.0,0.0,0.0,0.0,0.0,0.0,0.0,0.0,0.0,0.0,0.0,0.0,0.0
CID3792,COc1ccc(C(=O)NCc2ccc(OCCN(C)C)cc2)cc1OC,1,1.0,0.0,1.0,,1.0,1.0,1.0,1,12.321058336335351,-0.1692013177452389,12.321058336335351,0.1692013177452389,0.7465527474075159,358.4380000000001,332.23000000000013,358.189257312,140.0,0.0,0.2511876421797131,-0.4928695078262129,0.4928695078262129,0.2511876421797131,1.0,1.6923076923076923,2.3076923076923075,1.8865739207238317,714.2511625536772,18.94094682093905,15.742978985242436,15.742978985242436,12.528407103102724,8.398831111412072,8.398831111412072,6.048128257075879,6.048128257075879,3.8293800475461808,3.8293800475461808,2.3114636670071005,2.3114636670071005,-2.729999999999999,622601.6668505135,19.592834259342737,9.675140178704066,5.666999636023587,154.21988788310972,24.427287196256955,12.356393797796825,11.49902366656781,0.0,5.907179729351506,0.0,4.794537184071822,0.0,0.0,0.0,12.13273413692322,49.99063079935942,18.652964303522147,14.219595082555069,19.005126045471968,5.907179729351506,0.0,10.216698334856808,0.0,6.544756405912575,41.466577418334936,53.59147246262526,0.0,17.248535499851716,19.527377465406477,0.0,17.248535499851716,0.0,52.273666878536915,6.544756405912575,0.0,15.921440167465814,42.46456947923127,0.0,0.0,0.0,60.03,0.0,4.794537184071822,0.0,5.907179729351506,30.214113528690294,17.857719730893475,0.0,32.418696287939895,38.36081223920082,10.216698334856808,14.210588861400147,0.0,0.0,0.0,0.0,0.0,0.0,0.0,0.0,0.0,58.50000000000001,0.35,26.0,1.0,6.0,0.0,0.0,0.0,2.0,0.0,2.0,5.0,1.0,6.0,9.0,0.0,0.0,0.0,2.0,2.574200000000001,101.20720000000006,0.0,0.0,0.0,0.0,0.0,0.0,0.0,0.0,0.0,0.0,1.0,1.0,0.0,0.0,0.0,1.0,1.0,0.0,0.0,1.0,0.0,0.0,0.0,0.0,0.0,0.0,0.0,1.0,0.0,0.0,0.0,0.0,0.0,0.0,2.0,0.0,0.0,0.0,0.0,0.0,0.0,3.0,0.0,0.0,0.0,0.0,0.0,0.0,0.0,0.0,0.0,0.0,0.0,0.0,0.0,2.0,0.0,0.0,0.0,0.0,0.0,0.0,0.0,0.0,0.0,0.0,0.0,0.0,0.0,0.0,0.0,0.0,0.0,0.0,0.0,0.0,0.0,0.0,0.0,0.0,0.0,0.0,0.0,0.0,0.0
CID5282219,CC(C)=CCOc1ccc(/C=C/C(=O)c2ccc(OCC=C(C)C)cc2OCC(=O)O)cc1,1,0.0,0.0,1.0,,0.0,0.0,0.0,1,12.774548608438987,-1.1326849912783383,12.774548608438987,0.1571946818213054,0.2523900134616825,450.53100000000023,420.2910000000002,450.2042386799999,174.0,0.0,0.3412227940591899,-0.4895365509019679,0.4895365509019679,0.3412227940591899,0.8181818181818182,1.393939393939394,1.9696969696969695,2.120096424548776,1036.781304618572,24.216967702877938,19.4606283524648,19.4606283524648,15.740091198415858,10.577737847686164,10.577737847686164,7.791956404161607,7.791956404161607,4.360104383812076,4.360104383812076,2.6008862684142953,2.6008862684142953,-3.8,13311147.605448311,25.46051488969782,12.910254696665922,9.474904064531284,194.3517335857615,19.31711625624085,30.46229942887755,12.390126910877855,0.0,0.0,5.969305287951849,4.794537184071822,4.794537184071822,0.0,0.0,29.354963303895637,75.75192888480757,6.06636706846161,5.563451491696996,28.906190624384493,17.82857034115067,0.0,0.0,0.0,27.694948798762496,19.820645893538753,82.96574184326546,0.0,17.248535499851716,14.210588861400147,0.0,17.248535499851716,0.0,36.67972352269625,4.794537184071822,0.0,43.6163889662283,71.83883885987146,0.0,6.076020106833881,0.0,82.06,12.576187252464766,9.589074368143644,0.0,17.09620827134584,18.963275762309745,16.886067855050168,17.71549170536476,18.208754243757102,64.1124572862767,0.0,19.31711625624085,0.0,0.0,0.0,0.0,0.0,0.0,0.0,0.0,0.0,79.99999999999999,0.2592592592592592,33.0,1.0,6.0,0.0,0.0,0.0,2.0,0.0,2.0,5.0,1.0,6.0,12.0,0.0,0.0,0.0,2.0,5.736100000000006,129.23130000000006,1.0,0.0,0.0,0.0,0.0,0.0,0.0,0.0,1.0,1.0,2.0,1.0,0.0,0.0,0.0,0.0,0.0,0.0,0.0,0.0,0.0,0.0,0.0,0.0,0.0,0.0,3.0,0.0,0.0,0.0,0.0,0.0,0.0,0.0,2.0,0.0,0.0,0.0,0.0,0.0,0.0,3.0,0.0,0.0,0.0,0.0,0.0,0.0,0.0,0.0,0.0,1.0,0.0,0.0,0.0,0.0,0.0,0.0,0.0,0.0,0.0,0.0,0.0,0.0,0.0,0.0,0.0,0.0,0.0,0.0,0.0,0.0,0.0,0.0,0.0,0.0,0.0,0.0,0.0,0.0,0.0,0.0,0.0,0.0,0.0
CID5282440,O=C(O)/C=C/c1ccc(Cn2ccnc2)cc1,1,0.0,0.0,0.0,,0.0,0.0,0.0,1,10.35407193976458,-0.9375073865761994,10.35407193976458,0.7667905171327789,0.8144535753580314,228.251,216.15499999999997,228.089877624,86.0,0.0,0.3278211846945321,-0.4780736044659459,0.4780736044659459,0.3278211846945321,1.3529411764705883,2.1176470588235294,2.7058823529411766,2.0515851770592106,512.8623077459382,12.08757566981053,9.15314828085692,9.15314828085692,8.237183443017882,5.195691799482878,5.195691799482878,3.648169727635795,3.648169727635795,2.3224194785755916,2.3224194785755916,1.4927502389974951,1.4927502389974951,-2.36,11321.742498971644,11.13515636344608,5.115512288924944,3.306932927929089,98.85319849175907,9.67362704263206,0.0,0.0,0.0,0.0,5.969305287951849,0.0,9.77851570501903,0.0,0.0,24.26546827384644,17.202923090227873,25.01446365597261,6.3273200747645415,9.901064578912528,12.045325394785731,0.0,9.551078168738565,0.0,6.544756405912575,0.0,60.18939858206501,0.0,0.0,0.0,0.0,0.0,0.0,20.62691085153112,11.339293589984395,0.0,11.126902983393991,49.06249559867101,0.0,6.076020106833881,0.0,55.12,5.969305287951849,4.794537184071822,0.0,0.0,0.0,23.74767949614045,0.0,18.600183753211496,35.02941149325087,4.9839785209472085,5.106527394840706,0.0,0.0,0.0,0.0,0.0,0.0,0.0,0.0,1.9743004115226337,40.525699588477366,0.0769230769230769,17.0,1.0,4.0,0.0,0.0,0.0,1.0,1.0,2.0,3.0,1.0,4.0,4.0,0.0,0.0,0.0,2.0,2.0292,64.44080000000002,1.0,0.0,0.0,0.0,0.0,2.0,0.0,0.0,1.0,1.0,1.0,0.0,0.0,0.0,0.0,2.0,0.0,0.0,0.0,0.0,0.0,0.0,0.0,0.0,0.0,0.0,0.0,0.0,0.0,0.0,0.0,0.0,0.0,0.0,1.0,0.0,0.0,0.0,0.0,0.0,0.0,0.0,0.0,0.0,0.0,0.0,0.0,1.0,0.0,0.0,0.0,0.0,0.0,0.0,0.0,0.0,0.0,0.0,0.0,0.0,0.0,0.0,0.0,0.0,0.0,0.0,0.0,0.0,0.0,0.0,0.0,0.0,0.0,0.0,0.0,0.0,0.0,0.0,0.0,0.0,0.0,0.0,0.0,0.0,0.0
CID9574101,CCOC(=O)CN[C@@H](C(=O)N1CC[C@H]1C(=O)NCc1ccc(/C(N)=N/O)cc1)C1CCCCC1,1,1.0,0.0,0.0,,0.0,1.0,0.0,1,13.40189960593713,-0.5144223998904733,13.40189960593713,0.0169387978963904,0.1308089810523221,473.5740000000003,438.29400000000027,473.2638192200001,186.0,0.0,0.3194258644290517,-0.4650319765327564,0.4650319765327564,0.3194258644290517,1.1764705882352942,1.8823529411764703,2.4705882352941178,1.5774192029900946,882.2447898790648,24.501424753254103,19.664503913737803,19.664503913737803,16.439090705625684,11.982278258496237,11.982278258496237,8.797755894135303,8.797755894135303,6.588494464381717,6.588494464381717,4.588868346930418,4.588868346930418,-3.1399999999999997,29550082.51782884,25.482404794459903,12.358447540463231,6.465737001672622,199.4298538731819,25.894481790596338,6.041840829147961,5.835619785757269,11.814359458703011,0.0,5.969305287951849,19.700400156221797,0.0,0.0,0.0,48.68364586937501,37.66755960632704,18.652964303522147,19.193479199573453,24.327727530792803,23.61928453241213,0.0,15.533486938863138,16.80728625007412,64.0771050014552,19.696394776338067,35.392371257240434,0.0,0.0,16.367244685174846,0.0,0.0,0.0,65.50652372267388,25.665230911928088,5.917906046161393,56.575569920640675,29.42118100059698,0.0,0.0,0.0,146.35,12.08368165829592,14.383611552215466,0.0,36.081946984486095,31.68066789096107,37.667559606327046,0.0,36.08911520438754,0.0,15.789289934763202,15.677783455739526,0.0,0.0,0.0,0.0,0.0,0.0,0.0,0.0,0.0,83.49999999999999,0.5833333333333334,34.0,5.0,10.0,1.0,1.0,2.0,1.0,0.0,1.0,7.0,4.0,10.0,10.0,1.0,1.0,2.0,3.0,1.099800000000003,125.91630000000004,0.0,0.0,0.0,0.0,0.0,0.0,0.0,0.0,0.0,0.0,3.0,3.0,0.0,0.0,0.0,2.0,2.0,1.0,0.0,0.0,1.0,0.0,0.0,0.0,0.0,0.0,0.0,2.0,1.0,0.0,0.0,0.0,0.0,0.0,1.0,0.0,0.0,0.0,0.0,0.0,1.0,1.0,0.0,0.0,0.0,0.0,0.0,0.0,0.0,0.0,0.0,0.0,0.0,0.0,0.0,0.0,0.0,0.0,0.0,0.0,0.0,0.0,0.0,1.0,0.0,0.0,0.0,0.0,0.0,0.0,0.0,0.0,0.0,0.0,0.0,0.0,0.0,0.0,0.0,0.0,0.0,0.0,0.0,0.0,0.0
CID19861,CN1CCC(=C2c3ccccc3CCc3cccnc32)CC1,1,1.0,1.0,1.0,,1.0,1.0,1.0,1,4.782320956160242,1.0941165123456789,4.782320956160242,1.0941165123456789,0.7351080643084177,290.4100000000001,268.234,290.178298704,112.0,0.0,0.0739193527943908,-0.3057312492854704,0.3057312492854704,0.0739193527943908,0.8636363636363636,1.5909090909090908,2.4545454545454546,1.9343639702011597,670.4920326314968,14.940946820939052,13.178519762446586,13.178519762446586,10.826499840494924,8.258380447854975,8.258380447854975,6.450108976436821,6.450108976436821,5.022610553845605,5.022610553845605,3.740878158276767,3.740878158276767,-1.9299999999999995,214727.8658240142,13.713666051701075,5.6937528059209335,2.3764944159892045,132.05119266703764,4.899909730850478,0.0,0.0,0.0,0.0,0.0,4.9839785209472085,0.0,0.0,0.0,35.90493987237732,55.487680017933826,24.859460913507498,5.693927994848461,0.0,5.573104530069267,0.0,9.883888251797686,0.0,25.68328649170404,20.13718479450234,70.55243298239145,0.0,0.0,0.0,0.0,0.0,0.0,30.021073046300028,12.84164324585202,0.0,35.22592571579146,48.168150512452,0.0,5.573104530069267,0.0,16.130000000000003,0.0,0.0,0.0,0.0,0.0,38.77279930352919,27.957387000008715,5.573104530069267,6.196843571613076,48.345784124297325,4.9839785209472085,0.0,0.0,0.0,0.0,0.0,0.0,0.0,0.0,0.0,40.0,0.35,22.0,0.0,2.0,1.0,1.0,2.0,1.0,1.0,2.0,2.0,0.0,2.0,0.0,0.0,1.0,1.0,4.0,3.707700000000002,90.84000000000005,0.0,0.0,0.0,0.0,0.0,1.0,0.0,0.0,0.0,0.0,0.0,0.0,0.0,0.0,0.0,2.0,0.0,0.0,0.0,0.0,1.0,0.0,0.0,0.0,0.0,0.0,0.0,0.0,0.0,0.0,2.0,0.0,0.0,0.0,1.0,0.0,2.0,0.0,0.0,0.0,0.0,0.0,0.0,0.0,0.0,0.0,0.0,0.0,0.0,0.0,0.0,0.0,0.0,0.0,0.0,0.0,0.0,0.0,0.0,0.0,0.0,0.0,0.0,0.0,0.0,0.0,0.0,0.0,0.0,1.0,0.0,0.0,0.0,1.0,0.0,0.0,0.0,0.0,0.0,0.0,0.0,0.0,0.0,0.0,0.0
CID2747,c1ccc(C2(c3ccccc3)CC2C2=NCCN2)cc1,1,1.0,1.0,1.0,,0.0,1.0,0.0,1,4.649526171579743,0.1237037037037036,4.649526171579743,0.1237037037037036,0.9032005021790172,262.35599999999994,244.21199999999996,262.146998576,100.0,0.0,0.100821240195846,-0.3717077279273179,0.3717077279273179,0.100821240195846,0.9,1.5,2.0,1.797238955541048,591.4825027665295,13.416002794556722,11.419386900145488,11.419386900145488,9.910650160958088,7.303907109652773,7.303907109652773,5.653851268083108,5.653851268083108,4.568806561225299,4.568806561225299,3.518600050096777,3.518600050096777,-2.0899999999999994,110512.6136506063,11.713177792095246,4.480081934998562,1.678073121006452,119.11167237435036,5.316788604006331,5.835619785757269,0.0,0.0,0.0,0.0,4.992404732635669,0.0,0.0,0.0,60.6636706846161,17.547724606320003,17.877652921470748,6.544756405912575,0.0,5.835619785757269,0.0,5.316788604006331,10.91031077879706,11.83581209232279,13.08951281182515,71.7905736680101,0.0,0.0,5.316788604006331,0.0,0.0,0.0,18.92513259758242,5.41499046939678,5.917906046161393,17.547724606320003,65.65607541725177,0.0,0.0,0.0,24.39,0.0,0.0,0.0,5.41499046939678,5.917906046161393,19.51033443475116,16.96252276915126,0.0,0.0,70.97286402125812,0.0,0.0,0.0,0.0,0.0,0.0,0.0,0.0,0.0,0.0,37.58333333333334,0.2777777777777778,20.0,1.0,2.0,1.0,1.0,2.0,2.0,0.0,2.0,2.0,1.0,2.0,3.0,1.0,0.0,1.0,4.0,2.994300000000001,82.07570000000004,0.0,0.0,0.0,0.0,0.0,0.0,0.0,0.0,0.0,0.0,0.0,0.0,0.0,0.0,1.0,1.0,1.0,0.0,0.0,0.0,0.0,0.0,0.0,0.0,0.0,0.0,0.0,0.0,1.0,0.0,0.0,0.0,0.0,0.0,2.0,0.0,0.0,0.0,0.0,0.0,0.0,0.0,0.0,0.0,0.0,0.0,0.0,0.0,0.0,0.0,0.0,0.0,0.0,0.0,0.0,0.0,0.0,0.0,0.0,0.0,0.0,0.0,0.0,0.0,0.0,0.0,0.0,0.0,0.0,0.0,0.0,0.0,0.0,0.0,0.0,0.0,0.0,0.0,0.0,0.0,0.0,0.0,0.0,0.0,0.0
CID2165,CCN(CC)Cc1cc(Nc2ccnc3cc(Cl)ccc23)ccc1O,1,1.0,1.0,1.0,,1.0,1.0,1.0,1,10.16416715903278,0.3229798266107793,10.16416715903278,0.3229798266107793,0.5980257885078599,355.8690000000001,333.6930000000001,355.1451400039999,130.0,0.0,0.1197240107154488,-0.5076211478974259,0.5076211478974259,0.1197240107154488,1.08,1.88,2.64,1.9078862505736285,877.9443065405388,17.81119030894213,14.459727756585751,15.215656702604209,12.100886748174158,8.458921184121934,8.83688565713116,5.949864776865439,6.3863005573374245,4.351653123387808,4.586750226175547,2.863772515772078,3.0301160708133743,-2.2999999999999994,512300.02425471455,17.520698585454607,7.722207642285875,4.032364531312095,152.62171624311483,10.423315998847038,5.749511833283905,0.0,0.0,0.0,0.0,9.883888251797686,0.0,0.0,0.0,25.44841428961377,55.55408229105642,40.08868154679589,5.516700717616262,5.106527394840706,33.878637371680696,0.0,9.883888251797686,0.0,20.392230805293824,18.40630141583148,59.24749785628266,0.0,5.749511833283905,5.316788604006331,11.374772549367124,5.749511833283905,11.600939890232516,28.07992845846354,6.544756405912575,0.0,19.410925891078243,48.661413050844345,5.022633313741326,10.902924932081056,0.0,48.39,0.0,5.106527394840706,0.0,0.0,10.772145147025231,47.4754181908829,0.0,12.263210640074686,36.39820241076966,29.048151255185264,11.600939890232516,0.0,6.052452932178252,0.0,0.0,0.0,0.0,0.0,0.0,0.0,47.72532484559952,0.25,25.0,2.0,4.0,0.0,0.0,0.0,2.0,1.0,3.0,4.0,2.0,5.0,6.0,0.0,0.0,0.0,3.0,5.179200000000004,104.76750000000004,0.0,0.0,0.0,0.0,0.0,1.0,0.0,1.0,0.0,0.0,0.0,0.0,0.0,0.0,0.0,2.0,1.0,0.0,0.0,0.0,0.0,0.0,0.0,0.0,0.0,0.0,0.0,0.0,0.0,2.0,0.0,0.0,0.0,0.0,2.0,0.0,1.0,0.0,0.0,0.0,0.0,0.0,0.0,0.0,1.0,0.0,0.0,0.0,0.0,0.0,0.0,0.0,0.0,0.0,0.0,0.0,0.0,0.0,0.0,0.0,0.0,0.0,0.0,0.0,0.0,1.0,1.0,0.0,0.0,0.0,0.0,0.0,0.0,1.0,0.0,0.0,0.0,0.0,0.0,0.0,0.0,0.0,0.0,0.0,0.0
CID2370,CC(C[N+](C)(C)C)OC(N)=O,0,0.0,0.0,0.0,,0.0,0.0,0.0,0,10.288622448979591,-0.7028240740740739,10.288622448979591,0.1180555555555558,0.6000594654010832,161.22499999999997,144.08899999999997,161.12845420409,66.0,0.0,0.404473487413093,-0.4406847689894936,0.4406847689894936,0.404473487413093,1.5454545454545454,2.0,2.272727272727273,3.6942591252386223,139.86622494879165,9.068914100752346,7.625517495993483,7.625517495993483,4.810349069553741,3.5760927976243924,3.5760927976243924,3.720402211838095,3.720402211838095,1.1221707102977516,1.1221707102977516,1.006884272361045,1.006884272361045,-0.77,108.9512300552661,10.23,3.5717551785978525,7.12325719111392,67.51366689757126,14.953561288656855,12.648722793660877,0.0,0.0,0.0,6.093240070938415,0.0,4.794537184071822,0.0,0.0,0.0,6.923737199690624,0.0,21.143015948031568,14.014430995566496,6.093240070938415,0.0,0.0,5.733667477162185,13.027703587438928,27.687772353944144,0.0,0.0,0.0,5.733667477162185,4.794537184071822,0.0,0.0,44.368009670325485,4.736862953800049,0.0,6.923737199690624,0.0,0.0,0.0,0.0,52.32,6.093240070938415,4.794537184071822,0.0,6.103966387748303,0.0,11.027787263607198,0.0,0.0,28.066753147722196,0.0,10.470530430962237,0.0,0.0,0.0,0.0,0.0,0.0,0.0,0.0,0.7583796296296296,27.741620370370367,0.8571428571428571,11.0,2.0,4.0,0.0,0.0,0.0,0.0,0.0,0.0,2.0,1.0,4.0,3.0,0.0,0.0,0.0,0.0,0.1764,43.0298,0.0,0.0,0.0,0.0,0.0,0.0,0.0,0.0,0.0,0.0,1.0,1.0,0.0,0.0,0.0,1.0,0.0,1.0,0.0,1.0,0.0,0.0,0.0,0.0,0.0,0.0,0.0,1.0,0.0,0.0,0.0,0.0,0.0,0.0,0.0,0.0,0.0,0.0,0.0,0.0,0.0,1.0,0.0,0.0,0.0,0.0,0.0,0.0,0.0,0.0,0.0,0.0,0.0,0.0,0.0,0.0,0.0,0.0,0.0,0.0,0.0,0.0,0.0,0.0,0.0,0.0,0.0,0.0,0.0,0.0,0.0,1.0,0.0,0.0,1.0,0.0,0.0,0.0,0.0,0.0,0.0,0.0,0.0,0.0,0.0
CID656668,COC(=O)C1=C(C)NC(C)=C(C(=O)O[C@@H]2CCCN(Cc3ccccc3)C2)[C@@H]1c1cccc([N+](=O)[O-])c1,1,1.0,1.0,0.0,,1.0,1.0,1.0,1,13.660219863810232,-0.8702663128050936,13.660219863810232,0.1323090418500561,0.3384809131079932,505.5710000000002,474.3230000000004,505.221285712,194.0,0.0,0.3365736552160208,-0.4655800563752059,0.4655800563752059,0.3365736552160208,1.054054054054054,1.7567567567567568,2.4324324324324325,1.612693505147925,1253.5736165866635,26.52636877963644,21.23030380080172,21.23030380080172,17.77809600087664,12.266011782132024,12.266011782132024,9.369300348114663,9.369300348114663,6.784932576099442,6.784932576099442,5.10576591173761,5.10576591173761,-3.979999999999999,172589429.18365955,26.093498250863785,11.385817512295649,5.8857049958631835,215.44950901989225,14.790514511606428,6.103966387748303,0.0,0.0,5.687386274683562,11.9386105759037,15.01422799961605,9.589074368143644,0.0,0.0,42.46456947923127,44.36077703453983,36.616325574860035,29.09722369639513,23.98611132456141,17.62599685058726,0.0,10.216698334856808,0.0,45.25574648505553,20.199310353102685,98.37881255456428,0.0,0.0,5.316788604006331,5.687386274683562,0.0,0.0,48.06510809642283,25.607556681656316,10.114318268765572,43.73392667478865,77.1375913024047,0.0,0.0,0.0,111.01,22.779827670882764,19.703392636909214,0.0,22.9375617225704,23.502286523721235,25.93115605767717,24.805983169897747,25.980208536304467,18.19910120538483,22.349432471780027,9.473725907600098,0.0,0.0,0.0,0.0,0.0,0.0,0.0,0.0,0.0,90.6666666666667,0.3571428571428571,37.0,1.0,9.0,0.0,2.0,2.0,2.0,0.0,2.0,8.0,1.0,9.0,7.0,0.0,1.0,1.0,4.0,4.2104000000000035,137.2220999999999,0.0,0.0,0.0,0.0,0.0,0.0,0.0,0.0,0.0,0.0,2.0,2.0,0.0,0.0,0.0,2.0,1.0,0.0,0.0,0.0,1.0,0.0,0.0,0.0,0.0,0.0,2.0,0.0,0.0,0.0,0.0,0.0,0.0,0.0,2.0,0.0,0.0,0.0,1.0,0.0,2.0,2.0,0.0,0.0,0.0,0.0,0.0,0.0,0.0,0.0,0.0,0.0,0.0,0.0,0.0,1.0,0.0,0.0,1.0,1.0,1.0,0.0,0.0,0.0,0.0,0.0,0.0,0.0,0.0,1.0,0.0,0.0,0.0,0.0,0.0,0.0,0.0,0.0,0.0,0.0,0.0,0.0,0.0,0.0,0.0
CID92727,Cc1cccc(C)c1OCC(=O)N[C@@H](Cc1ccccc1)[C@@H](O)C[C@H](Cc1ccccc1)NC(=O)[C@H](C(C)C)N1CCCNC1=O,1,1.0,0.0,0.0,,0.0,1.0,0.0,1,13.824468469754573,-0.9915267017300752,13.824468469754573,0.1174499429740369,0.199874123748593,628.8139999999999,580.4300000000003,628.362470636,246.0,0.0,0.3175948636598902,-0.4832294652830567,0.4832294652830567,0.3175948636598902,0.8913043478260869,1.5,2.0869565217391304,1.5215253926910406,1411.939987112696,33.05346651713189,27.369472666574467,27.369472666574467,22.1171012961276,16.211387532744794,16.211387532744794,12.539353366502,12.539353366502,8.411735501010686,8.411735501010686,6.115929898972015,6.115929898972015,-4.369999999999999,11848943881.17616,34.50215976368346,16.800052215267485,9.813282839260593,272.27542605449304,30.693665891510225,11.791352662431866,6.606881964512918,5.907179729351506,5.907179729351506,6.031114512338072,9.589074368143644,4.794537184071822,0.0,0.0,92.71024628938218,67.70247290403466,19.13135364097311,12.145807216896262,24.22700190085622,17.845473971041084,0.0,20.850275542869472,5.917906046161393,77.60772416565871,19.696394776338067,101.11657785678896,0.0,5.749511833283905,20.68722876581904,4.794537184071822,5.749511833283905,0.0,71.77779474826251,22.43071761399566,19.76538044554264,48.94292361202125,78.86277189000094,0.0,0.0,0.0,120.0,24.229488875192185,19.49013894705617,0.0,36.7910836046414,31.680667890961075,28.674627589713992,0.0,4.899909730850478,106.55772068876344,15.950365812018994,4.736862953800049,0.0,0.0,0.0,0.0,0.0,0.0,0.0,0.0,0.0,104.50000000000004,0.4324324324324324,46.0,4.0,9.0,0.0,1.0,1.0,3.0,0.0,3.0,5.0,4.0,9.0,15.0,0.0,1.0,1.0,4.0,4.328140000000003,179.5358999999995,0.0,1.0,1.0,0.0,0.0,0.0,0.0,0.0,0.0,0.0,3.0,3.0,0.0,0.0,0.0,1.0,3.0,0.0,0.0,0.0,0.0,0.0,0.0,0.0,0.0,0.0,0.0,4.0,0.0,0.0,2.0,0.0,0.0,0.0,3.0,0.0,0.0,0.0,0.0,0.0,0.0,1.0,0.0,0.0,0.0,0.0,0.0,0.0,0.0,0.0,0.0,0.0,0.0,0.0,0.0,0.0,0.0,0.0,0.0,0.0,0.0,0.0,0.0,0.0,1.0,0.0,0.0,0.0,0.0,0.0,0.0,0.0,0.0,0.0,0.0,0.0,0.0,0.0,0.0,0.0,0.0,0.0,0.0,0.0,1.0
CID4890,O=C1CN=C(c2ccccc2)c2cc(Cl)ccc2N1CC1CC1,1,1.0,1.0,1.0,,1.0,1.0,1.0,1,12.587940602166793,0.0614847883597884,12.587940602166793,0.0614847883597884,0.8415175711014194,324.8110000000001,307.67500000000007,324.10294084400005,116.0,0.0,0.2481866729616205,-0.3098548001904374,0.3098548001904374,0.2481866729616205,1.1304347826086956,1.9130434782608696,2.652173913043478,1.8446203141439896,781.2115515349041,15.81119030894213,12.705219501925832,13.461148447944288,11.220346690612278,7.923398043240566,8.301362516249794,6.1400505376497465,6.576486318121732,4.362923378984886,4.5980204817726245,2.986466084029964,3.1585691079828315,-2.129999999999999,475582.6354068616,14.461500111710391,5.818858182660347,2.888398196028045,140.15137430226773,4.899909730850478,6.544756405912575,0.0,5.907179729351506,0.0,0.0,9.786941916707493,0.0,0.0,0.0,41.93277523254056,36.958650497398246,22.694292703047893,11.399071277454263,4.794537184071822,28.907190897038284,0.0,0.0,10.91031077879706,12.84164324585202,17.98942254267563,64.6804728448282,0.0,0.0,4.899909730850478,5.687386274683562,0.0,11.600939890232516,24.70837754394736,4.794537184071822,5.917906046161393,23.968546229246012,53.523341280328545,5.022633313741326,0.0,0.0,32.67,0.0,4.794537184071822,0.0,12.45193613526408,10.94053935990272,29.07073066676083,12.84164324585202,0.0,53.43084627854336,4.992404732635669,11.600939890232516,0.0,6.22644468589905,0.0,0.0,0.0,0.0,0.0,0.0,0.0,43.21799975854538,0.2631578947368421,23.0,0.0,3.0,1.0,1.0,2.0,2.0,0.0,2.0,2.0,0.0,4.0,3.0,1.0,0.0,1.0,4.0,3.934000000000003,93.47700000000005,0.0,0.0,0.0,0.0,0.0,0.0,0.0,0.0,0.0,0.0,1.0,1.0,0.0,0.0,1.0,2.0,0.0,0.0,0.0,0.0,0.0,0.0,0.0,0.0,0.0,0.0,0.0,1.0,0.0,1.0,0.0,0.0,0.0,0.0,2.0,1.0,1.0,0.0,0.0,0.0,0.0,0.0,0.0,0.0,1.0,0.0,0.0,0.0,0.0,0.0,0.0,0.0,0.0,0.0,0.0,0.0,0.0,0.0,0.0,0.0,0.0,0.0,0.0,0.0,0.0,0.0,0.0,0.0,0.0,0.0,0.0,0.0,0.0,0.0,0.0,0.0,0.0,0.0,0.0,0.0,0.0,0.0,0.0,0.0,0.0
CID91270,CCOC(=O)[C@H](CCc1ccccc1)N[C@@H](C)C(=O)N1Cc2cc(OC)c(OC)cc2C[C@H]1C(=O)O,0,0.0,0.0,1.0,,0.0,0.0,0.0,0,13.482554519894888,-1.095365555200997,13.482554519894888,0.1027738707333765,0.4546396861370907,498.5760000000004,464.3040000000003,498.2366014279999,194.0,0.0,0.3262779732962579,-0.4928592124227041,0.4928592124227041,0.3262779732962579,1.0833333333333333,1.7222222222222223,2.3055555555555554,1.785962497436478,1073.29188928159,26.24191172926027,21.15295353161209,21.15295353161209,17.281625960726778,12.021930455138085,12.021930455138085,8.71746278559293,8.71746278559293,6.361333425160834,6.361333425160834,4.45429115252059,4.45429115252059,-3.59,83284933.58763924,27.005085621943905,12.39454565149016,6.340154934085636,210.8859294826403,24.217025987091333,12.08368165829592,11.49902366656781,5.907179729351506,0.0,11.9386105759037,14.905862972149976,4.794537184071822,0.0,0.0,30.33183534230805,55.51220625724747,12.965578028838586,26.868317876215944,33.700727808456314,17.845790305255207,0.0,10.216698334856808,0.0,57.780218161515734,20.826477047067986,59.15492395432226,0.0,11.49902366656781,14.790514511606428,0.0,11.49902366656781,0.0,66.80422696545824,38.50687415778011,0.0,36.958650497398246,42.46456947923127,0.0,0.0,0.0,114.40000000000002,35.97131279269909,19.490138947056177,0.0,19.5724599933515,24.340666912419827,16.690354475090988,19.119504813405545,25.980208536304467,30.33183534230805,5.316788604006331,14.210588861400147,0.0,0.0,0.0,0.0,0.0,0.0,0.0,0.0,0.0,88.83333333333336,0.4444444444444444,36.0,2.0,9.0,0.0,1.0,1.0,2.0,0.0,2.0,7.0,2.0,9.0,11.0,0.0,0.0,0.0,3.0,2.5843,133.00550000000004,1.0,0.0,0.0,0.0,0.0,0.0,0.0,0.0,1.0,1.0,3.0,2.0,0.0,0.0,0.0,1.0,1.0,0.0,0.0,0.0,0.0,0.0,0.0,0.0,0.0,0.0,0.0,1.0,0.0,0.0,1.0,0.0,0.0,0.0,2.0,0.0,1.0,0.0,0.0,0.0,1.0,3.0,0.0,0.0,0.0,0.0,0.0,0.0,0.0,0.0,0.0,0.0,0.0,0.0,0.0,2.0,0.0,0.0,0.0,0.0,0.0,0.0,0.0,0.0,0.0,0.0,0.0,0.0,0.0,0.0,0.0,0.0,0.0,0.0,0.0,0.0,0.0,0.0,0.0,0.0,0.0,0.0,0.0,0.0,0.0
CID5284594,C=C1CC[C@@]2(O)[C@H]3Cc4ccc(O)c5c4[C@@]2(CCN3CC2CC2)[C@H]1O5,0,1.0,1.0,1.0,,1.0,1.0,1.0,0,12.07979686318972,-0.779722222222222,12.07979686318972,0.1565211640211639,0.813193738638947,339.4350000000001,314.23500000000007,339.18344366,132.0,0.0,0.1656869108582093,-0.5042464497141359,0.5042464497141359,0.1656869108582093,1.28,2.12,2.92,1.5787879801585996,800.5760550893917,16.974327015758657,14.500601453590798,14.500601453590798,12.043478875583263,9.705163544037465,9.705163544037465,8.907917097946433,8.907917097946433,7.711451627747811,7.711451627747811,6.392182087025542,6.392182087025542,-1.5199999999999998,1400624.0642884932,14.628868514076508,4.413058033526125,1.570641207323408,147.64862243971797,14.94991774348146,6.103966387748303,11.49902366656781,0.0,0.0,0.0,4.899909730850478,0.0,0.0,0.0,12.645302752060108,68.19051527985789,18.150048726757532,11.016041280380469,14.94991774348146,0.0,0.0,4.899909730850478,5.917906046161393,61.686778234832786,13.08951281182515,35.411677333984976,0.0,11.49902366656781,4.736862953800049,0.0,11.49902366656781,0.0,45.94933536023699,11.83581209232279,5.917906046161393,43.23101109802404,24.284774350590983,0.0,0.0,0.0,52.93000000000001,11.016041280380469,10.213054789681411,0.0,17.89531905018017,5.749511833283905,55.827261371456835,18.405094737549017,6.06636706846161,6.06636706846161,11.478845414448976,4.736862953800049,0.0,0.0,0.0,0.0,0.0,0.0,0.0,0.0,0.0,51.33333333333334,0.6190476190476191,25.0,2.0,4.0,3.0,2.0,5.0,1.0,0.0,1.0,4.0,2.0,4.0,2.0,2.0,1.0,3.0,6.0,2.512500000000001,93.93060000000004,0.0,1.0,0.0,0.0,0.0,0.0,0.0,1.0,0.0,0.0,0.0,0.0,0.0,0.0,0.0,1.0,0.0,0.0,0.0,0.0,1.0,0.0,0.0,0.0,0.0,0.0,0.0,0.0,0.0,0.0,0.0,0.0,0.0,0.0,1.0,0.0,0.0,0.0,0.0,0.0,0.0,1.0,0.0,0.0,0.0,0.0,0.0,0.0,0.0,0.0,0.0,0.0,0.0,0.0,0.0,0.0,0.0,0.0,0.0,0.0,0.0,0.0,0.0,0.0,0.0,1.0,1.0,0.0,0.0,1.0,0.0,0.0,0.0,0.0,0.0,0.0,0.0,0.0,0.0,0.0,0.0,0.0,0.0,0.0,0.0
CID9294,CN[C@@H](C)[C@H](O)c1ccccc1,0,0.0,0.0,1.0,,0.0,0.0,1.0,0,9.72652777777778,-0.4201851851851859,9.72652777777778,0.0901851851851849,0.7078187228911748,165.236,150.11599999999996,165.1153641,66.0,0.0,0.0939653009075289,-0.386793435239553,0.386793435239553,0.0939653009075289,1.25,1.8333333333333333,2.3333333333333335,2.7110407232330616,222.5400055614587,8.974691494688164,7.488665479827341,7.488665479827341,5.753218857624056,4.156916363982706,4.156916363982706,2.932871181752819,2.932871181752819,2.070042378653169,2.070042378653169,1.096760393670485,1.096760393670485,-0.8600000000000001,606.7749387127436,9.229766606822263,4.236737214638821,2.061452680853266,73.23526751288745,10.423315998847038,0.0,0.0,0.0,0.0,0.0,0.0,0.0,0.0,0.0,30.33183534230805,19.53486067406481,6.041840829147961,6.103966387748303,5.106527394840706,0.0,0.0,5.316788604006331,0.0,19.069544416586886,7.04767198267719,35.89528683400505,0.0,0.0,5.316788604006331,0.0,0.0,0.0,18.196040206665856,0.0,0.0,18.591155079135923,30.33183534230805,0.0,0.0,0.0,32.26,6.103966387748303,5.106527394840706,0.0,6.041840829147961,0.0,5.563451491696996,0.0,0.0,44.30324452467586,5.316788604006331,0.0,0.0,0.0,0.0,0.0,0.0,0.0,0.0,0.0,0.0,26.83333333333333,0.4,12.0,2.0,2.0,0.0,0.0,0.0,1.0,0.0,1.0,2.0,2.0,2.0,3.0,0.0,0.0,0.0,1.0,1.3279,49.92350000000003,0.0,1.0,1.0,0.0,0.0,0.0,0.0,0.0,0.0,0.0,0.0,0.0,0.0,0.0,0.0,0.0,1.0,0.0,0.0,1.0,0.0,0.0,0.0,0.0,0.0,0.0,0.0,0.0,0.0,0.0,0.0,0.0,0.0,0.0,1.0,0.0,0.0,0.0,0.0,0.0,0.0,0.0,0.0,0.0,0.0,0.0,0.0,0.0,0.0,0.0,0.0,0.0,0.0,0.0,0.0,0.0,0.0,0.0,0.0,0.0,0.0,0.0,0.0,0.0,0.0,0.0,0.0,0.0,0.0,0.0,0.0,0.0,0.0,0.0,0.0,0.0,0.0,0.0,0.0,0.0,0.0,0.0,0.0,0.0,0.0
CID1548943,COc1cc(CNC(=O)CCCC/C=C/C(C)C)ccc1O,0,1.0,0.0,1.0,,0.0,0.0,1.0,0,11.768937258545392,0.0554453787687914,11.768937258545392,0.0554453787687914,0.5388605597174689,305.418,278.202,305.199093724,122.0,0.0,0.2197603474876974,-0.5042545920952964,0.5042545920952964,0.2197603474876974,1.3636363636363635,2.136363636363636,2.8181818181818183,2.229830766701327,495.10567763230114,16.372032720186702,13.76334569749818,13.76334569749818,10.524075805453151,7.818412917679893,7.818412917679893,5.700882111716634,5.700882111716634,3.279427365105586,3.279427365105586,2.0371673687433556,2.0371673687433556,-1.9699999999999995,62666.952815086355,18.079925112331505,9.874350582736596,7.1570315426235425,132.74026872542672,15.160178952647083,0.0,11.49902366656781,5.907179729351506,0.0,0.0,4.794537184071822,0.0,0.0,0.0,32.065881681510625,42.87655654355964,12.965578028838586,7.109797541277533,14.637927532712576,5.907179729351506,0.0,5.316788604006331,5.917906046161393,46.07551729699786,7.109797541277533,35.91459291074959,0.0,11.49902366656781,10.05365155780638,0.0,11.49902366656781,0.0,18.123504665469746,11.339293589984395,5.917906046161393,45.094212382782274,30.351141419052592,0.0,0.0,0.0,58.56,0.0,9.901064578912528,0.0,11.65669156263541,24.63299590828388,24.825916360475023,7.109797541277533,18.19910120538483,0.0,31.316303217055346,4.736862953800049,0.0,0.0,0.0,0.0,0.0,0.0,0.0,0.0,0.0,50.49999999999999,0.5,22.0,2.0,4.0,0.0,0.0,0.0,1.0,0.0,1.0,3.0,2.0,4.0,9.0,0.0,0.0,0.0,1.0,3.789600000000003,88.95150000000004,0.0,0.0,0.0,0.0,0.0,0.0,0.0,1.0,0.0,0.0,1.0,1.0,0.0,0.0,0.0,0.0,1.0,0.0,0.0,0.0,0.0,0.0,0.0,0.0,0.0,0.0,2.0,1.0,0.0,0.0,0.0,0.0,0.0,0.0,1.0,0.0,0.0,0.0,0.0,0.0,0.0,1.0,0.0,0.0,0.0,0.0,0.0,0.0,0.0,0.0,0.0,0.0,0.0,0.0,0.0,1.0,0.0,0.0,0.0,0.0,0.0,0.0,0.0,0.0,0.0,1.0,1.0,0.0,0.0,0.0,0.0,0.0,0.0,0.0,0.0,0.0,0.0,0.0,0.0,0.0,0.0,0.0,0.0,2.0,0.0
CID15387,CC1CCN(CCCC(=O)c2ccc(F)cc2)CC1,1,1.0,0.0,1.0,,1.0,0.0,1.0,1,12.758572334956057,-0.2926050425554738,12.758572334956057,0.1160902725287649,0.7575355295986883,263.356,241.17999999999995,263.168542544,104.0,0.0,0.1624247525175456,-0.3033032166059697,0.3033032166059697,0.1624247525175456,1.263157894736842,1.894736842105263,2.526315789473684,1.704234224725637,407.2620391748402,13.664925939000156,11.569925173227013,11.569925173227013,9.147867045540842,7.160557125543603,7.160557125543603,5.557785521846127,5.557785521846127,3.920630344264702,3.920630344264702,2.5290087739742444,2.5290087739742444,-1.2199999999999998,22333.766658017896,14.19464363443765,6.804611740703177,4.425468414141742,114.1618842831072,4.899909730850478,5.817220841045895,5.783244946364939,0.0,0.0,0.0,4.794537184071822,4.39041504767482,0.0,0.0,6.923737199690624,69.08010840652358,11.984273114623004,0.0,9.184952231746642,5.783244946364939,0.0,4.899909730850478,5.917906046161393,32.60702369139466,19.634269217737724,35.646140606589334,0.0,0.0,0.0,4.39041504767482,0.0,0.0,30.317423894953144,0.0,11.735126887207288,42.96501236716348,24.26546827384644,0.0,0.0,0.0,20.31,0.0,9.184952231746642,0.0,11.600465787410831,11.984273114623004,31.97299688682513,24.97437738277524,12.13273413692322,0.0,11.823646930541102,0.0,0.0,0.0,0.0,0.0,0.0,0.0,0.0,0.0,12.758572334956057,31.07476099837729,0.5625,19.0,0.0,2.0,0.0,1.0,1.0,1.0,0.0,1.0,2.0,0.0,3.0,5.0,0.0,1.0,1.0,2.0,3.520500000000003,74.80250000000004,0.0,0.0,0.0,0.0,0.0,0.0,0.0,0.0,0.0,0.0,1.0,1.0,0.0,0.0,0.0,1.0,0.0,0.0,0.0,0.0,1.0,0.0,0.0,0.0,0.0,0.0,0.0,0.0,0.0,0.0,0.0,0.0,0.0,0.0,1.0,0.0,0.0,0.0,0.0,0.0,0.0,0.0,0.0,0.0,1.0,0.0,0.0,0.0,0.0,0.0,0.0,1.0,1.0,0.0,0.0,0.0,0.0,0.0,0.0,0.0,0.0,0.0,0.0,0.0,0.0,0.0,0.0,0.0,0.0,1.0,0.0,0.0,0.0,0.0,0.0,0.0,0.0,0.0,0.0,0.0,0.0,0.0,0.0,0.0,0.0
CID5897,CC(=O)Nc1ccc2c(c1)Cc1ccccc1-2,1,0.0,0.0,1.0,,0.0,0.0,0.0,1,11.020471151423532,-0.0273508230452672,11.020471151423532,0.0273508230452672,0.6739434898699772,223.275,210.17099999999996,223.099714036,84.0,0.0,0.2207475648113399,-0.326327901358412,0.326327901358412,0.2207475648113399,1.0588235294117647,1.8235294117647056,2.6470588235294117,2.0368668949211246,601.6208569648081,11.828062645816686,9.656806955977792,9.656806955977792,8.237183443017882,5.726615067320691,5.726615067320691,4.387036212671414,4.387036212671414,3.11404910174106,3.11404910174106,2.4261431271102087,2.4261431271102087,-2.0899999999999994,12916.788302888795,10.088920230629263,3.736217578787449,1.7159122448523465,100.2888767988734,5.316788604006331,0.0,0.0,5.907179729351506,0.0,0.0,4.794537184071822,0.0,0.0,0.0,30.33183534230805,40.80736172663721,12.611123474374184,0.0,4.794537184071822,11.594566004035068,0.0,0.0,0.0,13.344558822616634,5.316788604006331,53.59147246262526,0.0,11.126902983393991,5.316788604006331,5.687386274683562,0.0,0.0,5.907179729351506,11.21535880699783,0.0,18.050640183084617,42.46456947923127,0.0,11.126902983393991,0.0,29.1,0.0,4.794537184071822,0.0,5.907179729351506,0.0,12.10820789760957,29.177543166478603,0.0,6.06636706846161,41.71499101477599,0.0,0.0,0.0,0.0,0.0,0.0,0.0,0.0,0.0,0.0,37.0,0.1333333333333333,17.0,1.0,2.0,1.0,0.0,1.0,2.0,0.0,2.0,1.0,1.0,2.0,1.0,0.0,0.0,0.0,3.0,3.2162000000000015,68.98770000000003,0.0,0.0,0.0,0.0,0.0,0.0,0.0,0.0,0.0,0.0,1.0,1.0,0.0,0.0,0.0,0.0,1.0,0.0,0.0,0.0,0.0,0.0,0.0,0.0,0.0,0.0,0.0,1.0,0.0,1.0,0.0,0.0,0.0,0.0,2.0,0.0,3.0,0.0,0.0,0.0,0.0,0.0,0.0,0.0,0.0,0.0,0.0,0.0,0.0,0.0,0.0,0.0,0.0,0.0,0.0,0.0,0.0,0.0,0.0,0.0,0.0,0.0,0.0,0.0,0.0,0.0,0.0,0.0,0.0,0.0,0.0,0.0,0.0,0.0,0.0,0.0,0.0,0.0,0.0,0.0,0.0,0.0,0.0,0.0,0.0
CID2973,CC(=O)N(O)CCCCCNC(=O)CCC(=O)N(O)CCCCCNC(=O)CCC(=O)N(O)CCCCCN,1,0.0,0.0,0.0,,0.0,0.0,0.0,1,11.982260898260376,-0.5484284749786721,11.982260898260376,0.0190796224316869,0.0595799699294968,560.6930000000002,512.3090000000003,560.353362496,226.0,0.0,0.2459286297044533,-0.3560941860761987,0.3560941860761987,0.2459286297044533,0.5641025641025641,0.9487179487179488,1.3333333333333333,3.7506113991547503,739.3513782599549,29.468044558434496,23.23690213705309,23.23690213705309,18.57749381806795,13.76969305148361,13.76969305148361,9.346482944280831,9.346482944280831,5.882887728431913,5.882887728431913,3.4476622155617926,3.4476622155617926,-2.8100000000000005,131941435.66106305,36.19,23.10991870094547,20.781044079529057,230.26940510342789,16.367244685174846,0.0,0.0,29.535898646757527,0.0,0.0,39.594444994690974,15.189653174896048,0.0,0.0,6.4208216229260096,57.91132938932066,65.33080572095754,0.0,39.594444994690974,29.535898646757527,0.0,25.823230382908708,5.733667477162185,90.39441829772878,39.26853843547545,0.0,0.0,0.0,16.367244685174846,0.0,0.0,0.0,99.61584933146092,23.97268592035911,0.0,90.39441829772878,0.0,0.0,0.0,0.0,205.84,17.721539188054518,39.594444994690974,0.0,57.13191516814478,73.34885213018984,19.26246486877803,6.923737199690624,0.0,0.0,10.633577208012662,5.733667477162185,0.0,0.0,0.0,0.0,0.0,0.0,0.0,0.0,0.0,106.83333333333334,0.8,39.0,7.0,14.0,0.0,0.0,0.0,0.0,0.0,0.0,9.0,6.0,14.0,23.0,0.0,0.0,0.0,0.0,0.9221000000000046,141.26729999999998,0.0,0.0,0.0,0.0,0.0,0.0,0.0,0.0,0.0,0.0,5.0,5.0,0.0,0.0,0.0,3.0,2.0,1.0,6.0,0.0,0.0,0.0,0.0,0.0,0.0,0.0,0.0,5.0,0.0,0.0,0.0,0.0,0.0,0.0,0.0,0.0,0.0,0.0,0.0,0.0,0.0,0.0,0.0,0.0,0.0,0.0,0.0,0.0,0.0,0.0,0.0,0.0,0.0,0.0,0.0,0.0,0.0,0.0,0.0,0.0,0.0,0.0,0.0,0.0,0.0,0.0,0.0,0.0,0.0,0.0,0.0,0.0,0.0,0.0,0.0,0.0,0.0,0.0,0.0,0.0,0.0,0.0,0.0,8.0,0.0
CID4174,CC(C)(C(=O)c1cccnc1)c1cccnc1,0,0.0,0.0,0.0,,0.0,0.0,0.0,0,12.399077853363568,-0.5860185185185185,12.399077853363568,0.0542592592592596,0.755476256361758,226.279,212.16699999999997,226.110613068,86.0,0.0,0.1739180349525121,-0.2931377661023779,0.2931377661023779,0.1739180349525121,1.0588235294117647,1.7058823529411764,2.235294117647059,2.371936959939713,506.2601234838162,12.303118619434358,9.92147763498079,9.92147763498079,8.121027033568037,5.474953575933162,5.474953575933162,4.437524944295081,4.437524944295081,2.8746055898516305,2.8746055898516305,1.7214781795637757,1.7214781795637757,-2.03,8781.076030407103,11.455255502156714,4.454042614687935,2.228492726961196,100.5490838450842,0.0,0.0,5.783244946364939,0.0,0.0,0.0,14.76249422596624,0.0,0.0,0.0,6.06636706846161,37.61002709646307,30.3508257781493,5.41499046939678,4.794537184071822,5.783244946364939,0.0,9.967957041894415,0.0,19.26246486877803,0.0,60.17974554369273,0.0,0.0,0.0,0.0,0.0,0.0,15.751201988259355,5.41499046939678,0.0,29.76891456684706,49.05284256029874,0.0,0.0,0.0,42.85,5.41499046939678,4.794537184071822,0.0,5.783244946364939,5.563451491696996,5.563451491696996,0.0,36.92010842337552,25.980208536304467,9.967957041894415,0.0,0.0,0.0,0.0,0.0,0.0,0.0,0.0,0.0,0.0,39.24999999999999,0.2142857142857142,17.0,0.0,3.0,0.0,0.0,0.0,0.0,2.0,2.0,3.0,0.0,3.0,3.0,0.0,0.0,0.0,2.0,2.637100000000001,65.83050000000004,0.0,0.0,0.0,0.0,0.0,2.0,0.0,0.0,0.0,0.0,1.0,1.0,0.0,0.0,0.0,2.0,0.0,0.0,0.0,0.0,0.0,0.0,0.0,0.0,0.0,0.0,0.0,0.0,0.0,0.0,0.0,0.0,0.0,0.0,0.0,0.0,0.0,0.0,0.0,0.0,0.0,0.0,0.0,0.0,0.0,0.0,0.0,0.0,0.0,0.0,0.0,1.0,1.0,0.0,0.0,0.0,0.0,0.0,0.0,0.0,0.0,0.0,0.0,0.0,0.0,0.0,0.0,0.0,0.0,0.0,0.0,0.0,0.0,2.0,0.0,0.0,0.0,0.0,0.0,0.0,0.0,0.0,0.0,0.0,0.0
CID39765,CC(=O)O[C@H]1C[C@@H]2CC[C@@H]3[C@H](CC[C@@]4(C)[C@H]3C[C@H]([N+]3(C)CCCCC3)[C@@H]4OC(C)=O)[C@@]2(C)C[C@@H]1N1CCCCC1,0,1.0,1.0,0.0,,0.0,1.0,1.0,0,12.494632858257877,-0.1105791422782769,12.494632858257877,0.0466489360640693,0.3151098082587802,557.8400000000003,500.3840000000004,557.4312847240899,226.0,0.0,0.3026503849097713,-0.4608819548993317,0.4608819548993317,0.3026503849097713,0.8,1.475,2.15,1.288785713967552,957.5883692364076,28.28588180363028,26.167037786543677,26.167037786543677,19.04913304526641,16.977550517390423,16.977550517390423,15.773480827336172,15.773480827336172,13.701152203165131,13.701152203165131,11.721572308946715,11.721572308946715,-1.14,1012586911.6684866,28.955212786861313,10.848188792052536,4.849921274898807,243.0271273678456,13.956756765294722,12.145807216896262,6.103966387748303,0.0,0.0,11.9386105759037,14.488984098994122,0.0,0.0,0.0,20.268296022307258,112.80516531805364,31.725127320852,20.13718479450234,23.54583113343836,11.9386105759037,0.0,4.899909730850478,34.501605123439134,135.45724433059314,33.22669760632749,0.0,0.0,0.0,0.0,0.0,0.0,0.0,78.83986320456881,19.06280027574374,34.501605123439134,111.16562989680064,0.0,0.0,0.0,0.0,55.84,0.0,9.589074368143644,0.0,29.56153382079708,35.25239026617688,29.91127133860718,90.13937228693727,13.847474399381248,0.0,25.795056112908917,9.473725907600098,0.0,0.0,0.0,0.0,0.0,0.0,0.0,0.0,1.0996185105260752,75.40038148947394,0.9411764705882352,40.0,0.0,6.0,4.0,2.0,6.0,0.0,0.0,0.0,5.0,0.0,6.0,4.0,4.0,2.0,6.0,6.0,5.965900000000007,156.37039999999976,0.0,0.0,0.0,0.0,0.0,0.0,0.0,0.0,0.0,0.0,2.0,2.0,0.0,0.0,0.0,2.0,0.0,0.0,0.0,1.0,2.0,0.0,0.0,0.0,0.0,0.0,0.0,0.0,0.0,0.0,0.0,0.0,0.0,0.0,0.0,0.0,5.0,0.0,0.0,0.0,2.0,2.0,0.0,0.0,0.0,0.0,0.0,0.0,0.0,0.0,0.0,0.0,0.0,0.0,0.0,0.0,0.0,0.0,0.0,0.0,0.0,0.0,0.0,0.0,0.0,0.0,0.0,0.0,0.0,2.0,0.0,0.0,0.0,0.0,1.0,0.0,0.0,0.0,0.0,0.0,0.0,0.0,0.0,0.0,0.0
CID65833,CCN(CC)C(=O)[C@]1(c2ccccc2)C[C@@H]1CN,1,0.0,0.0,1.0,,1.0,0.0,0.0,1,12.72967970521542,-0.3452083333333331,12.72967970521542,0.2445833333333336,0.8603942445298217,246.354,224.1779999999999,246.173213324,98.0,0.0,0.2330511109470703,-0.3424750924421139,0.3424750924421139,0.2330511109470703,1.3333333333333333,1.9444444444444444,2.388888888888889,2.324807176888777,413.76159501340936,13.173362107437434,11.225340895037396,11.225340895037396,8.701072483243493,6.752057036491317,6.752057036491317,4.951570565099557,4.951570565099557,4.110895397764463,4.110895397764463,2.8817400074937756,2.8817400074937756,-1.35,22791.6856759317,13.090417626335174,5.105224589522321,1.925630545546896,108.97129746279708,10.633577208012664,0.0,0.0,5.907179729351506,0.0,0.0,4.794537184071822,0.0,0.0,0.0,30.33183534230805,38.29440996607822,13.08951281182515,5.41499046939678,4.794537184071822,5.907179729351506,0.0,4.899909730850478,11.651573523323576,25.68328649170404,19.634269217737724,35.89528683400505,0.0,0.0,5.733667477162185,0.0,0.0,0.0,30.44135867793971,10.2095276534686,5.917906046161393,25.831747514004253,30.33183534230805,0.0,0.0,0.0,46.33,0.0,4.794537184071822,0.0,11.322170198748283,12.462662452073968,25.073785926448156,0.0,0.0,36.94648533561656,12.13273413692322,5.733667477162185,0.0,0.0,0.0,0.0,0.0,0.0,0.0,0.0,0.0,38.91666666666668,0.5333333333333333,18.0,2.0,3.0,1.0,0.0,1.0,1.0,0.0,1.0,2.0,1.0,3.0,5.0,1.0,0.0,1.0,2.0,1.7714,73.20940000000004,0.0,0.0,0.0,0.0,0.0,0.0,0.0,0.0,0.0,0.0,1.0,1.0,0.0,0.0,0.0,1.0,0.0,1.0,0.0,1.0,0.0,0.0,0.0,0.0,0.0,0.0,0.0,1.0,0.0,0.0,0.0,0.0,0.0,0.0,1.0,0.0,0.0,0.0,0.0,0.0,0.0,0.0,0.0,0.0,0.0,0.0,0.0,0.0,0.0,0.0,0.0,0.0,0.0,0.0,0.0,0.0,0.0,0.0,0.0,0.0,0.0,0.0,0.0,0.0,0.0,0.0,0.0,0.0,0.0,0.0,0.0,0.0,0.0,0.0,0.0,0.0,0.0,0.0,0.0,0.0,0.0,0.0,0.0,0.0,0.0
CID20469,C[C@H]1C[C@H]2[C@@H]3CCC4=CC(=O)C=C[C@]4(C)[C@@]3(Cl)[C@@H](O)C[C@]2(C)[C@@]1(O)C(=O)CO,0,0.0,0.0,0.0,,0.0,0.0,1.0,0,12.60765416687923,-1.6795567470815485,12.60765416687923,0.0567264131254481,0.6084933991367777,408.9220000000002,379.69000000000017,408.17035170799994,154.0,0.0,0.1899061758286525,-0.3912121250511634,0.3912121250511634,0.1899061758286525,1.3214285714285714,2.0,2.642857142857143,1.83769187946728,804.7488254884713,20.698306133819763,16.613087630696945,17.3690165767154,12.963233394208578,10.142335326732525,10.520299799741752,9.749150873950828,10.374568890927424,8.79125320497435,9.716020369738043,7.26103317002553,7.783738811468896,-1.0100000000000002,1500075.6365228966,20.27040901930075,6.004808431689389,2.0882150569274196,170.0095164352301,15.319582184522115,12.207932775496603,11.566489892729878,0.0,0.0,0.0,9.589074368143644,0.0,0.0,11.600939890232516,32.42033623597502,55.58904484385597,10.82998093879356,10.978138679189412,24.90865655266576,23.16742978296239,0.0,0.0,28.583699077277743,63.033687580949014,6.606881964512918,23.80116485057091,0.0,0.0,0.0,0.0,0.0,11.600939890232516,50.072143531938,9.589074368143644,28.583699077277743,46.454498090775914,23.80116485057091,0.0,0.0,0.0,94.83,39.799297339844514,24.90865655266576,0.0,29.95778470777513,19.26246486877803,5.573104530069267,6.076020106833881,6.076020106833881,26.847231705905752,0.0,11.600939890232516,0.0,7.30339137867081,0.0,0.0,0.0,0.0,0.0,0.0,0.0,63.64105306577363,0.7272727272727273,28.0,3.0,5.0,4.0,0.0,4.0,0.0,0.0,0.0,5.0,3.0,6.0,2.0,3.0,0.0,3.0,4.0,2.1650000000000005,104.68940000000003,0.0,3.0,2.0,0.0,0.0,0.0,0.0,0.0,0.0,0.0,2.0,2.0,0.0,0.0,0.0,0.0,0.0,0.0,0.0,0.0,0.0,0.0,0.0,0.0,0.0,1.0,4.0,0.0,0.0,0.0,0.0,0.0,0.0,0.0,0.0,0.0,5.0,0.0,0.0,0.0,0.0,0.0,0.0,0.0,1.0,0.0,0.0,0.0,0.0,0.0,0.0,2.0,1.0,0.0,0.0,0.0,0.0,0.0,0.0,0.0,0.0,0.0,0.0,0.0,0.0,0.0,0.0,0.0,0.0,0.0,0.0,0.0,0.0,0.0,0.0,0.0,0.0,0.0,0.0,0.0,0.0,0.0,0.0,0.0,0.0
CID5042,O=C(NC(Cc1cc(=O)[nH]c2ccccc12)C(=O)O)c1ccc(Cl)cc1,1,0.0,0.0,0.0,,0.0,0.0,0.0,1,12.306145282186948,-1.1836330694829365,12.306145282186948,0.0147853066123566,0.6424098340620328,370.792,355.672,370.07203464,132.0,0.0,0.3260563239798283,-0.4797085203839912,0.4797085203839912,0.3260563239798283,1.1153846153846154,1.8076923076923077,2.5,1.877638373542658,1027.638609412992,18.681433796945203,13.530532412983582,14.286461359002038,12.435560745775549,7.84018116362232,8.218145636631547,5.779712935559433,6.216148716031419,3.9700804154714495,4.222056730810935,2.708660481832034,2.8346486395017765,-3.119999999999999,705863.8741265627,17.694972963472257,7.409747989396093,3.920274123998849,152.9815067586462,15.407294519794243,6.041840829147961,0.0,5.559266895052007,5.907179729351506,5.969305287951849,9.589074368143644,4.794537184071822,0.0,0.0,29.800041095617345,35.89528683400505,33.976198428907,0.0,14.69560176298435,34.38034983961693,0.0,10.30076712495354,0.0,12.462662452073973,0.0,81.10064399241365,0.0,0.0,10.87605549905834,0.0,0.0,11.600939890232516,28.008831762239225,11.21535880699783,0.0,15.921440167465814,59.39184080022631,5.022633313741326,10.902924932081056,0.0,99.26,17.918325846451317,19.490138947056177,0.0,11.980088517978016,21.66623701475158,5.386224214464796,18.19910120538483,36.39820241076966,0.0,10.30076712495354,11.600939890232516,0.0,5.791786592809851,0.0,0.0,0.0,0.0,0.0,0.0,0.0,64.48599118496792,0.1052631578947368,26.0,3.0,6.0,0.0,0.0,0.0,2.0,1.0,3.0,3.0,3.0,7.0,5.0,0.0,0.0,0.0,3.0,2.6071999999999997,98.6147,1.0,0.0,0.0,0.0,0.0,1.0,1.0,0.0,1.0,1.0,2.0,1.0,0.0,0.0,0.0,0.0,2.0,0.0,0.0,0.0,0.0,1.0,0.0,0.0,0.0,0.0,0.0,1.0,0.0,0.0,0.0,0.0,0.0,0.0,2.0,0.0,1.0,0.0,0.0,0.0,0.0,0.0,0.0,0.0,1.0,0.0,0.0,0.0,0.0,0.0,0.0,0.0,0.0,0.0,0.0,0.0,0.0,0.0,0.0,0.0,0.0,0.0,0.0,0.0,1.0,0.0,0.0,0.0,0.0,0.0,0.0,0.0,0.0,1.0,0.0,0.0,0.0,0.0,0.0,0.0,0.0,0.0,0.0,0.0,0.0
CID5790,O=c1[nH]c(=O)n([C@H]2C[C@H](O)[C@@H](CO)O2)cc1F,1,0.0,0.0,0.0,,0.0,0.0,0.0,1,13.017899738599144,-1.1156127173091452,13.017899738599144,0.038310657596372,0.5776171321259124,246.194,235.1059999999999,246.065199672,94.0,0.0,0.3301231428271725,-0.3935688359787335,0.3935688359787335,0.3301231428271725,1.588235294117647,2.2941176470588234,2.8823529411764706,2.335396041923273,524.8528777321774,12.57698579026012,8.66796477003229,8.66796477003229,8.024075805453151,4.979819620087545,4.979819620087545,3.758392526268739,3.758392526268739,2.6186830775142353,2.6186830775142353,1.7248777727695055,1.7248777727695055,-1.51,7965.508655134308,11.960432307137284,4.39657731316238,2.1413804801647895,94.0901423233518,14.94991774348146,12.331867558483172,0.0,5.817220841045895,5.559266895052008,5.689743398203474,14.345615352810384,4.794537184071822,4.39041504767482,0.0,0.0,0.0,6.4208216229260096,18.907691923874296,19.34033279115628,0.0,0.0,9.551078168738565,0.0,24.85665556915748,6.606881964512918,32.85214907405809,0.0,0.0,11.24901029325548,4.39041504767482,0.0,0.0,38.578947698429495,4.736862953800049,5.817220841045895,12.64872279366088,15.78591793975672,0.0,0.0,0.0,104.55,42.10894704504577,19.086016810659167,0.0,6.4208216229260096,0.0,10.763943219404432,0.0,4.9839785209472085,0.0,0.0,9.843390348640757,0.0,0.0,0.0,0.0,0.0,0.0,0.0,0.0,13.860770108969517,42.13922989103048,0.5555555555555556,17.0,3.0,7.0,0.0,1.0,1.0,0.0,1.0,1.0,6.0,3.0,8.0,2.0,0.0,1.0,1.0,2.0,-1.6836,52.900300000000016,0.0,2.0,2.0,0.0,0.0,2.0,1.0,0.0,0.0,0.0,0.0,0.0,0.0,0.0,0.0,1.0,1.0,0.0,0.0,0.0,0.0,1.0,0.0,0.0,0.0,0.0,0.0,0.0,0.0,0.0,0.0,0.0,0.0,0.0,0.0,0.0,0.0,0.0,0.0,0.0,0.0,1.0,0.0,0.0,1.0,0.0,0.0,0.0,0.0,0.0,0.0,0.0,0.0,0.0,0.0,0.0,0.0,0.0,0.0,0.0,0.0,0.0,0.0,0.0,0.0,0.0,0.0,0.0,0.0,0.0,0.0,0.0,0.0,0.0,0.0,0.0,0.0,0.0,0.0,0.0,0.0,0.0,0.0,0.0,0.0
CID443874,CCOC(=O)[C@H](CCc1ccccc1)N[C@H]1CS[C@H](c2cccs2)CN(CC(=O)O)C1=O,1,0.0,0.0,0.0,,0.0,0.0,0.0,1,13.224388498856843,-1.0556019445098073,13.224388498856843,0.0042017604409381,0.5091213011621881,476.6200000000003,448.39600000000024,476.1439639959999,172.0,0.0,0.3227007733526466,-0.4799249775741558,0.4799249775741558,0.3227007733526466,1.25,2.03125,2.6875,1.751127893208421,891.0564112369835,22.92407448406449,17.937410581988267,19.570403743843716,15.473565548236332,10.597404154197134,12.525811755432688,7.498054068455215,9.713028637013185,5.184692583217039,7.651031635672284,3.629228044310488,5.889487457280918,-2.359999999999999,17024329.102642782,24.285736405612447,12.034130008553658,6.8175595693887665,195.69242809061,14.743300079491233,12.586597235060536,0.0,5.907179729351506,0.0,11.9386105759037,19.700400156221797,0.0,0.0,23.098670827325854,36.39820241076966,36.77526177616716,17.174757206360663,17.898660823643052,24.227001900856216,40.944461132581054,0.0,10.216698334856808,0.0,37.09900013382074,25.449248383084857,58.28523093509548,0.0,0.0,5.316788604006331,0.0,0.0,23.098670827325854,65.38515747232717,25.54129612894152,0.0,29.0350955379971,47.844632249697185,0.0,0.0,0.0,95.94,24.022292234199615,19.49013894705617,0.0,24.30875612975917,25.139253258511385,10.440598685398296,4.899909730850478,30.022408027016475,47.844632249697185,5.316788604006331,4.736862953800049,0.0,3.1988186210457688,0.0,0.0,0.0,0.0,0.0,0.0,0.0,74.80118137895423,0.4347826086956521,32.0,2.0,7.0,0.0,1.0,1.0,1.0,1.0,2.0,7.0,2.0,9.0,10.0,0.0,1.0,1.0,3.0,2.9719000000000007,125.84150000000008,1.0,0.0,0.0,0.0,0.0,0.0,0.0,0.0,1.0,1.0,3.0,2.0,0.0,0.0,0.0,1.0,1.0,0.0,0.0,0.0,0.0,0.0,0.0,0.0,0.0,0.0,0.0,1.0,0.0,0.0,1.0,0.0,0.0,0.0,1.0,0.0,0.0,0.0,0.0,0.0,1.0,1.0,0.0,0.0,0.0,0.0,0.0,0.0,0.0,0.0,0.0,0.0,0.0,0.0,0.0,0.0,0.0,0.0,0.0,0.0,0.0,0.0,0.0,0.0,0.0,0.0,0.0,0.0,0.0,0.0,0.0,0.0,0.0,0.0,0.0,1.0,0.0,0.0,0.0,0.0,0.0,0.0,1.0,0.0,0.0
CID5362065,C=CC1=C(C(=O)O)N2C(=O)[C@@H](NC(=O)C(=NOCC(=O)O)c3csc(N)n3)[C@H]2SC1,0,0.0,0.0,0.0,,0.0,0.0,0.0,0,12.717799981103552,-1.300251748893211,12.717799981103552,0.0420176115671251,0.226185255065016,453.45800000000014,438.33800000000014,453.04128982,158.0,0.0,0.3524647849245204,-0.4786463774807527,0.4786463774807527,0.3524647849245204,1.4666666666666666,2.2,2.7666666666666666,1.7938504712447687,1001.8616193320452,21.999271042140983,15.101877700254606,16.734870862110057,14.239289860616424,8.217460253930195,10.145867855165749,5.922115120645617,7.916788593249166,4.056860072540185,6.032926926533474,2.7621597229858104,4.650088959049168,-3.39,4078187.3425750975,21.322018502389824,8.542986842288613,3.993559368793998,176.61495218218533,26.10109945458656,22.806680950020997,10.843243482610037,6.606881964512918,11.814359458703011,11.9386105759037,14.48898409899412,14.573052889090851,0.0,23.098670827325854,17.81066851718292,5.573104530069267,11.132916377212704,0.0,34.22879210970533,57.6948843445426,0.0,15.200676855804016,5.15571272675054,11.4157136421167,18.09340304842189,34.99909039887186,0.0,0.0,11.050456081168516,5.131558479839333,0.0,23.098670827325854,73.33704729223291,24.01573732002392,0.0,5.693927994848461,34.460875130773935,0.0,0.0,0.0,184.51,41.775565641236334,24.28467613112799,0.0,22.234210790514332,11.325958136816055,16.236695608785215,23.21796782669091,0.0,0.0,26.87300411903921,10.84019487200289,0.0,2.296980501767763,0.0,0.0,0.0,0.0,0.0,0.0,0.0,87.03635283156555,0.25,30.0,5.0,12.0,0.0,2.0,2.0,0.0,1.0,1.0,10.0,4.0,14.0,8.0,0.0,1.0,1.0,3.0,-0.5447999999999991,106.5327,2.0,0.0,0.0,1.0,0.0,1.0,0.0,0.0,2.0,2.0,4.0,2.0,0.0,0.0,0.0,3.0,1.0,1.0,0.0,0.0,0.0,0.0,0.0,0.0,0.0,0.0,1.0,2.0,0.0,1.0,0.0,0.0,0.0,0.0,0.0,0.0,1.0,0.0,0.0,0.0,0.0,0.0,0.0,0.0,0.0,0.0,0.0,0.0,0.0,0.0,0.0,0.0,0.0,1.0,0.0,0.0,0.0,0.0,0.0,0.0,0.0,0.0,0.0,1.0,0.0,0.0,0.0,0.0,0.0,0.0,0.0,0.0,0.0,0.0,0.0,1.0,0.0,0.0,0.0,0.0,1.0,0.0,0.0,0.0,0.0
CID5556,Cc1nnc2n1-c1ccc(Cl)cc1C(c1ccccc1Cl)=NC2,0,1.0,1.0,0.0,,0.0,1.0,1.0,0,6.385065700148371,0.4381900352733687,6.385065700148371,0.4381900352733687,0.6634881818264521,343.21700000000004,331.121,342.043901744,114.0,0.0,0.1588744327428707,-0.2809619715976761,0.2809619715976761,0.1588744327428707,1.0,1.826086956521739,2.652173913043478,2.0274961737508224,943.5164678122118,15.97432701575866,12.293341993532216,13.805199885569127,11.147867045540844,7.154770557021424,7.910699503039878,5.305003403138377,6.1486393103509664,3.854067243527103,4.418752567354888,2.833355286507282,3.2306949579029305,-2.169999999999999,280153.6570741006,14.424029889645306,5.476836017977725,2.3467292305180467,142.96332309881646,0.0,12.3691609039125,5.824404497999927,0.0,0.0,0.0,9.559504380427024,0.0,0.0,10.197363616602075,41.40098098584986,31.18920547353706,21.172169610876644,11.399071277454263,0.0,28.913564783235735,0.0,14.76446326439343,4.992404732635669,13.4684936056032,0.0,75.28554808610777,0.0,5.687386274683562,0.0,0.0,0.0,23.20187978046503,20.476148267164135,6.544756405912575,6.923737199690624,22.775711979393844,47.45697421186694,10.045266627482652,5.687386274683562,0.0,43.07,0.0,0.0,0.0,0.0,16.590023033395227,34.17478325684811,0.0,0.0,53.955406326713245,10.197363616602075,28.1942845131007,0.0,12.61988431174939,0.0,0.0,0.0,0.0,0.0,0.0,2.0129037540942303,35.422767489711944,0.1176470588235294,23.0,0.0,4.0,0.0,1.0,1.0,2.0,1.0,3.0,4.0,0.0,6.0,1.0,0.0,0.0,0.0,4.0,4.233520000000002,91.90100000000002,0.0,0.0,0.0,0.0,0.0,3.0,0.0,0.0,0.0,0.0,0.0,0.0,0.0,0.0,1.0,4.0,0.0,0.0,0.0,0.0,0.0,0.0,0.0,0.0,0.0,0.0,0.0,0.0,0.0,0.0,1.0,0.0,0.0,0.0,2.0,0.0,3.0,0.0,0.0,0.0,0.0,0.0,0.0,0.0,2.0,0.0,0.0,0.0,0.0,0.0,0.0,0.0,0.0,0.0,0.0,0.0,0.0,0.0,0.0,0.0,0.0,0.0,0.0,0.0,0.0,0.0,0.0,0.0,0.0,0.0,0.0,0.0,0.0,0.0,0.0,0.0,0.0,0.0,0.0,0.0,0.0,0.0,0.0,0.0,0.0
CID51263,CCC(=O)N(c1ccccc1)C1(COC)CCN(CCn2nnn(CC)c2=O)CC1,0,1.0,0.0,0.0,,0.0,0.0,0.0,0,12.953414641442134,-0.3731364140008621,12.953414641442134,0.1059555635051323,0.6140453744926113,416.52600000000024,384.2700000000001,416.25358888400007,164.0,0.0,0.3631885678220014,-0.3822342881423763,0.3822342881423763,0.3631885678220014,1.1,1.7666666666666666,2.3333333333333335,1.714930453713637,870.3669025403943,21.56226716449869,18.158738821018396,18.158738821018396,14.541172426285495,10.643455261625771,10.643455261625771,7.717611093089045,7.717611093089045,5.865487316820393,5.865487316820393,4.192938059317501,4.192938059317501,-2.52,6839941.261245407,22.171635568303785,9.991698775025132,4.621561447169426,176.74152058584414,14.536682415501003,0.0,0.0,5.907179729351506,0.0,5.689743398203474,4.794537184071822,4.794537184071822,9.36360587029037,0.0,25.122838405075452,42.32488477377561,45.3970310625374,18.69056362280884,9.53140013787187,11.594566004035068,0.0,24.690285792450585,0.0,51.738377332367776,38.25085845437866,40.81611592458334,0.0,0.0,10.589653129053952,5.687386274683562,0.0,0.0,69.48733949771362,22.620912949697026,0.0,33.10993926815928,35.126372526379875,0.0,0.0,0.0,85.49000000000001,0.0,9.589074368143644,0.0,17.135848379938324,26.11721639926408,38.16329873827331,9.36360587029037,7.109797541277533,49.079219472539776,15.326679922160212,4.736862953800049,0.0,0.0,0.0,0.0,0.0,0.0,0.0,0.0,2.7691525934549923,64.48084740654501,0.6190476190476191,30.0,0.0,9.0,0.0,1.0,1.0,1.0,1.0,2.0,8.0,0.0,9.0,9.0,0.0,1.0,1.0,3.0,1.3838999999999997,114.45600000000007,0.0,0.0,0.0,0.0,0.0,4.0,0.0,0.0,0.0,0.0,1.0,1.0,0.0,0.0,0.0,6.0,0.0,0.0,0.0,0.0,1.0,0.0,0.0,0.0,0.0,0.0,0.0,1.0,0.0,1.0,1.0,0.0,0.0,0.0,1.0,0.0,0.0,0.0,0.0,0.0,0.0,1.0,0.0,0.0,0.0,0.0,0.0,0.0,0.0,0.0,0.0,0.0,0.0,0.0,0.0,1.0,0.0,0.0,0.0,0.0,0.0,0.0,0.0,0.0,1.0,0.0,0.0,0.0,0.0,1.0,0.0,0.0,0.0,0.0,0.0,0.0,0.0,0.0,0.0,1.0,0.0,0.0,0.0,0.0,0.0
CID168924,O=C([O-])[O-],0,0.0,0.0,0.0,,0.0,0.0,0.0,0,8.333333333333334,-2.333333333333333,8.333333333333334,2.333333333333333,0.3115551865739392,60.008,60.008,59.98584101982,24.0,0.0,-0.0430884381949591,-0.6523038539350137,0.6523038539350137,0.0430884381949591,1.5,1.5,1.5,2.803039487674051,26.264662506490403,3.5773502691896257,1.7247448713915894,1.7247448713915894,1.7320508075688772,0.6123724356957946,0.6123724356957946,0.25,0.25,0.0,0.0,0.0,0.0,-0.73,3.2451124978365313,3.2700000000000005,0.7105286343612336,0.173734284105836,22.489240632265343,15.007591973753234,0.0,0.0,0.0,0.0,0.0,0.0,0.0,0.0,0.0,0.0,6.155365629538759,0.0,0.0,15.007591973753234,6.155365629538759,0.0,0.0,0.0,0.0,0.0,0.0,0.0,0.0,10.213054789681411,4.794537184071822,0.0,0.0,6.155365629538759,0.0,0.0,0.0,0.0,0.0,0.0,0.0,63.19,6.155365629538759,0.0,0.0,0.0,0.0,0.0,0.0,0.0,0.0,0.0,15.007591973753234,0.0,0.0,0.0,0.0,0.0,0.0,0.0,0.0,0.0,22.66666666666667,0.0,4.0,0.0,3.0,0.0,0.0,0.0,0.0,0.0,0.0,3.0,0.0,3.0,0.0,0.0,0.0,0.0,0.0,-2.447,5.396,0.0,0.0,0.0,0.0,0.0,0.0,0.0,0.0,0.0,2.0,1.0,1.0,0.0,0.0,0.0,0.0,0.0,0.0,0.0,0.0,0.0,0.0,0.0,0.0,0.0,0.0,0.0,0.0,0.0,0.0,0.0,0.0,0.0,0.0,0.0,0.0,0.0,0.0,0.0,0.0,0.0,0.0,0.0,0.0,0.0,0.0,0.0,0.0,0.0,0.0,0.0,0.0,0.0,0.0,0.0,0.0,0.0,0.0,0.0,0.0,0.0,0.0,0.0,0.0,0.0,0.0,0.0,0.0,0.0,0.0,0.0,0.0,0.0,0.0,0.0,0.0,0.0,0.0,0.0,0.0,0.0,0.0,0.0,0.0,0.0
CID4528,CN1Cc2c(N)cccc2C(c2ccccc2)C1,1,0.0,0.0,1.0,,1.0,1.0,1.0,1,6.117203640715546,0.4337499999999998,6.117203640715546,0.4337499999999998,0.7740399810607017,238.334,220.1899999999999,238.146998576,92.0,0.0,0.0362240750506828,-0.3984570755157052,0.3984570755157052,0.0362240750506828,1.0555555555555556,1.8333333333333333,2.611111111111111,2.107473718104637,548.2783480249916,12.535169427003234,10.634929849769314,10.634929849769314,8.75402019542349,6.362196750754461,6.362196750754461,5.0750402750907995,5.0750402750907995,3.7481259908904025,3.7481259908904025,2.847146316552829,2.847146316552829,-1.7999999999999994,19557.74097333027,11.29950489071368,4.4649612493444435,1.8880742346082224,108.0421589968343,10.633577208012664,0.0,0.0,0.0,0.0,0.0,0.0,0.0,0.0,0.0,42.46456947923127,29.804393526229784,24.69480513267011,0.0,0.0,5.687386274683562,0.0,4.899909730850478,0.0,12.462662452073968,19.32609586575195,65.22129102278387,0.0,0.0,5.733667477162185,5.687386274683562,0.0,0.0,18.492338119440245,6.544756405912575,0.0,22.60826052125238,48.53093654769288,0.0,0.0,0.0,29.26,0.0,0.0,0.0,0.0,5.917906046161393,18.776899086508713,16.690354475090988,0.0,6.06636706846161,54.412151192758934,5.733667477162185,0.0,0.0,0.0,0.0,0.0,0.0,0.0,0.0,0.0,35.00000000000001,0.25,18.0,2.0,2.0,0.0,1.0,1.0,2.0,0.0,2.0,2.0,1.0,2.0,1.0,0.0,0.0,0.0,3.0,2.8461000000000016,75.47340000000004,0.0,0.0,0.0,1.0,0.0,0.0,0.0,0.0,0.0,0.0,0.0,0.0,0.0,0.0,0.0,1.0,0.0,1.0,0.0,1.0,0.0,0.0,0.0,0.0,0.0,0.0,0.0,0.0,0.0,1.0,0.0,0.0,0.0,0.0,2.0,0.0,1.0,0.0,0.0,0.0,0.0,0.0,0.0,0.0,0.0,0.0,0.0,0.0,0.0,0.0,0.0,0.0,0.0,0.0,0.0,0.0,0.0,0.0,0.0,0.0,0.0,0.0,0.0,0.0,0.0,0.0,0.0,0.0,0.0,0.0,0.0,0.0,0.0,0.0,0.0,0.0,0.0,0.0,0.0,0.0,0.0,0.0,0.0,0.0,0.0
CID55245,CC#C[C@]1(O)CC[C@H]2[C@@H]3CCC4=CC(=O)CCC4=C3[C@@H](c3ccc(N(C)C)cc3)C[C@@]21C,0,1.0,1.0,1.0,,0.0,1.0,1.0,0,12.169554587724438,-0.9136036181447884,12.169554587724438,0.2209061633912825,0.6395257442251707,429.6040000000001,394.3240000000002,429.26677936,168.0,0.0,0.1558041091928166,-0.3776612068106211,0.3776612068106211,0.1558041091928166,1.09375,1.84375,2.53125,1.6691166225706533,1066.6143469067176,22.672997628507925,19.87122510328662,19.87122510328662,15.270805714029754,12.175028102037896,12.175028102037896,10.755530844922422,10.755530844922422,9.03010003887869,9.03010003887869,7.381018208616034,7.381018208616034,-2.3099999999999996,20203271.620464023,21.53125141484778,7.631144053139787,3.1060786587995866,192.137355986436,10.006437125691184,5.601050810983688,5.783244946364939,0.0,0.0,0.0,4.794537184071822,0.0,0.0,5.920434318855644,30.550010185538756,92.20289382516212,37.53644837852213,0.0,9.901064578912528,11.4706312210485,0.0,0.0,17.250802561719567,70.3121826170084,18.99525369620486,52.62425346258512,0.0,11.840868637711289,4.899909730850478,5.687386274683562,0.0,0.0,30.586167117543713,4.794537184071822,29.091671199430852,70.2745832977217,47.06080197088812,0.0,0.0,0.0,40.54,5.601050810983688,9.901064578912528,0.0,17.116141461923114,18.256633715248796,38.524929737556064,22.39704682651909,5.573104530069267,12.999757306524504,62.02532780745321,0.0,0.0,0.0,0.0,0.0,0.0,0.0,0.0,0.0,0.0,64.99999999999999,0.5517241379310345,32.0,1.0,3.0,4.0,0.0,4.0,1.0,0.0,1.0,3.0,1.0,3.0,2.0,2.0,0.0,2.0,5.0,5.406500000000006,129.4318,0.0,1.0,0.0,0.0,0.0,0.0,0.0,0.0,0.0,0.0,1.0,1.0,0.0,0.0,0.0,1.0,0.0,0.0,0.0,0.0,0.0,0.0,0.0,0.0,0.0,0.0,4.0,0.0,0.0,1.0,0.0,0.0,0.0,0.0,1.0,0.0,4.0,0.0,0.0,0.0,0.0,0.0,0.0,0.0,0.0,0.0,0.0,0.0,0.0,0.0,0.0,1.0,0.0,0.0,0.0,0.0,0.0,0.0,0.0,0.0,0.0,0.0,0.0,0.0,0.0,0.0,0.0,0.0,0.0,0.0,0.0,0.0,0.0,0.0,0.0,0.0,0.0,0.0,0.0,0.0,0.0,0.0,0.0,0.0,0.0
CID5526,NCC1CCC(C(=O)O)CC1,0,0.0,0.0,0.0,,1.0,0.0,0.0,0,10.518101379440663,-0.638452380952381,10.518101379440663,0.0992592592592596,0.6238523859342106,157.21299999999997,142.09299999999996,157.11027872,64.0,0.0,0.3059875234034773,-0.481026459786377,0.481026459786377,0.3059875234034773,1.3636363636363635,1.9090909090909092,2.272727272727273,2.297820229194632,139.02748440752185,8.267584713501616,6.623046599465436,6.623046599465436,5.236382105218448,4.165895820359902,4.165895820359902,3.2915892956067476,3.2915892956067476,2.529327525154791,2.529327525154791,1.6451014179148813,1.6451014179148813,-0.5700000000000001,335.4793897870248,8.525877277085332,3.715479048307071,2.1865402089758734,66.58366122432906,10.84019487200289,0.0,0.0,0.0,0.0,5.969305287951849,4.794537184071822,0.0,0.0,0.0,0.0,38.14594894377801,0.0,5.917906046161393,9.901064578912528,5.969305287951849,0.0,0.0,17.56947956948497,25.68328649170404,6.544756405912575,0.0,0.0,0.0,5.733667477162185,0.0,0.0,0.0,17.62058908870513,4.794537184071822,11.835812092322788,25.68328649170404,0.0,0.0,0.0,0.0,63.32000000000001,5.969305287951849,4.794537184071822,0.0,5.917906046161393,12.462662452073968,25.68328649170404,0.0,0.0,0.0,0.0,10.84019487200289,0.0,0.0,0.0,0.0,0.0,0.0,0.0,0.0,0.0,28.833333333333332,0.875,11.0,3.0,3.0,1.0,0.0,1.0,0.0,0.0,0.0,2.0,2.0,3.0,2.0,1.0,0.0,1.0,1.0,0.8361000000000001,42.13820000000001,1.0,0.0,0.0,0.0,0.0,0.0,0.0,0.0,1.0,1.0,1.0,0.0,0.0,0.0,0.0,0.0,0.0,1.0,0.0,0.0,0.0,0.0,0.0,0.0,0.0,0.0,0.0,0.0,0.0,0.0,0.0,0.0,0.0,0.0,0.0,0.0,0.0,0.0,0.0,0.0,0.0,0.0,0.0,0.0,0.0,0.0,0.0,0.0,0.0,0.0,0.0,0.0,0.0,0.0,0.0,0.0,0.0,0.0,0.0,0.0,0.0,0.0,0.0,0.0,0.0,0.0,0.0,0.0,0.0,0.0,0.0,0.0,0.0,0.0,0.0,0.0,0.0,0.0,0.0,0.0,0.0,0.0,0.0,0.0,0.0
CID9681,CC[C@@H](CO)NC(=O)[C@@H]1C=C2c3cccc4c3c(cn4C)C[C@H]2N(C)C1,0,1.0,1.0,1.0,,1.0,1.0,0.0,0,12.740930177626607,-0.1876218820861683,12.740930177626607,0.0090126081296721,0.8831423888921255,353.4660000000001,326.25000000000006,353.21032710400004,138.0,0.0,0.2280406865931608,-0.3942431481017148,0.3942431481017148,0.2280406865931608,1.3846153846153846,2.1923076923076925,2.923076923076923,1.7369566027293497,878.753686711251,18.421920772951363,15.697118355226936,15.697118355226936,12.528407103102724,9.43539072130879,9.43539072130879,7.649274681369276,7.649274681369276,5.970139541923738,5.970139541923738,4.47716378182753,4.47716378182753,-2.11,1134865.662222932,17.311158415599223,6.559988751741113,2.6632627532956077,153.8406334128062,14.990415646638391,0.0,0.0,5.907179729351506,0.0,0.0,9.6944469149223,0.0,0.0,0.0,25.132491443447723,42.65568981045408,36.73403772143186,18.566628839822272,9.901064578912528,22.38320919150183,0.0,14.783797982648164,12.965578028838582,31.84906210383857,20.19931035310268,41.59886786722578,0.0,0.0,5.316788604006331,0.0,0.0,0.0,52.76370851423264,18.26303078967502,5.917906046161393,24.471461806010623,30.471964883831788,0.0,16.476029462150326,0.0,57.5,0.0,9.901064578912528,0.0,24.473808569173777,12.586597235060536,12.84164324585202,27.60293244554432,0.0,6.923737199690624,59.35110683183433,0.0,0.0,0.0,0.0,0.0,0.0,0.0,0.0,0.0,2.197760715014503,53.302239284985504,0.4761904761904761,26.0,2.0,5.0,1.0,1.0,2.0,1.0,1.0,2.0,4.0,2.0,5.0,4.0,0.0,0.0,0.0,4.0,1.9351,103.81550000000004,0.0,1.0,1.0,0.0,0.0,1.0,0.0,0.0,0.0,0.0,1.0,1.0,0.0,0.0,0.0,2.0,1.0,0.0,0.0,1.0,0.0,0.0,0.0,0.0,0.0,0.0,0.0,1.0,0.0,0.0,1.0,0.0,0.0,0.0,1.0,0.0,2.0,0.0,0.0,0.0,0.0,0.0,0.0,0.0,0.0,0.0,0.0,0.0,0.0,0.0,0.0,0.0,0.0,0.0,0.0,0.0,0.0,0.0,0.0,0.0,0.0,0.0,0.0,0.0,0.0,0.0,0.0,0.0,0.0,0.0,0.0,0.0,0.0,0.0,0.0,0.0,0.0,0.0,0.0,0.0,0.0,0.0,0.0,0.0,0.0
CID60953,CCCCCOC(=O)Nc1nc(=O)n([C@@H]2O[C@H](C)[C@@H](O)[C@H]2O)cc1F,0,0.0,0.0,0.0,,0.0,0.0,0.0,0,14.116002199510046,-1.40625915889784,14.116002199510046,0.1768268110223376,0.640839151584694,359.35400000000004,337.17800000000005,359.149263644,140.0,0.0,0.4123829430229021,-0.4492816956425919,0.4492816956425919,0.4123829430229021,1.44,2.16,2.76,2.073729479994452,667.1570459543575,18.560113453385565,14.014990487558832,14.014990487558832,11.845443010499071,8.088182464795821,8.088182464795821,5.808266830020952,5.808266830020952,3.859745069256091,3.859745069256091,2.4222957165362535,2.4222957165362535,-2.0399999999999996,322177.7442506194,19.286922165768768,8.365261646418361,4.527287160716046,142.94320242284635,19.68678069728151,12.207932775496603,17.862984789615794,0.0,0.0,11.78298346914189,9.883888251797686,13.979489415818463,4.9839785209472085,0.0,19.765380445542643,13.344558822616634,0.0,18.907691923874296,28.87173292902815,11.911102848773442,0.0,9.551078168738565,0.0,57.64973960213905,11.923670568519247,22.498344994934268,0.0,0.0,11.006532002209806,15.002815009581669,0.0,0.0,50.77615415711621,9.473725907600098,5.817220841045895,39.33784043889415,10.991380755684895,0.0,0.0,0.0,122.91,47.957867422002586,24.19254420549988,0.0,6.606881964512918,6.4208216229260096,23.60558646525645,6.923737199690624,0.0,6.923737199690624,10.30076712495354,9.473725907600098,0.0,0.0,0.0,0.0,0.0,0.0,0.0,0.0,14.842670412900391,57.6573295870996,0.6666666666666666,25.0,3.0,9.0,0.0,1.0,1.0,0.0,1.0,1.0,8.0,3.0,10.0,6.0,0.0,1.0,1.0,2.0,0.7601999999999995,84.54830000000003,0.0,2.0,2.0,0.0,0.0,2.0,0.0,0.0,0.0,0.0,1.0,1.0,0.0,0.0,0.0,2.0,1.0,0.0,0.0,0.0,0.0,0.0,0.0,0.0,0.0,0.0,0.0,1.0,0.0,1.0,0.0,0.0,0.0,0.0,0.0,0.0,0.0,0.0,0.0,0.0,0.0,2.0,0.0,0.0,1.0,0.0,0.0,0.0,0.0,0.0,0.0,0.0,0.0,0.0,0.0,0.0,0.0,0.0,0.0,0.0,0.0,0.0,0.0,0.0,0.0,0.0,0.0,0.0,0.0,0.0,0.0,0.0,0.0,0.0,0.0,0.0,0.0,0.0,0.0,0.0,0.0,0.0,0.0,2.0,0.0
CID33036,CN(C)CC[C@@H](c1ccc(Cl)cc1)c1ccccn1,0,1.0,1.0,1.0,,1.0,1.0,1.0,0,5.966028255437977,0.3202469135802468,5.966028255437977,0.3202469135802468,0.8240069237957237,274.795,255.64299999999992,274.123676288,100.0,0.0,0.0478343538507698,-0.3093647319817507,0.3093647319817507,0.0478343538507698,1.105263157894737,1.8421052631578947,2.4210526315789473,2.25847511572667,493.91719964890143,13.664925939000156,11.382757649088871,12.138686595107329,9.164703797946448,6.477083780312729,6.855048253321955,4.950691187122832,5.387126967594817,3.182153368865324,3.4341296842048092,2.1497904176041396,2.275778575273882,-1.38,22742.87000073882,14.03810833666951,6.68985926125854,4.049073463055102,119.5959557755756,4.899909730850478,0.0,0.0,0.0,0.0,0.0,4.9839785209472085,0.0,0.0,0.0,29.800041095617345,56.8898417597364,22.831310926364257,0.0,0.0,11.600939890232516,0.0,9.883888251797686,0.0,12.338727669087405,20.640100371266954,64.94142585113113,0.0,0.0,0.0,0.0,0.0,11.600939890232516,30.523988623064643,0.0,0.0,23.59610715563286,48.661413050844345,5.022633313741326,0.0,0.0,16.130000000000003,0.0,0.0,0.0,0.0,5.917906046161393,23.682139337428374,5.563451491696996,0.0,30.462311845459517,42.1783334225369,11.600939890232516,0.0,5.966028255437977,0.0,0.0,0.0,0.0,0.0,0.0,0.0,32.47841618900647,0.3125,19.0,0.0,2.0,0.0,0.0,0.0,1.0,1.0,2.0,2.0,0.0,3.0,5.0,0.0,0.0,0.0,2.0,3.818600000000002,80.70300000000005,0.0,0.0,0.0,0.0,0.0,1.0,0.0,0.0,0.0,0.0,0.0,0.0,0.0,0.0,0.0,2.0,0.0,0.0,0.0,0.0,0.0,0.0,0.0,0.0,0.0,0.0,0.0,0.0,0.0,0.0,0.0,0.0,0.0,0.0,1.0,0.0,0.0,0.0,0.0,0.0,0.0,0.0,0.0,0.0,1.0,0.0,0.0,0.0,0.0,0.0,0.0,0.0,0.0,0.0,0.0,0.0,0.0,0.0,0.0,0.0,0.0,0.0,0.0,0.0,0.0,0.0,0.0,0.0,0.0,0.0,0.0,0.0,0.0,1.0,0.0,0.0,0.0,0.0,0.0,0.0,0.0,0.0,0.0,0.0,0.0
CID6172,CC[N+](CC)(CC)CCOc1cccc(OCC[N+](CC)(CC)CC)c1OCC[N+](CC)(CC)CC,0,1.0,1.0,0.0,,0.0,1.0,0.0,0,6.47681783824641,0.6567592592592592,6.47681783824641,0.6567592592592592,0.2058221894673444,510.8280000000005,450.3480000000003,510.46182204027,210.0,0.0,0.2032939046139816,-0.4836702681525596,0.4836702681525596,0.2032939046139816,0.4444444444444444,0.7222222222222222,1.0,3.069462393008844,644.3467231953877,27.08129321248637,25.405038183258547,25.405038183258547,17.31450983678419,14.881108998217506,14.881108998217506,10.17058689300651,10.17058689300651,9.438581407516118,9.438581407516118,5.34062310321284,5.34062310321284,-1.5000000000000002,52886409.6667611,32.528985507246375,16.3646086252746,8.810361314117888,223.4400650239324,27.65968143448402,39.45491511127648,11.49902366656781,5.749511833283905,0.0,0.0,0.0,0.0,0.0,0.0,6.06636706846161,74.44636893413882,0.0,58.902807653213166,27.65968143448402,0.0,0.0,0.0,0.0,62.3136347972156,98.35772276448968,18.19910120538483,0.0,17.248535499851716,14.210588861400147,0.0,17.248535499851716,0.0,111.80681533757355,0.0,0.0,62.3136347972156,18.19910120538483,0.0,0.0,0.0,27.69,0.0,0.0,0.0,0.0,19.820645893538753,109.23470494388653,0.0,0.0,18.19910120538483,62.3136347972156,14.210588861400147,0.0,0.0,0.0,0.0,0.0,0.0,0.0,0.0,3.202463704005599,63.29753629599442,0.8,36.0,0.0,6.0,0.0,0.0,0.0,1.0,0.0,1.0,3.0,0.0,6.0,21.0,0.0,0.0,0.0,1.0,5.452500000000005,153.1781999999998,0.0,0.0,0.0,0.0,0.0,0.0,0.0,0.0,0.0,0.0,0.0,0.0,0.0,0.0,0.0,3.0,0.0,0.0,0.0,3.0,0.0,0.0,0.0,0.0,0.0,0.0,0.0,0.0,0.0,0.0,0.0,0.0,0.0,0.0,1.0,0.0,0.0,0.0,0.0,0.0,0.0,3.0,0.0,0.0,0.0,0.0,0.0,0.0,0.0,0.0,0.0,0.0,0.0,0.0,0.0,0.0,0.0,0.0,0.0,0.0,0.0,0.0,0.0,0.0,1.0,0.0,0.0,0.0,0.0,0.0,0.0,0.0,0.0,0.0,3.0,0.0,0.0,0.0,0.0,0.0,0.0,0.0,0.0,0.0,0.0
CID31018,NCc1cccnc1,1,0.0,0.0,0.0,,0.0,0.0,0.0,1,5.309814814814815,0.5772222222222221,5.309814814814815,0.5772222222222221,0.5698981587218371,108.14399999999998,100.07999999999998,108.068748256,42.0,0.0,0.0312244302917075,-0.3264491462415097,0.3264491462415097,0.0312244302917075,1.625,2.5,2.875,2.8320858350070908,147.87452390041133,5.819990956308912,4.541071722634634,4.541071722634634,3.931851652578137,2.522216396407752,2.522216396407752,1.5653977006325557,1.5653977006325557,0.9584943649054368,0.9584943649054368,0.5188705670472255,0.5188705670472255,-0.89,91.36757727918736,5.250646976090014,2.425723536271459,1.0400825018284876,48.3558839118528,5.733667477162185,0.0,0.0,0.0,0.0,0.0,4.9839785209472085,0.0,0.0,0.0,6.06636706846161,11.629818560158606,18.93844354913873,0.0,0.0,0.0,0.0,4.9839785209472085,5.733667477162185,6.544756405912575,0.0,30.08987277184637,0.0,0.0,5.733667477162185,0.0,0.0,0.0,4.9839785209472085,6.544756405912575,0.0,5.563451491696996,24.526421280149375,0.0,0.0,0.0,38.91,0.0,0.0,0.0,0.0,6.544756405912575,5.563451491696996,0.0,12.393687143226153,12.13273413692322,4.9839785209472085,5.733667477162185,0.0,0.0,0.0,0.0,0.0,0.0,0.0,0.0,0.0,18.166666666666668,0.1666666666666666,8.0,2.0,2.0,0.0,0.0,0.0,0.0,1.0,1.0,2.0,1.0,2.0,1.0,0.0,0.0,0.0,1.0,0.5403,32.1284,0.0,0.0,0.0,0.0,0.0,1.0,0.0,0.0,0.0,0.0,0.0,0.0,0.0,0.0,0.0,1.0,0.0,1.0,0.0,0.0,0.0,0.0,0.0,0.0,0.0,0.0,0.0,0.0,0.0,0.0,0.0,0.0,0.0,0.0,0.0,0.0,0.0,0.0,0.0,0.0,0.0,0.0,0.0,0.0,0.0,0.0,0.0,0.0,0.0,0.0,0.0,0.0,0.0,0.0,0.0,0.0,0.0,0.0,0.0,0.0,0.0,0.0,0.0,0.0,0.0,0.0,0.0,0.0,0.0,0.0,0.0,0.0,0.0,1.0,0.0,0.0,0.0,0.0,0.0,0.0,0.0,0.0,0.0,0.0,0.0
CID18343,C[C@H]1O[C@@H](n2cc(F)c(=O)[nH]c2=O)[C@H](O)[C@@H]1O,1,0.0,0.0,0.0,,0.0,0.0,0.0,1,13.030841836734696,-1.3675907029478462,13.030841836734696,0.6387037037037036,0.5484019207554993,246.194,235.10599999999997,246.065199672,94.0,0.0,0.3302155365237701,-0.3875283823001253,0.3875283823001253,0.3302155365237701,1.411764705882353,2.0588235294117645,2.588235294117647,2.4558487803979276,538.9231302453505,12.740122497076651,8.83110147684882,8.83110147684882,7.913591357920931,4.941062808282571,4.941062808282571,3.8565331849201914,3.8565331849201914,2.6755741031199505,2.6755741031199505,1.707154941116015,1.707154941116015,-1.51,6697.057012386012,11.960432307137284,4.058379110355049,1.900233076916416,94.0901423233518,14.94991774348146,12.207932775496603,6.22790117073487,5.817220841045895,5.559266895052007,5.689743398203474,14.345615352810384,4.794537184071822,4.39041504767482,0.0,0.0,6.923737199690624,0.0,12.30080995936138,19.34033279115628,0.0,0.0,9.551078168738565,0.0,31.463537533670397,0.0,32.8521490740581,0.0,0.0,11.24901029325548,4.39041504767482,0.0,0.0,38.07603212166487,4.736862953800049,5.817220841045895,13.151638370425497,15.785917939756718,0.0,0.0,0.0,104.55,41.60603146828115,24.19254420549987,0.0,0.0,10.763943219404432,0.0,6.923737199690624,4.9839785209472085,0.0,0.0,4.736862953800049,0.0,0.0,0.0,0.0,0.0,0.0,0.0,0.0,13.733341836734697,42.59999149659863,0.5555555555555556,17.0,3.0,7.0,0.0,1.0,1.0,0.0,1.0,1.0,6.0,3.0,8.0,1.0,0.0,1.0,1.0,2.0,-1.6851999999999996,52.87830000000002,0.0,2.0,2.0,0.0,0.0,2.0,1.0,0.0,0.0,0.0,0.0,0.0,0.0,0.0,0.0,1.0,1.0,0.0,0.0,0.0,0.0,1.0,0.0,0.0,0.0,0.0,0.0,0.0,0.0,0.0,0.0,0.0,0.0,0.0,0.0,0.0,0.0,0.0,0.0,0.0,0.0,1.0,0.0,0.0,1.0,0.0,0.0,0.0,0.0,0.0,0.0,0.0,0.0,0.0,0.0,0.0,0.0,0.0,0.0,0.0,0.0,0.0,0.0,0.0,0.0,0.0,0.0,0.0,0.0,0.0,0.0,0.0,0.0,0.0,0.0,0.0,0.0,0.0,0.0,0.0,0.0,0.0,0.0,0.0,0.0
CID5745,CC(=O)OCC(=O)[C@@]1(O)CC[C@H]2[C@@H]3CCC4=CC(=O)CC[C@]4(C)[C@H]3C(=O)C[C@@]21C,0,0.0,0.0,0.0,,0.0,0.0,1.0,0,13.474536223439994,-1.6455370790291424,13.474536223439994,0.0624825207860919,0.7288385619310164,402.48700000000025,372.2470000000002,402.20423868,158.0,0.0,0.3025656724941941,-0.4577419250897017,0.4577419250897017,0.3025656724941941,1.1724137931034482,1.896551724137931,2.586206896551724,1.6645960183635236,827.2246952751074,21.189869965382485,17.45471037407016,17.45471037407016,13.52634667028197,10.684315313225824,10.684315313225824,10.002988239491408,10.002988239491408,8.674412538728149,8.674412538728149,7.132140282640723,7.132140282640723,-1.82,2615370.761020968,20.452681999454565,6.592039177891436,2.781689026590061,170.60891728013172,9.843390348640757,11.384295757348628,12.390126910877855,5.783244946364939,0.0,5.969305287951849,19.178148736287287,0.0,0.0,0.0,19.42057892945051,55.43093078318349,31.098276961100815,0.0,29.021539084928037,23.319040127046662,0.0,0.0,28.58369907727774,71.31801377053763,6.606881964512918,11.64912463690315,0.0,0.0,0.0,0.0,0.0,0.0,40.633500297383975,23.915011690087333,28.58369907727774,65.71696295955394,11.64912463690315,0.0,0.0,0.0,97.74,29.375473479210175,24.28467613112799,0.0,41.15602012353685,25.68328649170404,18.414747775921285,6.923737199690624,6.076020106833881,6.923737199690624,6.923737199690624,4.736862953800049,0.0,0.0,0.0,0.0,0.0,0.0,0.0,0.0,0.0,73.58333333333333,0.7391304347826086,29.0,1.0,6.0,4.0,0.0,4.0,0.0,0.0,0.0,6.0,1.0,6.0,3.0,3.0,0.0,3.0,4.0,2.560600000000001,103.68980000000006,0.0,1.0,0.0,0.0,0.0,0.0,0.0,0.0,0.0,0.0,4.0,4.0,0.0,0.0,0.0,0.0,0.0,0.0,0.0,0.0,0.0,0.0,0.0,0.0,0.0,0.0,1.0,0.0,0.0,0.0,0.0,0.0,0.0,0.0,0.0,0.0,5.0,0.0,0.0,0.0,1.0,1.0,0.0,0.0,0.0,0.0,0.0,0.0,0.0,0.0,0.0,3.0,2.0,0.0,0.0,0.0,0.0,0.0,0.0,0.0,0.0,0.0,0.0,0.0,0.0,0.0,0.0,0.0,0.0,0.0,0.0,0.0,0.0,0.0,0.0,0.0,0.0,0.0,0.0,0.0,0.0,0.0,0.0,0.0,0.0
CID4260,CC(=O)Oc1cc(C(C)C)c(OCCN(C)C)cc1C,1,1.0,0.0,0.0,,1.0,1.0,1.0,1,11.11946565935067,-0.3017756776085596,11.11946565935067,0.3017756776085596,0.5925570707970831,279.38,254.17999999999995,279.18344366,112.0,0.0,0.3075337511006152,-0.4919487778748352,0.4919487778748352,0.3075337511006152,1.25,1.9,2.4,2.9804889595015727,467.03494352616474,15.284092571446669,13.31822283683352,13.31822283683352,9.307438208038286,6.91390288389261,6.91390288389261,5.555613050576138,5.555613050576138,2.9791321872664485,2.9791321872664485,1.8564653317097992,1.8564653317097992,-1.5499999999999998,16678.550813699196,16.50420054200542,7.290405124266155,4.851302195137771,121.22927049272393,14.373635638450576,18.105905631080727,0.0,0.0,0.0,5.969305287951849,4.794537184071822,0.0,0.0,0.0,13.847474399381248,44.633172839826614,19.031945097300195,0.0,14.26826309167192,5.969305287951849,0.0,4.899909730850478,0.0,33.61285484492389,27.246982335779872,23.259637120317212,0.0,11.49902366656781,9.473725907600098,0.0,11.49902366656781,0.0,38.1161973545822,4.794537184071822,6.923737199690624,37.81602062862726,12.13273413692322,0.0,0.0,0.0,38.77,0.0,4.794537184071822,0.0,5.969305287951849,18.274299843958214,23.42117122259047,6.923737199690624,0.0,33.15181530196823,18.74738413023173,9.473725907600098,0.0,0.0,0.0,0.0,0.0,0.0,0.0,0.0,0.0,44.666666666666664,0.5625,20.0,0.0,4.0,0.0,0.0,0.0,1.0,0.0,1.0,4.0,0.0,4.0,6.0,0.0,0.0,0.0,1.0,2.9841200000000017,80.62600000000005,0.0,0.0,0.0,0.0,0.0,0.0,0.0,0.0,0.0,0.0,1.0,1.0,0.0,0.0,0.0,1.0,0.0,0.0,0.0,1.0,0.0,0.0,0.0,0.0,0.0,0.0,0.0,0.0,0.0,0.0,1.0,0.0,0.0,0.0,1.0,0.0,0.0,0.0,0.0,0.0,1.0,2.0,0.0,0.0,0.0,0.0,0.0,0.0,0.0,0.0,0.0,0.0,0.0,0.0,0.0,0.0,0.0,0.0,0.0,0.0,0.0,0.0,0.0,0.0,0.0,0.0,0.0,0.0,0.0,0.0,0.0,0.0,0.0,0.0,0.0,0.0,0.0,0.0,0.0,0.0,0.0,0.0,0.0,0.0,0.0
CID3590,CC(N)CCCC(C)(C)O,1,0.0,0.0,0.0,,0.0,0.0,0.0,1,9.289717498110356,-0.5189583333333334,9.289717498110356,0.2660648148148146,0.6255674875811107,145.24599999999998,126.09399999999997,145.146664228,62.0,0.0,0.0591332930400924,-0.3904719890089018,0.3904719890089018,0.0591332930400924,1.5,2.0,2.3,3.205455337414515,83.74860596185445,8.198670612749268,7.223234477438853,7.223234477438853,4.4165022194363885,3.896092081330075,3.896092081330075,3.681946669075724,3.681946669075724,1.448046040665037,1.448046040665037,0.8566476801431384,0.8566476801431384,-0.08,81.23839910900195,9.92,3.937882077383902,7.919999999999998,63.42797027781453,10.84019487200289,0.0,0.0,0.0,0.0,0.0,0.0,0.0,0.0,0.0,0.0,40.0336764678499,6.041840829147961,5.601050810983688,5.106527394840706,0.0,0.0,0.0,5.733667477162185,51.67656810798155,0.0,0.0,0.0,0.0,5.733667477162185,0.0,0.0,0.0,16.749419034972355,0.0,0.0,40.0336764678499,0.0,0.0,0.0,0.0,46.25,5.601050810983688,5.106527394840706,0.0,6.041840829147961,0.0,19.26246486877803,0.0,0.0,20.771211599071872,0.0,5.733667477162185,0.0,0.0,0.0,0.0,0.0,0.0,0.0,0.0,0.0,23.083333333333336,1.0,10.0,3.0,2.0,0.0,0.0,0.0,0.0,0.0,0.0,2.0,2.0,2.0,4.0,0.0,0.0,0.0,0.0,1.2748000000000002,43.798200000000016,0.0,1.0,0.0,0.0,0.0,0.0,0.0,0.0,0.0,0.0,0.0,0.0,0.0,0.0,0.0,0.0,0.0,1.0,0.0,0.0,0.0,0.0,0.0,0.0,0.0,0.0,0.0,0.0,0.0,0.0,0.0,0.0,0.0,0.0,0.0,0.0,0.0,0.0,0.0,0.0,0.0,0.0,0.0,0.0,0.0,0.0,0.0,0.0,0.0,0.0,0.0,0.0,0.0,0.0,0.0,0.0,0.0,0.0,0.0,0.0,0.0,0.0,0.0,0.0,0.0,0.0,0.0,0.0,0.0,0.0,0.0,0.0,0.0,0.0,0.0,0.0,0.0,0.0,0.0,0.0,0.0,0.0,0.0,0.0,0.0
CID33572,C[C@H](NCCc1ccc(O)cc1)[C@H](O)c1ccc(O)cc1,1,0.0,0.0,0.0,,0.0,0.0,0.0,1,10.236321176618796,-0.619983518098598,10.236321176618796,0.0910575186864872,0.6579030127323875,287.35900000000004,266.1909999999999,287.152143532,112.0,0.0,0.1150981225154205,-0.5079666452002873,0.5079666452002873,0.1150981225154205,0.9047619047619048,1.4285714285714286,2.0,1.8188506940659015,551.2528331290362,15.242276208189782,12.02935704076923,12.02935704076923,10.0585506480638,7.04328754823809,7.04328754823809,5.195615993158498,5.195615993158498,3.524544502679947,3.524544502679947,2.1785964285448345,2.1785964285448345,-2.0399999999999996,55615.20391216119,15.350761482885613,7.107522651427766,4.47876798438599,124.24577133774014,20.63637078852845,11.49902366656781,0.0,0.0,0.0,0.0,0.0,0.0,0.0,0.0,24.26546827384644,55.28168648576964,6.041840829147961,6.103966387748303,15.319582184522115,0.0,0.0,5.316788604006331,0.0,25.4903660395129,6.544756405912575,59.65783953108687,0.0,11.49902366656781,5.316788604006331,0.0,11.49902366656781,0.0,27.90617941958265,6.4208216229260096,0.0,24.15460657083292,48.53093654769288,0.0,0.0,0.0,72.72,6.103966387748303,15.319582184522115,0.0,17.54086449571577,0.0,24.092481012232575,0.0,36.39820241076966,19.056471336613843,5.316788604006331,0.0,0.0,0.0,0.0,0.0,0.0,0.0,0.0,0.0,0.0,50.83333333333334,0.2941176470588235,21.0,4.0,4.0,0.0,0.0,0.0,2.0,0.0,2.0,4.0,4.0,4.0,6.0,0.0,0.0,0.0,2.0,2.3520000000000003,82.34210000000003,0.0,1.0,1.0,0.0,0.0,0.0,0.0,2.0,0.0,0.0,0.0,0.0,0.0,0.0,0.0,0.0,1.0,0.0,0.0,0.0,0.0,0.0,0.0,0.0,0.0,0.0,0.0,0.0,0.0,0.0,0.0,0.0,0.0,0.0,2.0,0.0,0.0,0.0,0.0,0.0,0.0,0.0,0.0,0.0,0.0,0.0,0.0,0.0,0.0,0.0,0.0,0.0,0.0,0.0,0.0,0.0,0.0,0.0,0.0,0.0,0.0,0.0,0.0,0.0,0.0,2.0,2.0,0.0,0.0,0.0,0.0,0.0,0.0,0.0,0.0,0.0,0.0,0.0,0.0,0.0,0.0,0.0,0.0,0.0,0.0
CID5193,C=CCC1([C@H](C)CCC)C(=O)NC(=O)NC1=O,0,0.0,0.0,0.0,,0.0,0.0,0.0,0,12.002735260770976,-1.2027083333333333,12.002735260770976,0.1401851851851854,0.5604883600608829,238.287,220.14299999999997,238.131742436,94.0,0.0,0.3276324785084715,-0.2768030836389297,0.3276324785084715,0.2768030836389297,1.2941176470588236,1.8235294117647056,2.235294117647059,3.1136488912232765,342.76224197658615,13.05204176387779,10.207872534517032,10.207872534517032,7.984434885828627,5.763802882651643,5.763802882651643,4.391247090827978,4.391247090827978,3.2937508495073153,3.2937508495073153,2.304897455582155,2.304897455582155,-1.65,4566.537946216606,13.415146579804558,5.119875230845457,2.2269513314967857,100.64247076782615,0.0,5.41499046939678,0.0,11.814359458703011,0.0,6.031114512338072,20.222651576156306,4.794537184071822,0.0,6.578935683598497,26.344316129141134,18.75954929201341,0.0,0.0,14.383611552215466,17.845473971041084,0.0,10.633577208012662,11.332896515558172,33.10993926815928,0.0,12.654955790432378,0.0,0.0,10.633577208012662,4.794537184071822,0.0,0.0,17.845473971041084,9.589074368143644,11.332896515558172,33.10993926815928,12.654955790432378,0.0,0.0,0.0,75.27000000000001,23.26046444043786,14.383611552215466,0.0,12.338727669087405,0.0,12.84164324585202,0.0,6.076020106833881,13.847474399381248,17.21251289161116,0.0,0.0,0.0,0.0,0.0,0.0,0.0,0.0,0.0,0.0,47.083333333333336,0.5833333333333334,17.0,2.0,5.0,0.0,1.0,1.0,0.0,0.0,0.0,3.0,2.0,5.0,5.0,0.0,1.0,1.0,1.0,1.3510999999999995,63.000400000000035,0.0,0.0,0.0,0.0,0.0,0.0,0.0,0.0,0.0,0.0,3.0,3.0,0.0,0.0,0.0,0.0,2.0,0.0,0.0,0.0,0.0,0.0,0.0,0.0,0.0,0.0,1.0,4.0,0.0,0.0,0.0,0.0,0.0,1.0,0.0,0.0,0.0,0.0,0.0,0.0,0.0,0.0,0.0,0.0,0.0,0.0,0.0,0.0,2.0,0.0,0.0,0.0,0.0,0.0,0.0,0.0,0.0,0.0,0.0,0.0,0.0,0.0,0.0,0.0,0.0,0.0,0.0,0.0,0.0,0.0,0.0,0.0,0.0,0.0,0.0,0.0,0.0,0.0,0.0,0.0,0.0,0.0,0.0,0.0,1.0
CID33741,COc1cccc([C@@]2(O)CCCC[C@@H]2CN(C)C)c1,0,0.0,0.0,1.0,,1.0,0.0,1.0,0,11.188993764172334,-0.7112499999999997,11.188993764172334,0.2947741874527587,0.9061758690933456,263.3809999999999,238.18099999999995,263.18852904,106.0,0.0,0.1187419961738804,-0.4967560353290218,0.4967560353290218,0.1187419961738804,1.368421052631579,2.1578947368421053,2.8421052631578947,2.2975939052756766,418.9648895501135,13.880468888623982,12.224960733344648,12.224960733344648,9.058697303059605,7.07672650162426,7.07672650162426,5.8611596527079,5.8611596527079,4.191040321472327,4.191040321472327,3.1836203586669862,3.1836203586669862,-1.06,19617.522535875934,14.35123583728531,5.9305484375353075,3.097196784151031,115.74260576184008,14.743300079491233,5.749511833283905,0.0,0.0,0.0,0.0,0.0,0.0,0.0,0.0,24.97437738277524,44.633172839826614,12.462662452073968,12.71084835226122,9.843390348640757,0.0,0.0,4.899909730850478,5.917906046161393,31.284337302687725,27.74989791254449,29.828919765543436,0.0,5.749511833283905,4.736862953800049,0.0,5.749511833283905,0.0,37.75633503823567,5.601050810983688,5.917906046161393,31.246737983401033,24.26546827384644,0.0,0.0,0.0,32.7,5.601050810983688,5.106527394840706,0.0,0.0,5.917906046161393,37.120184599671504,6.4208216229260096,7.109797541277533,24.26546827384644,18.99525369620486,4.736862953800049,0.0,0.0,0.0,0.0,0.0,0.0,0.0,0.0,0.0,38.916666666666664,0.625,19.0,1.0,3.0,1.0,0.0,1.0,1.0,0.0,1.0,3.0,1.0,3.0,4.0,1.0,0.0,1.0,2.0,2.6346000000000007,77.40280000000006,0.0,1.0,0.0,0.0,0.0,0.0,0.0,0.0,0.0,0.0,0.0,0.0,0.0,0.0,0.0,1.0,0.0,0.0,0.0,0.0,0.0,0.0,0.0,0.0,0.0,0.0,0.0,0.0,0.0,0.0,0.0,0.0,0.0,0.0,1.0,0.0,0.0,0.0,0.0,0.0,0.0,1.0,0.0,0.0,0.0,0.0,0.0,0.0,0.0,0.0,0.0,0.0,0.0,0.0,0.0,1.0,0.0,0.0,0.0,0.0,0.0,0.0,0.0,0.0,0.0,0.0,0.0,0.0,0.0,0.0,0.0,0.0,0.0,0.0,0.0,0.0,0.0,0.0,0.0,0.0,0.0,0.0,0.0,0.0,0.0
CID5210,CC(C)CC(N(C)C)C1(c2ccc(Cl)cc2)CCC1,1,1.0,1.0,1.0,,1.0,1.0,1.0,1,6.0389906147644234,0.3455941358024691,6.0389906147644234,0.3455941358024691,0.7525599819436475,279.8550000000001,253.64699999999996,279.175377512,106.0,0.0,0.0405690636070744,-0.305552597653238,0.305552597653238,0.0405690636070744,1.1578947368421053,1.736842105263158,2.1052631578947367,2.3149685830192257,403.7751708735845,14.043605595440512,12.617706808393132,13.373635754411588,8.954031472440814,7.379954557385948,7.757919030395176,6.625543925226339,7.061979705698324,4.620791826602349,4.872768141941834,3.530958238303464,3.6569463959732063,-0.53,12318.18254046011,14.8703367091299,5.846624054381462,2.9778728225886453,122.50303512141546,4.899909730850478,0.0,0.0,0.0,0.0,0.0,0.0,0.0,0.0,0.0,44.001970049463,56.97190050891402,16.479464612286066,0.0,0.0,11.600939890232516,0.0,4.899909730850478,5.917906046161393,50.987592189630035,14.09534396535438,34.85155307928476,0.0,0.0,0.0,0.0,0.0,11.600939890232516,25.03709452535282,5.41499046939678,5.917906046161393,45.09421238278229,24.26546827384644,5.022633313741326,0.0,0.0,3.24,0.0,0.0,0.0,0.0,11.45683129854474,10.94053935990272,31.246737983401033,0.0,12.13273413692322,44.97546223250932,11.600939890232516,0.0,6.0389906147644234,0.0,0.0,0.0,0.0,0.0,0.0,0.0,29.322120496346688,0.6470588235294118,19.0,0.0,1.0,1.0,0.0,1.0,1.0,0.0,1.0,1.0,0.0,2.0,5.0,1.0,0.0,1.0,2.0,4.738000000000005,83.91100000000006,0.0,0.0,0.0,0.0,0.0,0.0,0.0,0.0,0.0,0.0,0.0,0.0,0.0,0.0,0.0,1.0,0.0,0.0,0.0,1.0,0.0,0.0,0.0,0.0,0.0,0.0,0.0,0.0,0.0,0.0,0.0,0.0,0.0,0.0,1.0,0.0,0.0,0.0,0.0,0.0,0.0,0.0,0.0,0.0,1.0,0.0,0.0,0.0,0.0,0.0,0.0,0.0,0.0,0.0,0.0,0.0,0.0,0.0,0.0,0.0,0.0,0.0,0.0,0.0,0.0,0.0,0.0,0.0,0.0,0.0,0.0,0.0,0.0,0.0,0.0,0.0,0.0,0.0,0.0,0.0,0.0,0.0,0.0,0.0,0.0
CID3783,CC(COc1ccccc1)NC(C)C(O)c1ccc(O)cc1,0,1.0,0.0,1.0,,0.0,0.0,1.0,0,10.32911683964985,-0.6390969597715637,10.32911683964985,0.0990473565969594,0.7357108216476381,301.386,278.202,301.167793596,118.0,0.0,0.1188758342932454,-0.5079666181604732,0.5079666181604732,0.1188758342932454,1.0,1.6363636363636365,2.272727272727273,1.821810760404442,556.3047686381603,15.94938298937633,12.93798549292584,12.93798549292584,10.5585506480638,7.468963340853651,7.468963340853651,5.516815668222033,5.516815668222033,3.498830893902076,3.498830893902076,2.2861621214231502,2.2861621214231502,-2.0399999999999996,92951.02702526309,16.332574442048834,7.823060042857056,4.755362428127063,130.9300249294476,20.26670634748779,18.105905631080727,0.0,0.0,0.0,0.0,0.0,0.0,0.0,0.0,30.33183534230805,43.67639416492468,12.08368165829592,6.103966387748303,14.94991774348146,0.0,0.0,5.316788604006331,0.0,32.03512244542547,6.606881964512918,60.160755107851486,0.0,11.49902366656781,10.05365155780638,0.0,11.49902366656781,0.0,28.90361841249025,0.0,0.0,25.514892278826544,54.59730361615449,0.0,0.0,0.0,61.72,6.103966387748303,10.213054789681411,0.0,17.833193491579827,6.606881964512918,11.3129633249809,0.0,24.26546827384644,44.179309741689295,5.316788604006331,4.736862953800049,0.0,0.0,0.0,0.0,0.0,0.0,0.0,0.0,0.0,50.49999999999999,0.3333333333333333,22.0,3.0,4.0,0.0,0.0,0.0,2.0,0.0,2.0,4.0,3.0,4.0,7.0,0.0,0.0,0.0,2.0,2.871200000000001,87.06330000000004,0.0,1.0,1.0,0.0,0.0,0.0,0.0,1.0,0.0,0.0,0.0,0.0,0.0,0.0,0.0,0.0,1.0,0.0,0.0,0.0,0.0,0.0,0.0,0.0,0.0,0.0,0.0,0.0,0.0,0.0,0.0,0.0,0.0,0.0,2.0,0.0,0.0,0.0,0.0,0.0,0.0,1.0,0.0,0.0,0.0,0.0,0.0,0.0,0.0,0.0,0.0,0.0,0.0,0.0,0.0,0.0,0.0,0.0,0.0,0.0,0.0,0.0,0.0,0.0,1.0,1.0,1.0,0.0,0.0,0.0,0.0,0.0,0.0,0.0,0.0,0.0,0.0,0.0,0.0,0.0,0.0,0.0,0.0,0.0,0.0
CID5720,CC(C(=O)O)c1ccc2c(c1)CC(=O)c1ccccc1S2,1,0.0,0.0,0.0,,1.0,0.0,0.0,1,12.353620716805242,-0.8557058872931889,12.353620716805242,0.0805352418745277,0.9167637840345896,298.363,284.2509999999999,298.066365308,106.0,0.0,0.3101855354083563,-0.4807885009429999,0.4807885009429999,0.3101855354083563,1.1904761904761905,1.9523809523809523,2.7142857142857144,2.044238736662382,736.5651214919948,14.98276318419594,11.497867401595103,12.31436398252283,10.058550648063802,6.7172948391457155,7.533791420073442,5.125260103665384,6.20903706015221,3.713360355395783,4.907454188308026,2.421670638411668,3.4953078829865283,-2.0699999999999994,72069.83842300058,13.892254679614824,5.37197973606014,2.58798715438249,126.5477647216636,5.106527394840706,0.0,5.783244946364939,0.0,0.0,5.969305287951849,9.589074368143644,0.0,0.0,0.0,42.09372029169917,30.183374320007832,21.77524006565855,5.917906046161393,14.69560176298435,23.514435183707903,0.0,0.0,0.0,29.053431819813575,0.0,59.15492395432226,0.0,0.0,0.0,0.0,0.0,11.761884949391115,16.859077629157493,11.21535880699783,0.0,34.326534905014825,52.255536430266815,0.0,0.0,0.0,54.37,11.887211334113244,9.589074368143644,0.0,5.783244946364939,6.4208216229260096,26.481321426126534,0.0,18.685622149081738,42.46456947923127,0.0,5.106527394840706,0.0,1.5676388888888886,0.0,0.0,0.0,0.0,0.0,0.0,0.0,50.76569444444444,0.1764705882352941,21.0,1.0,3.0,0.0,1.0,1.0,2.0,0.0,2.0,3.0,1.0,4.0,2.0,0.0,0.0,0.0,3.0,3.764700000000002,81.09230000000004,1.0,0.0,0.0,0.0,0.0,0.0,0.0,0.0,1.0,1.0,2.0,1.0,0.0,0.0,0.0,0.0,0.0,0.0,0.0,0.0,0.0,0.0,0.0,0.0,0.0,0.0,0.0,0.0,0.0,0.0,0.0,0.0,0.0,0.0,2.0,0.0,2.0,0.0,0.0,0.0,0.0,0.0,0.0,0.0,0.0,0.0,0.0,0.0,0.0,0.0,0.0,1.0,1.0,0.0,0.0,0.0,0.0,0.0,0.0,0.0,0.0,0.0,0.0,0.0,0.0,0.0,0.0,0.0,0.0,0.0,0.0,0.0,0.0,0.0,0.0,0.0,0.0,0.0,0.0,0.0,0.0,0.0,0.0,0.0,0.0
CID4641,CCCCC1C(=O)N(c2ccccc2)N(c2ccc(O)cc2)C1=O,1,0.0,0.0,0.0,,0.0,0.0,0.0,1,12.89181783824641,-0.6537414965986399,12.89181783824641,0.1162190232306579,0.8564589107930237,324.38000000000005,304.22,324.14739249999997,124.0,0.0,0.2583750103352097,-0.5079642937125095,0.5079642937125095,0.2583750103352097,0.875,1.4166666666666667,1.9583333333333333,2.024951777128409,728.0369369106378,17.10408352775558,13.552960402883503,13.552960402883503,11.6302289553358,8.151038427622673,8.151038427622673,5.846843455108179,5.846843455108179,4.155092188446245,4.155092188446245,2.9016200771363403,2.9016200771363403,-2.82,372549.25180720823,16.052453343715868,6.743193220459684,2.847872143177904,140.6443422857333,5.106527394840706,11.6674178794453,0.0,0.0,11.814359458703011,0.0,9.589074368143644,10.017825047909064,0.0,0.0,37.964481650927475,42.81902403369567,0.0,11.374772549367124,14.69560176298435,23.189132008070136,0.0,0.0,5.917906046161393,26.186202068468653,10.017825047909064,54.59730361615449,0.0,5.749511833283905,10.017825047909064,11.374772549367124,5.749511833283905,0.0,16.920886853543717,9.589074368143644,5.917906046161393,26.186202068468653,54.59730361615449,0.0,0.0,0.0,60.85,5.917906046161393,14.69560176298435,0.0,17.563871291986917,17.795594172293132,12.84164324585202,22.15055918483228,24.26546827384644,25.122838405075452,0.0,0.0,0.0,0.0,0.0,0.0,0.0,0.0,0.0,0.0,0.0,58.166666666666664,0.2631578947368421,24.0,1.0,5.0,0.0,1.0,1.0,2.0,0.0,2.0,3.0,1.0,5.0,5.0,0.0,1.0,1.0,3.0,3.493400000000002,92.53580000000004,0.0,0.0,0.0,0.0,0.0,0.0,0.0,1.0,0.0,0.0,2.0,2.0,0.0,0.0,0.0,2.0,0.0,0.0,0.0,0.0,0.0,0.0,0.0,0.0,0.0,0.0,0.0,2.0,0.0,2.0,0.0,0.0,0.0,0.0,2.0,0.0,0.0,0.0,0.0,0.0,0.0,0.0,0.0,0.0,0.0,1.0,0.0,0.0,0.0,0.0,0.0,0.0,0.0,0.0,0.0,0.0,0.0,0.0,0.0,0.0,0.0,0.0,0.0,0.0,1.0,1.0,1.0,0.0,0.0,0.0,0.0,0.0,0.0,0.0,0.0,0.0,0.0,0.0,0.0,0.0,0.0,0.0,0.0,0.0,0.0
CID4100,CC(=O)N=c1sc(S(N)(=O)=O)nn1C,1,0.0,0.0,0.0,,0.0,0.0,0.0,1,10.869977796674226,-3.825008503401361,10.869977796674226,0.1958564814814816,0.6449098524835121,236.278,228.214,236.003782116,78.0,0.0,0.2667723143403792,-0.2728533000833328,0.2728533000833328,0.2667723143403792,1.6428571428571428,2.2142857142857144,2.5714285714285716,3.3984836692720695,523.4168055653822,10.930721420318148,7.460232508008816,9.093225669864268,6.303549018280202,3.4271729611564496,5.789989020005737,2.449981278482094,5.141087370397468,1.1835648685380702,3.493281420905386,0.674661410873826,2.2657851947544154,-1.06,967.4430726285224,11.017279752704791,3.5940876390455205,2.465112455745208,83.94182492532303,0.0,0.0,0.0,15.048238063487126,10.023291153407584,0.0,4.794537184071822,18.238573657082064,4.992404732635669,5.098681808301038,11.336785877934735,0.0,13.971409182367816,0.0,13.212334168400758,27.267256760693822,0.0,9.780484743446223,17.1790504529208,11.263392880364169,0.0,4.801402653462074,0.0,0.0,9.940376391070016,0.0,0.0,11.336785877934735,24.105461457126665,21.865500320156595,0.0,6.923737199690624,9.332060413309216,0.0,0.0,0.0,107.41,15.930470882759089,13.212334168400758,0.0,9.14105833413562,0.0,11.336785877934735,18.653212117513,0.0,0.0,10.091086540936708,5.138973737607942,0.0,-3.0788510959939535,0.0,0.0,0.0,0.0,0.0,0.0,22.662386148904005,25.16646494708995,0.4,14.0,2.0,7.0,0.0,0.0,0.0,0.0,1.0,1.0,6.0,1.0,9.0,1.0,0.0,0.0,0.0,1.0,-1.4237999999999995,48.702200000000005,0.0,0.0,0.0,0.0,0.0,2.0,0.0,0.0,0.0,0.0,1.0,1.0,0.0,0.0,0.0,3.0,0.0,1.0,0.0,0.0,0.0,0.0,0.0,0.0,0.0,0.0,0.0,1.0,0.0,0.0,1.0,0.0,0.0,0.0,0.0,0.0,0.0,0.0,0.0,0.0,0.0,0.0,0.0,0.0,0.0,0.0,0.0,0.0,0.0,0.0,0.0,0.0,0.0,0.0,0.0,0.0,0.0,0.0,0.0,0.0,0.0,0.0,0.0,0.0,0.0,0.0,0.0,0.0,0.0,0.0,0.0,0.0,0.0,0.0,0.0,0.0,1.0,0.0,0.0,0.0,0.0,0.0,0.0,0.0,0.0
CID4843,NC(=O)CN1CCCC1=O,1,0.0,0.0,0.0,,0.0,0.0,0.0,1,10.827916666666669,-0.4349537037037032,10.827916666666669,0.0405555555555559,0.5423834786401206,142.158,132.078,142.07422756,56.0,0.0,0.2365472795860682,-0.3681340190391114,0.3681340190391114,0.2365472795860682,1.7,2.4,2.8,2.404785472965361,167.130751455403,7.560477932315068,5.669487570363501,5.669487570363501,4.698377302757662,3.2600925360288784,3.2600925360288784,2.3851600210689377,2.3851600210689377,1.5180767300364957,1.5180767300364957,1.059302556740526,1.059302556740526,-1.06,206.78071905112637,7.051856823266219,2.682444775524748,1.4623920173718192,58.98089901358698,10.633577208012664,0.0,0.0,11.814359458703011,0.0,0.0,9.589074368143644,0.0,0.0,0.0,0.0,6.4208216229260096,12.965578028838586,6.544756405912575,9.589074368143644,11.814359458703011,0.0,4.899909730850478,5.733667477162185,12.84164324585202,13.08951281182515,0.0,0.0,0.0,5.733667477162185,0.0,0.0,0.0,29.80378200137864,9.589074368143644,0.0,12.84164324585202,0.0,0.0,0.0,0.0,63.400000000000006,5.907179729351506,9.589074368143644,0.0,12.45193613526408,12.965578028838586,6.4208216229260096,4.899909730850478,0.0,0.0,0.0,5.733667477162185,0.0,0.0,0.0,0.0,0.0,0.0,0.0,0.0,0.0,29.333333333333336,0.6666666666666666,10.0,2.0,4.0,0.0,1.0,1.0,0.0,0.0,0.0,2.0,1.0,4.0,2.0,0.0,1.0,1.0,1.0,-0.9059000000000004,35.0084,0.0,0.0,0.0,0.0,0.0,0.0,0.0,0.0,0.0,0.0,2.0,2.0,0.0,0.0,0.0,1.0,0.0,1.0,0.0,0.0,1.0,0.0,0.0,0.0,0.0,0.0,0.0,2.0,0.0,0.0,0.0,0.0,0.0,0.0,0.0,0.0,0.0,0.0,0.0,0.0,0.0,0.0,0.0,0.0,0.0,0.0,0.0,0.0,0.0,0.0,0.0,0.0,0.0,0.0,0.0,0.0,0.0,0.0,0.0,0.0,0.0,0.0,0.0,0.0,0.0,0.0,0.0,0.0,0.0,0.0,0.0,1.0,0.0,0.0,0.0,0.0,0.0,0.0,0.0,0.0,0.0,0.0,0.0,0.0,0.0
CID3827,CN1CCC(=C2c3ccccc3CC(=O)c3sccc32)CC1,0,1.0,1.0,1.0,,1.0,1.0,1.0,0,12.58934697026959,0.2647939762324682,12.58934697026959,0.2647939762324682,0.7325276241844828,309.4340000000001,290.282,309.11873522800005,112.0,0.0,0.17729496902076,-0.3057312648500038,0.3057312648500038,0.17729496902076,1.0454545454545454,1.818181818181818,2.636363636363636,1.958174478975456,761.2473019729697,15.104083527755582,12.76334569749818,13.579842278425906,10.737183443017884,7.83719197788388,8.716844789138776,6.202329241776528,7.118445319611816,4.76968327457412,5.725135165390006,3.5580961569565743,4.398988106293765,-1.71,212281.7680280759,13.918983667945431,5.488133515608595,2.2505364732662927,134.63343005654642,4.899909730850478,0.0,5.783244946364939,0.0,0.0,0.0,4.794537184071822,0.0,0.0,11.336785877934735,29.838572803915707,48.03575258091999,25.073785926448156,4.877147193701299,4.794537184071822,22.693135354368945,0.0,4.899909730850478,0.0,19.26246486877803,20.13718479450234,62.85250431163551,0.0,0.0,0.0,0.0,0.0,11.336785877934735,30.82033947171776,6.4208216229260096,0.0,39.20368209871613,41.28500264284323,0.0,5.573104530069267,0.0,20.31,0.0,4.794537184071822,0.0,5.783244946364939,6.4208216229260096,30.80830325137847,27.83656353522952,11.336785877934735,6.06636706846161,41.59311275784002,0.0,0.0,1.5915853856974886,0.0,0.0,0.0,0.0,0.0,0.0,0.0,42.40841461430251,0.3157894736842105,22.0,0.0,2.0,1.0,1.0,2.0,1.0,1.0,2.0,3.0,0.0,3.0,0.0,0.0,1.0,1.0,4.0,4.014400000000004,91.54850000000005,0.0,0.0,0.0,0.0,0.0,0.0,0.0,0.0,0.0,0.0,1.0,1.0,0.0,0.0,0.0,1.0,0.0,0.0,0.0,0.0,1.0,0.0,0.0,0.0,0.0,0.0,0.0,0.0,0.0,0.0,0.0,0.0,0.0,0.0,1.0,0.0,2.0,0.0,0.0,0.0,0.0,0.0,0.0,0.0,0.0,0.0,0.0,0.0,0.0,0.0,0.0,1.0,1.0,0.0,0.0,0.0,0.0,0.0,0.0,0.0,0.0,0.0,0.0,0.0,0.0,0.0,0.0,0.0,0.0,1.0,0.0,0.0,0.0,0.0,0.0,0.0,0.0,0.0,0.0,0.0,0.0,0.0,1.0,0.0,0.0
CID4583,CC1COc2c(N3CCN(C)CC3)c(F)cc3c(=O)c(C(=O)O)cn1c23,1,0.0,0.0,1.0,,0.0,0.0,0.0,1,14.983653155706726,-1.3153294094140058,14.983653155706726,0.0433587910472834,0.8747398264671755,361.3730000000001,341.2130000000001,361.14378434,138.0,0.0,0.3407231380984979,-0.4869169906040939,0.4869169906040939,0.3407231380984979,1.3076923076923077,2.0,2.6538461538461537,2.004088915400979,963.2881482992595,18.585057479767897,14.659148439902266,14.659148439902266,12.379917853109722,8.590996602544717,8.590996602544717,6.966959135208313,6.966959135208313,5.19184167056234,5.19184167056234,3.6887701657350496,3.6887701657350496,-2.61,825393.7397774052,16.8368029259421,5.979774542196717,2.4384574228435856,148.73152976640844,24.210309458133064,17.857719730893475,11.5667326743298,5.428790391900541,0.0,5.969305287951849,4.794537184071822,9.184952231746642,0.0,0.0,0.0,20.037776250829424,32.37586919526338,16.944765761229018,19.028342580387395,22.559616494716465,0.0,9.467009378641832,0.0,12.965578028838586,44.73348930169089,33.86721054878994,0.0,5.749511833283905,15.065563076551069,10.077801322358384,5.749511833283905,0.0,60.376421632274784,0.0,5.817220841045895,23.3235667046074,17.05774782414651,0.0,10.902924932081056,0.0,75.00999999999999,17.215316520898284,19.086016810659167,0.0,23.598398499822668,30.043111637408877,19.15587988028676,6.196843571613076,4.567099647791355,18.871318913218293,4.899909730850478,4.736862953800049,0.0,0.0,0.0,0.0,0.0,0.0,0.0,0.0,16.703922430083143,50.96274423658351,0.4444444444444444,26.0,1.0,7.0,0.0,2.0,2.0,1.0,1.0,2.0,6.0,1.0,8.0,2.0,0.0,1.0,1.0,4.0,1.5439999999999998,95.04130000000004,0.0,0.0,0.0,0.0,1.0,1.0,0.0,0.0,1.0,1.0,1.0,0.0,0.0,0.0,0.0,3.0,0.0,0.0,0.0,1.0,0.0,0.0,0.0,0.0,0.0,0.0,0.0,0.0,0.0,1.0,0.0,0.0,0.0,0.0,1.0,0.0,0.0,0.0,0.0,0.0,0.0,1.0,0.0,0.0,1.0,0.0,0.0,0.0,0.0,0.0,0.0,0.0,0.0,0.0,0.0,0.0,0.0,0.0,0.0,0.0,0.0,0.0,0.0,0.0,0.0,0.0,0.0,0.0,0.0,0.0,1.0,0.0,0.0,1.0,0.0,0.0,0.0,0.0,0.0,0.0,0.0,0.0,0.0,0.0,0.0
CID5577,COc1cc(C(=O)NCc2ccc(OCCN(C)C)cc2)cc(OC)c1OC,0,1.0,1.0,1.0,,1.0,1.0,1.0,0,12.533654708217435,-0.230960577004498,12.533654708217435,0.230960577004498,0.6747430301104641,388.46400000000017,360.2400000000002,388.199821996,152.0,0.0,0.2513265005109868,-0.4926888479900742,0.4926888479900742,0.2513265005109868,0.9642857142857144,1.5714285714285714,2.0714285714285716,1.980099995646879,749.8605640813117,20.518297090128673,17.073877006516675,17.073877006516675,13.47709550808647,8.927870213774533,8.927870213774533,6.392380781503815,6.392380781503815,4.110567205145522,4.110567205145522,2.5461824539811877,2.5461824539811877,-2.9299999999999997,1542405.8257893454,21.370980703305506,10.415970651877233,5.785836538905631,165.6983752270132,29.164150150057004,12.356393797796825,11.49902366656781,5.749511833283905,5.907179729351506,0.0,4.794537184071822,0.0,0.0,0.0,12.13273413692322,43.92426373089782,18.652964303522147,21.3293926238326,23.741988999272017,5.907179729351506,0.0,10.216698334856808,0.0,6.544756405912575,48.576374959612465,47.52510539416365,0.0,22.99804733313562,24.264240419206526,0.0,22.99804733313562,0.0,59.383464419814445,6.544756405912575,0.0,15.921440167465814,36.39820241076966,0.0,0.0,0.0,69.26,0.0,4.794537184071822,0.0,5.907179729351506,35.9636253619742,17.857719730893475,21.3293926238326,12.13273413692322,38.36081223920082,10.216698334856808,18.947451815200196,0.0,0.0,0.0,0.0,0.0,0.0,0.0,0.0,0.0,63.66666666666666,0.3809523809523809,28.0,1.0,7.0,0.0,0.0,0.0,2.0,0.0,2.0,6.0,1.0,7.0,10.0,0.0,0.0,0.0,2.0,2.5828000000000007,107.75920000000006,0.0,0.0,0.0,0.0,0.0,0.0,0.0,0.0,0.0,0.0,1.0,1.0,0.0,0.0,0.0,1.0,1.0,0.0,0.0,1.0,0.0,0.0,0.0,0.0,0.0,0.0,0.0,1.0,0.0,0.0,0.0,0.0,0.0,0.0,2.0,0.0,0.0,0.0,0.0,0.0,0.0,4.0,0.0,0.0,0.0,0.0,0.0,0.0,0.0,0.0,0.0,0.0,0.0,0.0,0.0,3.0,0.0,0.0,0.0,0.0,0.0,0.0,0.0,0.0,0.0,0.0,0.0,0.0,0.0,0.0,0.0,0.0,0.0,0.0,0.0,0.0,0.0,0.0,0.0,0.0,0.0,0.0,0.0,0.0,0.0
CID638678,NC(=O)[C@@H]1CCCN1C(=O)[C@H](Cc1cnc[nH]1)NC(=O)[C@@H]1CCC(=O)N1,0,0.0,0.0,0.0,,0.0,0.0,0.0,0,12.983090750188964,-0.8746277399848832,12.983090750188964,0.185250158858564,0.4703300603695735,362.3900000000002,340.2140000000001,362.170253184,140.0,0.0,0.2457360156409487,-0.3678818638660393,0.3678818638660393,0.2457360156409487,1.3846153846153846,2.1923076923076925,2.8076923076923075,1.7381836139597804,703.6029525334473,18.681433796945207,14.234162655112412,14.234162655112412,12.452397498181154,8.622180543272668,8.622180543272668,6.592946506282503,6.592946506282503,4.769561951983717,4.769561951983717,3.4258205180278907,3.4258205180278907,-2.91,1030293.611660336,17.89839309295623,7.543538500658854,3.8386549186434737,149.43833383616243,26.25113293697253,18.12552248744388,0.0,23.628718917406022,0.0,0.0,19.178148736287287,4.9839785209472085,0.0,0.0,0.0,19.26246486877803,31.277171218226133,6.3273200747645415,19.178148736287287,23.628718917406022,0.0,25.501443980757553,5.733667477162185,50.22963060207394,6.544756405912575,18.21809164122608,0.0,0.0,16.367244685174846,0.0,0.0,0.0,63.166864583507376,25.598970359213297,0.0,31.3772144865525,12.524163646377618,0.0,0.0,0.0,150.28,29.939881946146897,19.178148736287287,0.0,24.65600270455503,31.501149269539063,0.0,11.22722980561502,6.196843571613076,0.0,20.60153424990708,5.733667477162185,0.0,0.0,0.0,0.0,0.0,0.0,0.0,0.0,0.0,69.83333333333334,0.5625,26.0,5.0,10.0,0.0,2.0,2.0,0.0,1.0,1.0,5.0,4.0,10.0,6.0,0.0,2.0,2.0,3.0,-1.808099999999996,89.31650000000003,0.0,0.0,0.0,0.0,0.0,2.0,1.0,0.0,0.0,0.0,4.0,4.0,0.0,0.0,0.0,2.0,3.0,1.0,0.0,0.0,1.0,1.0,0.0,0.0,0.0,0.0,0.0,4.0,0.0,0.0,0.0,0.0,0.0,0.0,0.0,0.0,0.0,0.0,0.0,0.0,0.0,0.0,0.0,0.0,0.0,0.0,0.0,1.0,0.0,0.0,0.0,0.0,0.0,0.0,0.0,0.0,0.0,0.0,0.0,0.0,0.0,0.0,0.0,0.0,0.0,0.0,0.0,0.0,0.0,0.0,0.0,1.0,0.0,0.0,0.0,0.0,0.0,0.0,0.0,0.0,0.0,0.0,0.0,0.0,0.0
CID53359,COc1ccc2c(C(=S)N(C)CC(=O)O)cccc2c1C(F)(F)F,1,0.0,0.0,0.0,,1.0,0.0,0.0,1,13.427736352652476,-4.599144883261947,13.427736352652476,0.0505324074074069,0.8482528251216538,357.353,343.241,357.064648968,128.0,0.0,0.4200654750360262,-0.4961025101800495,0.4961025101800495,0.4200654750360262,1.25,1.9166666666666667,2.4583333333333335,2.6724557378009925,804.9895966538327,18.068549621822843,12.846923608553864,13.66342018948159,11.162921025786908,6.806476321662777,7.21472461212664,5.09622958198217,5.4829279130491555,3.4761601082661593,4.007746941788518,2.467159160244394,2.709706865832023,-2.349999999999999,141861.8574028949,17.99540395401761,6.641079627443266,3.428288015910737,140.98724154554546,14.743300079491233,22.846221832631667,0.0,0.0,0.0,12.145603805395323,4.794537184071822,0.0,13.17124514302446,0.0,30.416974648431523,22.90518256585281,12.611123474374184,7.109797541277533,27.80917267573704,33.948129261666324,0.0,4.899909730850478,0.0,6.176298517443475,20.7022259298673,41.45873832570204,0.0,5.749511833283905,4.736862953800049,13.17124514302446,5.749511833283905,12.217873443046695,41.66647044524852,10.970835701515297,0.0,11.126902983393991,30.33183534230805,0.0,10.772448428929591,0.0,49.77,17.70905529709232,17.96578232709628,0.0,28.055218769864265,5.563451491696996,0.0,43.32284752865164,6.06636706846161,0.0,0.0,22.061263791687452,0.0,5.237089500923827,0.0,0.0,0.0,0.0,0.0,0.0,40.28320905795744,29.06303477445207,0.25,24.0,1.0,4.0,0.0,0.0,0.0,2.0,0.0,2.0,3.0,1.0,8.0,4.0,0.0,0.0,0.0,2.0,3.5591000000000026,87.46780000000004,1.0,0.0,0.0,0.0,0.0,0.0,0.0,0.0,1.0,1.0,1.0,0.0,1.0,0.0,0.0,1.0,0.0,0.0,0.0,1.0,0.0,0.0,0.0,0.0,0.0,3.0,0.0,0.0,0.0,0.0,0.0,0.0,0.0,0.0,2.0,0.0,1.0,0.0,0.0,0.0,0.0,1.0,0.0,0.0,3.0,0.0,0.0,0.0,0.0,0.0,0.0,0.0,0.0,0.0,0.0,1.0,0.0,0.0,0.0,0.0,0.0,0.0,0.0,0.0,0.0,0.0,0.0,0.0,0.0,0.0,0.0,0.0,0.0,0.0,0.0,0.0,0.0,0.0,0.0,0.0,0.0,0.0,0.0,0.0,0.0
CID5719,CCN(C(C)=O)c1cccc(-c2ccnc3c(C#N)cnn23)c1,0,1.0,0.0,0.0,,0.0,0.0,0.0,0,11.740121761489004,-0.0042766534478291,11.740121761489004,0.0042766534478291,0.7452640844090571,305.341,290.22099999999995,305.12766010000007,114.0,0.0,0.223345353053815,-0.31293310289727,0.31293310289727,0.223345353053815,1.391304347826087,2.217391304347826,2.9130434782608696,2.1492016913455965,922.123581148975,16.396976746569035,12.892874933477584,12.892874933477584,11.151397005390978,7.267548065998393,7.267548065998393,5.049141264736512,5.049141264736512,3.671625523313048,3.671625523313048,2.6091290960470737,2.6091290960470737,-3.2,250265.05424099337,14.725427152596582,5.890384082908113,2.5295627467058224,133.15305327477,4.899909730850478,11.63267280448927,5.647177220767728,5.907179729351506,0.0,0.0,4.794537184071822,9.499376414562832,10.360573363039524,0.0,12.13273413692322,25.122838405075452,30.916174943596832,11.890771566461538,4.794537184071822,17.241743224802796,5.261891554738487,14.598058222863868,0.0,13.847474399381248,11.444666136763054,48.2889739772312,0.0,17.32660079933773,4.899909730850478,5.687386274683562,0.0,0.0,27.049994358127947,4.794537184071822,11.33111286753076,19.410925891078243,42.725522485534206,0.0,16.904556707313183,0.0,74.28999999999999,0.0,4.794537184071822,0.0,5.907179729351506,17.755385118377298,16.944765761229018,6.196843571613076,22.535888395769803,37.255572541998674,16.15188164204052,5.261891554738487,0.0,0.0,0.0,0.0,0.0,0.0,0.0,0.0,1.6405947656840514,53.35940523431595,0.1764705882352941,23.0,0.0,6.0,0.0,0.0,0.0,1.0,2.0,3.0,5.0,0.0,6.0,3.0,0.0,0.0,0.0,3.0,2.6407800000000003,86.83900000000004,0.0,0.0,0.0,0.0,0.0,3.0,0.0,0.0,0.0,0.0,1.0,1.0,0.0,0.0,0.0,5.0,0.0,0.0,0.0,0.0,0.0,0.0,0.0,0.0,0.0,0.0,0.0,1.0,0.0,1.0,0.0,0.0,0.0,0.0,1.0,0.0,1.0,0.0,0.0,0.0,0.0,0.0,0.0,0.0,0.0,0.0,0.0,0.0,0.0,0.0,0.0,0.0,0.0,0.0,0.0,0.0,0.0,1.0,0.0,0.0,0.0,0.0,0.0,0.0,0.0,0.0,0.0,0.0,0.0,0.0,0.0,0.0,0.0,0.0,0.0,0.0,0.0,0.0,0.0,0.0,0.0,0.0,0.0,0.0,0.0
CID1985,CC(=O)Nc1cc([As](=O)(O)O)ccc1O,1,0.0,0.0,0.0,,0.0,0.0,0.0,1,10.943047996976569,-4.984059193121693,10.943047996976569,0.0095081018518514,0.4051703095053298,275.092,265.012,274.97749392000003,82.0,0.0,,,,,1.4,2.0,2.466666666666667,3.1667995223105794,438.6582112286901,11.637828201504696,7.837401770496437,9.713978182720927,6.803549018280202,3.971945798279531,7.354804085689887,2.9266673487363195,6.292938389821298,1.627186254926924,3.622182658976222,0.994980839648378,2.1824943270275416,-1.2315584415584415,1370.7946532130934,11.841071419690229,4.099850168934559,3.1245604224456303,88.55170616119483,0.0,0.0,0.0,0.0,0.0,88.13939560392714,0.0,0.0,0.0,0.0,0.0,0.0,0.0,0.0,21.831903079869345,30.118353681692092,0.0,0.0,0.0,6.923737199690624,5.316788604006331,18.19910120538483,0.0,5.749511833283905,9.66798003984289,5.687386274683562,5.749511833283905,0.0,33.37765273040369,8.534026320637627,0.0,6.923737199690624,18.19910120538483,0.0,0.0,0.0,106.86,20.079775971171973,13.640553715478331,0.0,15.788089543804029,0.0,18.19910120538483,6.923737199690624,0.0,0.0,5.316788604006331,8.191349364391007,0.0,-4.984059193121693,0.0,0.0,0.0,0.0,0.0,0.0,28.575636337868477,26.13758952191988,0.125,15.0,4.0,6.0,0.0,0.0,0.0,1.0,0.0,1.0,3.0,4.0,7.0,2.0,0.0,0.0,0.0,1.0,-1.0884000000000005,52.92260000000002,0.0,0.0,0.0,0.0,0.0,0.0,0.0,1.0,0.0,0.0,1.0,1.0,0.0,0.0,0.0,0.0,1.0,0.0,0.0,0.0,0.0,0.0,0.0,0.0,0.0,0.0,0.0,1.0,0.0,1.0,0.0,0.0,0.0,0.0,1.0,0.0,0.0,0.0,0.0,0.0,0.0,0.0,0.0,0.0,0.0,0.0,0.0,0.0,0.0,0.0,0.0,0.0,0.0,0.0,0.0,0.0,0.0,0.0,0.0,0.0,0.0,0.0,0.0,0.0,0.0,1.0,1.0,0.0,0.0,0.0,0.0,0.0,0.0,0.0,0.0,0.0,0.0,0.0,0.0,0.0,0.0,0.0,0.0,0.0,0.0
CID4768,CC(COc1ccccc1)N(CCCl)Cc1ccccc1,0,1.0,1.0,1.0,,1.0,1.0,1.0,0,5.941251264101192,0.3094094860166287,5.941251264101192,0.3094094860166287,0.6778826115024819,303.83299999999997,281.65700000000004,303.138992004,112.0,0.0,0.118876036104601,-0.4919781573412087,0.4919781573412087,0.118876036104601,1.0,1.619047619047619,2.238095238095238,1.9041693414958267,503.1414802480291,14.916002794556722,12.412706444805126,13.168635390823582,10.292024997884276,7.311234098812687,7.845756582637535,5.1181347759318845,5.496099248941112,3.4579727855637716,3.627003636509474,2.220720961337672,2.437833829565966,-1.5099999999999998,73239.97890652926,15.87090692146844,8.705162031710836,5.40833237400151,131.85479513853258,4.736862953800049,12.356393797796825,0.0,0.0,0.0,0.0,4.899909730850478,0.0,0.0,11.600939890232516,48.53093654769288,24.61992282831084,25.01135708594345,0.0,4.736862953800049,11.600939890232516,0.0,4.899909730850478,0.0,19.51033443475116,19.031641815395833,66.2271221763131,0.0,5.749511833283905,4.736862953800049,0.0,5.749511833283905,11.600939890232516,29.97339237539427,6.544756405912575,0.0,12.48718869138762,60.6636706846161,0.0,0.0,0.0,12.47,0.0,0.0,0.0,0.0,18.52872623863122,18.839024645109056,5.563451491696996,0.0,36.39820241076966,36.08911520438754,16.337802844032566,0.0,5.941251264101192,0.0,0.0,0.0,0.0,0.0,0.0,0.0,36.33652651367659,0.3333333333333333,21.0,0.0,2.0,0.0,0.0,0.0,2.0,0.0,2.0,2.0,0.0,3.0,8.0,0.0,0.0,0.0,2.0,4.194900000000003,88.97100000000006,0.0,0.0,0.0,0.0,0.0,0.0,0.0,0.0,0.0,0.0,0.0,0.0,0.0,0.0,0.0,1.0,0.0,0.0,0.0,0.0,0.0,0.0,0.0,0.0,0.0,1.0,0.0,0.0,0.0,0.0,0.0,0.0,0.0,0.0,2.0,0.0,0.0,0.0,0.0,0.0,0.0,1.0,0.0,0.0,1.0,0.0,0.0,0.0,0.0,0.0,0.0,0.0,0.0,0.0,0.0,0.0,0.0,0.0,0.0,0.0,0.0,0.0,0.0,0.0,1.0,0.0,0.0,0.0,0.0,0.0,0.0,0.0,0.0,0.0,0.0,0.0,0.0,0.0,0.0,0.0,0.0,0.0,0.0,0.0,0.0
CID23897,CCc1c(C)[nH]c2c1C(=O)C(CN1CCOCC1)CC2,1,1.0,0.0,0.0,,0.0,1.0,1.0,1,12.805566184807256,0.1676851851851848,12.805566184807256,0.1676851851851848,0.917711580112694,276.38,252.18799999999996,276.183778008,110.0,0.0,0.1688243694529126,-0.3787927331197993,0.3787927331197993,0.1688243694529126,1.35,2.1,2.8,1.773233755152085,500.82030474308664,14.11251969619286,12.497914695109694,12.497914695109694,9.702708600407233,7.749542990367706,7.749542990367706,5.948490111825187,5.948490111825187,4.69044018342035,4.69044018342035,3.584184436606169,3.584184436606169,-1.13,56838.85038868335,13.83490263384646,5.700123594386074,2.423611554501067,120.04310760596614,9.720841474747257,0.0,5.783244946364939,0.0,0.0,0.0,9.6944469149223,0.0,0.0,0.0,6.923737199690624,31.749653560165648,42.503482745293034,13.213763929025836,9.53140013787187,5.783244946364939,0.0,9.883888251797686,5.917906046161393,33.10993926815928,32.84803314676356,22.514758973090913,0.0,0.0,0.0,0.0,0.0,0.0,48.51516634492618,17.578506199652068,12.841643245852016,40.65385497977937,0.0,0.0,0.0,0.0,45.33,0.0,4.794537184071822,0.0,5.917906046161393,5.783244946364939,57.67394950723859,16.95130748139392,0.0,0.0,23.731362651178937,4.736862953800049,0.0,0.0,0.0,0.0,0.0,0.0,0.0,0.0,0.0,40.666666666666664,0.6875,20.0,1.0,4.0,1.0,1.0,2.0,0.0,1.0,1.0,3.0,1.0,4.0,3.0,0.0,1.0,1.0,3.0,1.96282,78.30820000000004,0.0,0.0,0.0,0.0,0.0,1.0,1.0,0.0,0.0,0.0,1.0,1.0,0.0,0.0,0.0,1.0,1.0,0.0,0.0,0.0,0.0,1.0,0.0,0.0,0.0,0.0,0.0,0.0,0.0,0.0,2.0,0.0,0.0,0.0,0.0,0.0,1.0,0.0,0.0,0.0,0.0,1.0,0.0,0.0,0.0,0.0,0.0,0.0,0.0,0.0,0.0,1.0,1.0,0.0,0.0,0.0,1.0,0.0,0.0,0.0,0.0,0.0,0.0,0.0,0.0,0.0,0.0,0.0,0.0,0.0,0.0,0.0,0.0,0.0,0.0,0.0,0.0,0.0,0.0,0.0,0.0,0.0,0.0,0.0,0.0
CID3291,CCC1(C)CC(=O)NC1=O,0,0.0,0.0,0.0,,0.0,0.0,0.0,0,11.005555555555556,-0.4334490740740742,11.005555555555556,0.1249999999999997,0.5387218646888615,141.17,130.082,141.078978592,56.0,0.0,0.2324947621390698,-0.2959410688794002,0.2959410688794002,0.2324947621390698,1.6,2.2,2.4,2.8000015092487516,188.0451282511783,7.776020881938894,6.230710143300821,6.230710143300821,4.582334106738749,3.426015243430232,3.426015243430232,2.9682907381116728,2.9682907381116728,2.132179015606181,2.132179015606181,1.0419123688073617,1.0419123688073617,-0.8600000000000001,173.49555611641006,7.249409190371992,2.075496519949025,0.9162485890783432,59.79597894437554,0.0,0.0,0.0,11.814359458703011,0.0,0.0,14.905862972149976,0.0,0.0,0.0,13.847474399381248,6.4208216229260096,6.4208216229260096,5.41499046939678,9.589074368143644,11.814359458703011,0.0,5.316788604006331,5.41499046939678,26.689117645233267,0.0,0.0,0.0,0.0,5.316788604006331,0.0,0.0,0.0,11.814359458703011,9.589074368143644,5.41499046939678,26.689117645233267,0.0,0.0,0.0,0.0,46.17,5.41499046939678,9.589074368143644,0.0,11.814359458703011,6.4208216229260096,6.4208216229260096,0.0,0.0,13.847474399381248,5.316788604006331,0.0,0.0,0.0,0.0,0.0,0.0,0.0,0.0,0.0,0.0,28.083333333333336,0.7142857142857143,10.0,1.0,3.0,0.0,1.0,1.0,0.0,0.0,0.0,2.0,1.0,3.0,1.0,0.0,1.0,1.0,1.0,0.4491999999999999,36.1647,0.0,0.0,0.0,0.0,0.0,0.0,0.0,0.0,0.0,0.0,2.0,2.0,0.0,0.0,0.0,0.0,1.0,0.0,0.0,0.0,0.0,0.0,0.0,0.0,0.0,0.0,0.0,2.0,0.0,0.0,0.0,0.0,0.0,0.0,0.0,0.0,0.0,0.0,0.0,0.0,0.0,0.0,0.0,0.0,0.0,0.0,0.0,0.0,1.0,0.0,0.0,0.0,0.0,0.0,0.0,0.0,0.0,0.0,0.0,0.0,0.0,0.0,0.0,0.0,0.0,0.0,0.0,0.0,0.0,0.0,0.0,0.0,0.0,0.0,0.0,0.0,0.0,0.0,0.0,0.0,0.0,0.0,0.0,0.0,0.0
CID636408,O=C(CCCCC(=O)Nc1c(I)cc(I)c(C(=O)O)c1I)Nc1c(I)cc(I)c(C(=O)O)c1I,0,0.0,0.0,0.0,,0.0,1.0,0.0,0,12.415276350224076,-1.055892142517864,12.415276350224076,0.1523208020691697,0.1607061463313033,1139.764,1125.652,1139.512024168,182.0,0.0,0.3374361825528573,-0.4775837204533065,0.4775837204533065,0.3374361825528573,0.6176470588235294,0.9411764705882352,1.2352941176470589,1.9401188960620233,1095.6195137882678,25.739758018147143,16.778334854036174,29.723324601094102,15.84401946824748,9.259410915021164,15.731905788550131,6.72215471069841,13.528415731424673,4.354419486758607,9.915048288298056,2.7767464265426076,10.981343130194537,0.6999999999999997,12679316.288942035,30.920951125548257,14.018756346066317,8.098179752519291,276.3133432387788,20.846631997694075,0.0,0.0,11.814359458703011,0.0,11.9386105759037,9.589074368143644,9.589074368143644,0.0,0.0,0.0,160.51960114518357,27.1223723301136,29.642040074891906,29.3912035259687,170.67296634638217,0.0,0.0,0.0,25.68328649170404,10.633577208012662,44.680730746709585,0.0,0.0,10.633577208012662,11.374772549367124,0.0,135.54522376240834,33.96602482428812,9.589074368143644,21.421093626392377,46.39926384324167,12.13273413692322,0.0,0.0,0.0,132.79999999999998,11.9386105759037,29.3912035259687,0.0,35.78290568794902,38.49714487948073,7.140364542130793,0.0,12.13273413692322,90.36348250827224,55.815318462148774,0.0,0.0,0.0,0.0,0.0,0.0,0.0,0.0,0.0,3.60927389656696,75.57720103321579,0.2,34.0,4.0,8.0,0.0,0.0,0.0,2.0,0.0,2.0,4.0,4.0,14.0,9.0,0.0,0.0,0.0,2.0,6.848200000000003,178.83199999999994,0.0,0.0,0.0,0.0,2.0,0.0,0.0,0.0,2.0,2.0,4.0,2.0,0.0,0.0,0.0,0.0,2.0,0.0,0.0,0.0,0.0,0.0,0.0,0.0,0.0,0.0,0.0,2.0,0.0,2.0,0.0,0.0,0.0,0.0,2.0,0.0,0.0,0.0,0.0,0.0,0.0,0.0,0.0,0.0,6.0,0.0,0.0,0.0,0.0,0.0,0.0,0.0,0.0,0.0,0.0,0.0,0.0,0.0,0.0,0.0,0.0,0.0,0.0,0.0,0.0,0.0,0.0,0.0,0.0,0.0,0.0,0.0,0.0,0.0,0.0,0.0,0.0,0.0,0.0,0.0,0.0,0.0,0.0,1.0,0.0
CID5282138,COCCOC(=O)C1=C(C)NC(C)=C(C(=O)OC/C=C/c2ccccc2)C1c1cccc([N+](=O)[O-])c1,1,1.0,1.0,0.0,,0.0,1.0,1.0,1,13.275009562096956,-0.9242612690673656,13.275009562096956,0.0024604293814254,0.2261188375310288,492.52800000000013,464.3040000000003,492.189651236,188.0,0.0,0.3365666368719149,-0.4598047118654412,0.4598047118654412,0.3365666368719149,0.9722222222222222,1.6388888888888888,2.2777777777777777,1.937627367278404,1215.6377903952562,26.078775022443732,20.35447520258215,20.35447520258215,17.328606258093465,11.307858414341442,11.307858414341442,8.027692015977166,8.027692015977166,5.55569210494614,5.55569210494614,3.931754974356232,3.931754974356232,-4.239999999999998,85384500.1295158,26.366244805821967,12.459573601178432,6.4535119063599025,208.7545065861441,19.527377465406477,13.213763929025836,0.0,0.0,5.687386274683562,11.9386105759037,10.114318268765572,9.589074368143644,0.0,0.0,48.54058958606515,31.05039748960912,30.636610304312416,28.594308119630515,28.72297427836146,23.70201695742114,0.0,5.316788604006331,0.0,19.76538044554264,26.93044343481629,104.45483266139816,0.0,0.0,5.316788604006331,5.687386274683562,0.0,0.0,43.79236505953766,23.79966322954379,10.114318268765572,30.89228342893663,83.2136114092386,0.0,6.076020106833881,0.0,117.0,22.779827670882764,19.703392636909214,0.0,36.65424122836085,16.957530117808663,5.563451491696996,25.30889874666236,25.989861574676738,36.407855449141934,5.316788604006331,14.210588861400147,0.0,0.0,0.0,0.0,0.0,0.0,0.0,0.0,0.0,91.83333333333331,0.2592592592592592,36.0,1.0,9.0,0.0,1.0,1.0,2.0,0.0,2.0,8.0,1.0,9.0,10.0,0.0,0.0,0.0,3.0,4.275800000000004,133.64309999999995,0.0,0.0,0.0,0.0,0.0,0.0,0.0,0.0,0.0,0.0,2.0,2.0,0.0,0.0,0.0,1.0,1.0,0.0,0.0,0.0,0.0,0.0,0.0,0.0,0.0,0.0,2.0,0.0,0.0,0.0,0.0,0.0,0.0,0.0,2.0,0.0,0.0,0.0,1.0,0.0,2.0,3.0,0.0,0.0,0.0,0.0,0.0,0.0,0.0,0.0,0.0,0.0,0.0,0.0,0.0,1.0,0.0,0.0,1.0,1.0,1.0,0.0,0.0,0.0,0.0,0.0,0.0,0.0,0.0,0.0,0.0,0.0,0.0,0.0,0.0,0.0,0.0,0.0,0.0,0.0,0.0,0.0,0.0,1.0,0.0
CID5486971,CC(C)C[C@H](CN)CC(=O)O,1,0.0,0.0,0.0,,0.0,0.0,0.0,1,10.294544595616024,-0.7489814814814812,10.294544595616024,0.145833333333333,0.6306196110552211,159.229,142.093,159.125928784,66.0,0.0,0.3031719403349951,-0.4812222077089724,0.4812222077089724,0.3031719403349951,1.5454545454545454,2.090909090909091,2.363636363636364,3.6645690593675506,123.26046567326584,8.85337115112852,7.208833037092342,7.208833037092342,5.0577493102643665,3.977226324273752,3.977226324273752,3.329139463148107,3.329139463148107,1.6013667483033724,1.6013667483033724,1.1765089532696094,1.1765089532696094,-0.5700000000000001,176.57543937738006,10.43,5.129492287873465,5.854178154825026,67.58949237785829,10.84019487200289,0.0,0.0,0.0,0.0,5.969305287951849,4.794537184071822,0.0,0.0,0.0,13.847474399381248,24.801390121161372,6.4208216229260096,0.0,9.901064578912528,5.969305287951849,0.0,0.0,17.569479569484972,26.689117645233267,6.544756405912575,0.0,0.0,0.0,5.733667477162185,0.0,0.0,0.0,17.62058908870513,4.794537184071822,11.835812092322788,26.689117645233267,0.0,0.0,0.0,0.0,63.32000000000001,5.969305287951849,4.794537184071822,0.0,12.338727669087405,12.462662452073968,6.4208216229260096,0.0,0.0,0.0,13.847474399381248,10.84019487200289,0.0,0.0,0.0,0.0,0.0,0.0,0.0,0.0,0.0,29.833333333333336,0.875,11.0,3.0,3.0,0.0,0.0,0.0,0.0,0.0,0.0,2.0,2.0,3.0,5.0,0.0,0.0,0.0,0.0,1.0821,44.2522,1.0,0.0,0.0,0.0,0.0,0.0,0.0,0.0,1.0,1.0,1.0,0.0,0.0,0.0,0.0,0.0,0.0,1.0,0.0,0.0,0.0,0.0,0.0,0.0,0.0,0.0,0.0,0.0,0.0,0.0,0.0,0.0,0.0,0.0,0.0,0.0,0.0,0.0,0.0,0.0,0.0,0.0,0.0,0.0,0.0,0.0,0.0,0.0,0.0,0.0,0.0,0.0,0.0,0.0,0.0,0.0,0.0,0.0,0.0,0.0,0.0,0.0,0.0,0.0,0.0,0.0,0.0,0.0,0.0,0.0,0.0,0.0,0.0,0.0,0.0,0.0,0.0,0.0,0.0,0.0,0.0,0.0,0.0,0.0,0.0
CID5161,O=C(Oc1ccccc1C(=O)O)c1ccccc1O,1,0.0,0.0,0.0,,0.0,0.0,0.0,1,11.834578609221468,-1.193811465944402,11.834578609221468,0.0252853363567646,0.6515507183057149,258.229,248.14899999999992,258.05282342000004,96.0,0.0,0.3468371169226193,-0.5070525222232488,0.5070525222232488,0.3468371169226193,0.8947368421052632,1.4736842105263157,2.1052631578947367,2.2986999802018677,633.2383798242596,13.828062645816686,9.737974215908514,9.737974215908514,9.092224152875016,5.418410714806937,5.418410714806937,3.707980591522615,3.707980591522615,2.4440871703975455,2.4440871703975455,1.5334230503953463,1.5334230503953463,-2.8199999999999994,20557.435958755617,12.632105420792785,5.220494471775989,2.712378981773566,108.24343848834069,14.94991774348146,22.6259266499618,0.0,0.0,0.0,11.9386105759037,0.0,9.589074368143644,0.0,0.0,24.26546827384644,24.26546827384644,0.0,0.0,24.5389921116251,11.9386105759037,0.0,0.0,0.0,0.0,0.0,59.65783953108687,0.0,11.49902366656781,4.736862953800049,0.0,11.49902366656781,0.0,22.15166536558511,0.0,0.0,20.715977351537635,48.53093654769288,0.0,0.0,0.0,83.83000000000001,11.9386105759037,14.69560176298435,0.0,22.6259266499618,0.0,0.0,30.33183534230805,18.19910120538483,0.0,0.0,9.843390348640757,0.0,0.0,0.0,0.0,0.0,0.0,0.0,0.0,0.0,55.5,0.0,19.0,2.0,5.0,0.0,0.0,0.0,2.0,0.0,2.0,4.0,2.0,5.0,3.0,0.0,0.0,0.0,2.0,2.309600000000001,66.46660000000001,0.0,0.0,0.0,0.0,1.0,0.0,0.0,1.0,1.0,1.0,2.0,1.0,0.0,0.0,0.0,0.0,0.0,0.0,0.0,0.0,0.0,0.0,0.0,0.0,0.0,0.0,0.0,0.0,0.0,0.0,0.0,0.0,0.0,0.0,2.0,0.0,0.0,0.0,0.0,0.0,1.0,1.0,0.0,0.0,0.0,0.0,0.0,0.0,0.0,0.0,0.0,0.0,0.0,0.0,0.0,0.0,0.0,0.0,0.0,0.0,0.0,0.0,0.0,0.0,2.0,1.0,1.0,0.0,0.0,0.0,0.0,0.0,0.0,0.0,0.0,0.0,0.0,0.0,0.0,0.0,0.0,0.0,0.0,0.0,0.0
CID4472,O=C(CCNNC(=O)c1ccncc1)NCc1ccccc1,1,0.0,0.0,0.0,,0.0,0.0,0.0,1,11.698130291491202,-0.2573206301574802,11.698130291491202,0.0745248593264464,0.5263360770159846,298.346,280.20200000000006,298.142975816,114.0,0.0,0.2649828421319022,-0.3519853628395678,0.3519853628395678,0.2649828421319022,1.0,1.7272727272727273,2.4545454545454546,1.6014002405391197,602.0575754783677,15.62310957574327,12.081182942693962,12.081182942693962,10.75402019542349,6.9935601707105315,6.9935601707105315,4.62911785608011,4.62911785608011,2.9539966407351748,2.9539966407351748,1.77916376161491,1.77916376161491,-2.7299999999999995,118834.96500324902,15.654936558239786,8.533215993036974,5.336075903003142,128.4756226496372,5.316788604006331,0.0,0.0,5.907179729351506,5.907179729351506,0.0,19.998844286201237,5.425791397110385,0.0,0.0,30.33183534230805,17.696185628620217,37.467473069674305,0.0,9.589074368143644,11.814359458703011,0.0,21.15234991917431,0.0,12.965578028838586,6.544756405912575,65.98515960585142,0.0,0.0,16.1683713982271,0.0,0.0,0.0,23.343094385562793,11.339293589984395,0.0,22.34226179039182,54.85825662245742,0.0,0.0,0.0,83.12,0.0,9.589074368143644,0.0,18.23518108162902,18.652964303522147,5.563451491696996,0.0,24.52642128014937,30.33183534230805,21.15234991917431,0.0,0.0,0.0,0.0,0.0,0.0,0.0,0.0,0.0,0.0,53.66666666666667,0.1875,22.0,3.0,6.0,0.0,0.0,0.0,1.0,1.0,2.0,4.0,3.0,6.0,7.0,0.0,0.0,0.0,2.0,1.0224999999999989,82.61160000000004,0.0,0.0,0.0,0.0,0.0,1.0,0.0,0.0,0.0,0.0,2.0,2.0,0.0,0.0,0.0,1.0,3.0,0.0,0.0,0.0,0.0,0.0,0.0,0.0,0.0,0.0,0.0,2.0,0.0,0.0,0.0,0.0,0.0,0.0,1.0,0.0,0.0,0.0,0.0,0.0,0.0,0.0,0.0,0.0,0.0,1.0,0.0,0.0,0.0,0.0,0.0,0.0,0.0,0.0,0.0,0.0,0.0,0.0,0.0,0.0,0.0,0.0,0.0,0.0,0.0,0.0,0.0,0.0,0.0,0.0,0.0,0.0,0.0,1.0,0.0,0.0,0.0,0.0,0.0,0.0,0.0,0.0,0.0,1.0,0.0
CID4870,CN1C(CSCC(F)(F)F)Nc2cc(Cl)c(S(N)(=O)=O)cc2S1(=O)=O,0,0.0,0.0,0.0,,0.0,0.0,0.0,0,12.5406959797808,-4.372636755447,12.5406959797808,0.0063808578987145,0.7378988516920792,439.8900000000002,426.7860000000002,438.970881236,142.0,0.0,0.397356561034976,-0.3669195926823267,0.397356561034976,0.3669195926823267,1.4,2.0,2.52,2.3864787018638713,889.8127600505503,19.20674230225704,12.540424159915506,15.74584284871714,11.232017366004008,6.487060457847503,11.006108275958184,5.135488678755524,10.068716473823905,3.3001318636448533,7.664916793273058,2.104949507096691,5.6876000279144545,-0.7300000000000002,133132.9658997569,20.580316958330048,6.77591391129083,4.518317709465981,151.34440333463067,5.316788604006331,15.956742563170078,0.0,20.046582306815168,0.0,6.176298517443475,0.0,21.974567706265816,17.476461134320694,11.761884949391115,11.600939890232516,12.13273413692322,12.800525589423978,16.462873195171678,30.006839111682336,49.09679342112237,0.0,4.305215991296234,5.138973737607942,22.133041080613552,23.870167800177096,17.155367450664546,0.0,0.0,10.455762341614273,18.858631417708025,0.0,23.36282483962363,52.03626328570287,20.046582306815168,0.0,0.0,21.92370108795877,5.022633313741326,0.0,0.0,109.57,43.03699351865774,30.006839111682336,0.0,21.358356670689453,11.761884949391115,16.437950128219455,7.04767198267719,0.0,0.0,5.316788604006331,16.73991362784046,0.0,-2.04758434499025,0.0,0.0,0.0,0.0,0.0,0.0,85.63056745808697,2.944794664681059,0.4545454545454545,25.0,3.0,7.0,0.0,1.0,1.0,1.0,0.0,1.0,6.0,2.0,14.0,4.0,0.0,0.0,0.0,2.0,1.655,88.56470000000002,0.0,0.0,0.0,0.0,0.0,0.0,0.0,0.0,0.0,0.0,0.0,0.0,0.0,0.0,0.0,1.0,1.0,1.0,0.0,0.0,0.0,0.0,0.0,0.0,0.0,3.0,0.0,0.0,0.0,1.0,0.0,0.0,0.0,0.0,1.0,0.0,1.0,0.0,0.0,0.0,0.0,0.0,0.0,0.0,4.0,0.0,0.0,0.0,0.0,0.0,0.0,0.0,0.0,0.0,0.0,0.0,0.0,0.0,0.0,0.0,0.0,0.0,0.0,0.0,0.0,0.0,0.0,0.0,0.0,0.0,0.0,0.0,0.0,0.0,0.0,1.0,2.0,0.0,0.0,0.0,0.0,0.0,0.0,0.0,0.0
CID3741,O=C(NCC(O)CO)c1c(I)c(C(=O)NCC(O)CO)c(I)c(N(CCO)C(=O)CO)c1I,0,1.0,0.0,1.0,,0.0,0.0,0.0,0,12.954469005305928,-1.2109410792307065,12.954469005305928,0.0015814363399679,0.1100490655225867,807.114,782.9219999999999,806.864673348,186.0,0.0,0.2531349207750654,-0.3945177385980533,0.3945177385980533,0.2531349207750654,0.7878787878787878,1.2121212121212122,1.5454545454545454,3.709166538408097,819.2927007366566,25.292164260954436,17.093581465604064,23.566076339133023,15.54654893530744,9.417722683923378,12.65397012068786,6.560496049608334,9.796743486372812,4.195722584493441,7.375026732504831,2.5600000750137597,7.2883229330899475,-0.4200000000000004,8370571.541080144,30.61069367710252,14.859594544848171,8.052110577394371,229.705749706114,46.17265130790737,6.606881964512918,0.0,0.0,17.721539188054518,0.0,14.383611552215466,0.0,0.0,0.0,0.0,67.77261188120417,23.204451488803123,55.9832324692437,45.022775921259694,91.18153734394224,0.0,10.633577208012662,0.0,12.207932775496603,50.96170680663987,21.837449796590175,0.0,0.0,15.53348693886314,5.687386274683562,0.0,67.77261188120417,106.6304334083848,4.794537184071822,10.710546813196189,20.715977351537635,0.0,0.0,0.0,0.0,199.89,56.356999821602784,34.809721131578286,0.0,47.15910528901147,0.0,4.899909730850478,0.0,22.590870627068057,45.181741254136114,10.633577208012662,10.213054789681411,0.0,0.0,0.0,0.0,0.0,0.0,0.0,0.0,0.7052637104224406,92.4108674417854,0.5,33.0,8.0,12.0,0.0,0.0,0.0,1.0,0.0,1.0,9.0,8.0,15.0,12.0,0.0,0.0,0.0,1.0,-2.016,141.96919999999997,0.0,6.0,6.0,0.0,0.0,0.0,0.0,0.0,0.0,0.0,3.0,3.0,0.0,0.0,0.0,1.0,2.0,0.0,0.0,0.0,0.0,0.0,0.0,0.0,0.0,0.0,0.0,3.0,0.0,1.0,0.0,0.0,0.0,0.0,1.0,0.0,0.0,0.0,0.0,0.0,0.0,0.0,0.0,0.0,3.0,0.0,0.0,0.0,0.0,0.0,0.0,0.0,0.0,0.0,0.0,0.0,0.0,0.0,0.0,0.0,0.0,0.0,0.0,0.0,0.0,0.0,0.0,0.0,0.0,0.0,0.0,0.0,0.0,0.0,0.0,0.0,0.0,0.0,0.0,0.0,0.0,0.0,0.0,0.0,0.0
CID4450,CN1CCOC(c2ccccc2)c2ccccc2C1,1,0.0,1.0,1.0,,1.0,1.0,1.0,1,6.124212962962963,0.0612037037037034,6.124212962962963,0.0612037037037034,0.7733298315151295,253.345,234.19299999999993,253.146664228,98.0,0.0,0.107910400898164,-0.3674478129951745,0.3674478129951745,0.107910400898164,1.0,1.736842105263158,2.5789473684210527,2.0314470752587894,537.9681454134255,13.079139501373252,11.250284921419723,11.250284921419723,9.343336592900531,6.772984054019448,6.772984054019448,5.09811097453707,5.09811097453707,3.6376727267058047,3.6376727267058047,2.623608206250311,2.623608206250311,-1.6399999999999997,33761.05095326011,12.396686360221295,5.554883036559278,2.698159794025511,114.18075564372508,4.736862953800049,6.103966387748303,0.0,0.0,0.0,0.0,4.899909730850478,0.0,0.0,0.0,54.59730361615449,23.738026457768175,13.08951281182515,6.606881964512918,4.736862953800049,0.0,0.0,4.899909730850478,0.0,12.648722793660877,20.19931035310268,71.28765809124548,0.0,0.0,0.0,0.0,0.0,0.0,25.099220083953163,11.281619359712623,0.0,22.79432086283929,54.59730361615449,0.0,0.0,0.0,12.47,0.0,0.0,0.0,6.103966387748303,0.0,19.696394776338067,16.690354475090988,0.0,6.06636706846161,60.47851826122054,4.736862953800049,0.0,0.0,0.0,0.0,0.0,0.0,0.0,0.0,0.0,36.33333333333333,0.2941176470588235,19.0,0.0,2.0,0.0,1.0,1.0,2.0,0.0,2.0,2.0,0.0,2.0,1.0,0.0,0.0,0.0,3.0,3.238000000000002,77.01300000000005,0.0,0.0,0.0,0.0,0.0,0.0,0.0,0.0,0.0,0.0,0.0,0.0,0.0,0.0,0.0,1.0,0.0,0.0,0.0,1.0,0.0,0.0,0.0,0.0,0.0,0.0,0.0,0.0,0.0,0.0,0.0,0.0,0.0,0.0,2.0,0.0,1.0,0.0,0.0,0.0,0.0,1.0,0.0,0.0,0.0,0.0,0.0,0.0,0.0,0.0,0.0,0.0,0.0,0.0,0.0,0.0,0.0,0.0,0.0,0.0,0.0,0.0,0.0,0.0,0.0,0.0,0.0,0.0,0.0,0.0,0.0,0.0,0.0,0.0,0.0,0.0,0.0,0.0,0.0,0.0,0.0,0.0,0.0,0.0,0.0
CID15459,Cc1cc(C)cc(OCC2CNC(=O)O2)c1,1,0.0,0.0,0.0,,0.0,0.0,1.0,1,10.784141891324431,-0.3666455656336607,10.784141891324431,0.1867422524565385,0.8460710155484404,221.256,206.13599999999997,221.10519334,86.0,0.0,0.4072292243721784,-0.4896364417156857,0.4896364417156857,0.4072292243721784,1.375,2.0625,2.625,1.9147662796967868,383.0003882453518,11.543605595440512,9.448359510523188,9.448359510523188,7.631030293135234,5.288850609776001,5.288850609776001,4.0426376518507965,4.0426376518507965,2.3788692060712457,2.3788692060712457,1.7302287020692355,1.7302287020692355,-1.71,5330.188793979921,10.796107985957985,4.428711845919409,2.655123564395569,94.55369939501294,14.790514511606428,12.356393797796825,6.103966387748303,0.0,0.0,6.093240070938415,0.0,4.794537184071822,0.0,0.0,6.06636706846161,37.10711151969846,0.0,6.544756405912575,14.26826309167192,6.093240070938415,0.0,5.316788604006331,0.0,19.95144078712955,13.151638370425491,29.32600418877882,0.0,5.749511833283905,10.05365155780638,4.794537184071822,5.749511833283905,0.0,25.34884482911221,4.736862953800049,13.847474399381248,11.126902983393991,18.19910120538483,0.0,0.0,0.0,47.56,0.0,4.794537184071822,0.0,12.197206458686718,13.151638370425491,16.876414816677897,0.0,0.0,25.980208536304467,11.38315567246794,9.473725907600098,0.0,0.0,0.0,0.0,0.0,0.0,0.0,0.0,0.0,37.5,0.4166666666666667,16.0,1.0,4.0,0.0,1.0,1.0,1.0,0.0,1.0,3.0,1.0,4.0,3.0,0.0,1.0,1.0,2.0,1.7906399999999998,59.68270000000003,0.0,0.0,0.0,0.0,0.0,0.0,0.0,0.0,0.0,0.0,1.0,1.0,0.0,0.0,0.0,0.0,1.0,0.0,0.0,0.0,0.0,0.0,0.0,0.0,1.0,0.0,0.0,1.0,0.0,0.0,2.0,0.0,0.0,0.0,1.0,0.0,0.0,0.0,0.0,0.0,0.0,2.0,0.0,0.0,0.0,0.0,0.0,0.0,0.0,0.0,0.0,0.0,0.0,0.0,1.0,0.0,0.0,0.0,0.0,0.0,0.0,0.0,0.0,0.0,0.0,0.0,0.0,0.0,0.0,0.0,0.0,0.0,0.0,0.0,0.0,0.0,0.0,0.0,0.0,0.0,0.0,0.0,0.0,0.0,0.0
CID2564,CN(C)CCOC(c1ccc(Cl)cc1)c1ccccn1,0,1.0,1.0,1.0,,1.0,1.0,1.0,0,6.017667233560091,-0.158873456790124,6.017667233560091,0.158873456790124,0.8151739333124051,290.794,271.64199999999994,290.11859090800004,106.0,0.0,0.1244802688366099,-0.3658393908332552,0.3658393908332552,0.1244802688366099,1.15,1.9,2.5,2.17553294778081,513.7598984869505,14.372032720186704,11.791005939552736,12.546934885571192,9.664703797946448,6.593212884839194,6.971177357848421,4.86026083435827,5.296696614830255,2.9521719685694863,3.204148283908971,1.8741290594401596,2.000117217109902,-1.4200000000000002,37277.40264632154,14.978146573445834,7.385618027668948,4.303724581782935,124.70950100508249,9.636772684650529,6.103966387748303,0.0,0.0,0.0,0.0,4.9839785209472085,0.0,0.0,0.0,29.800041095617345,43.92426373089781,17.764233291266976,12.30080995936138,4.736862953800049,11.600939890232516,0.0,9.883888251797686,0.0,6.103966387748303,27.246982335779872,64.94142585113113,0.0,0.0,0.0,0.0,0.0,11.600939890232516,37.13087058757756,4.736862953800049,0.0,17.36134587429376,48.661413050844345,5.022633313741326,0.0,0.0,25.36,0.0,0.0,0.0,6.103966387748303,6.606881964512918,22.82476920619936,0.0,6.196843571613076,56.559913444585646,9.883888251797686,16.337802844032566,0.0,5.9451680558331885,0.0,0.0,0.0,0.0,0.0,0.0,0.0,35.99927638861126,0.3125,20.0,0.0,3.0,0.0,0.0,0.0,1.0,1.0,2.0,3.0,0.0,4.0,6.0,0.0,0.0,0.0,2.0,3.4026000000000023,82.03800000000005,0.0,0.0,0.0,0.0,0.0,1.0,0.0,0.0,0.0,0.0,0.0,0.0,0.0,0.0,0.0,2.0,0.0,0.0,0.0,1.0,0.0,0.0,0.0,0.0,0.0,0.0,0.0,0.0,0.0,0.0,0.0,0.0,0.0,0.0,1.0,0.0,0.0,0.0,0.0,0.0,0.0,1.0,0.0,0.0,1.0,0.0,0.0,0.0,0.0,0.0,0.0,0.0,0.0,0.0,0.0,0.0,0.0,0.0,0.0,0.0,0.0,0.0,0.0,0.0,0.0,0.0,0.0,0.0,0.0,0.0,0.0,0.0,0.0,1.0,0.0,0.0,0.0,0.0,0.0,0.0,0.0,0.0,0.0,0.0,0.0
CID129211,CCOc1ccccc1OCCN[C@H](C)Cc1ccc(OC)c(S(N)(=O)=O)c1,1,0.0,0.0,1.0,,1.0,0.0,1.0,1,11.725648583332514,-3.84157866288248,11.725648583332514,0.0041069491847529,0.55378695740702,408.5200000000001,380.2960000000001,408.17189299599994,154.0,0.0,0.2412442811243279,-0.4953378492623104,0.4953378492623104,0.2412442811243279,1.0714285714285714,1.75,2.357142857142857,1.871319016691083,870.6498096945896,20.57070333293597,16.474069290236002,17.29056587116373,13.34588511839056,9.125002131833671,10.671321609755235,6.317726139745114,7.847571082049115,4.077879101979764,5.009965345790868,2.8066207095509177,3.554056897099815,-2.2899999999999996,1280402.6868617623,22.00390652768809,10.307826129704864,6.400357156820857,166.39919870229036,19.527377465406477,17.251877273314598,11.49902366656781,10.023291153407584,0.0,0.0,0.0,13.556770721936878,0.0,0.0,18.19910120538483,50.097215787850686,12.586597235060536,13.716679505790452,22.628385845729085,10.023291153407584,0.0,5.316788604006331,5.138973737607942,31.20562032697299,26.868317876215944,48.02802097092827,0.0,17.248535499851716,24.66635120301442,0.0,17.248535499851716,0.0,41.32795568969284,16.444112776333593,0.0,19.410925891078243,47.36005295474904,0.0,0.0,0.0,99.88,10.023291153407584,8.417796984328938,0.0,16.68683613794964,31.928853791148327,11.3129633249809,7.109797541277533,12.13273413692322,44.179309741689295,5.316788604006331,19.349562599008088,0.0,-3.84157866288248,0.0,0.0,0.0,0.0,0.0,0.0,23.45129716666503,47.97361482955079,0.4,28.0,3.0,7.0,0.0,0.0,0.0,2.0,0.0,2.0,6.0,2.0,8.0,11.0,0.0,0.0,0.0,2.0,2.3409000000000004,108.64190000000004,0.0,0.0,0.0,0.0,0.0,0.0,0.0,0.0,0.0,0.0,0.0,0.0,0.0,0.0,0.0,0.0,1.0,1.0,0.0,0.0,0.0,0.0,0.0,0.0,0.0,0.0,0.0,0.0,0.0,0.0,0.0,0.0,0.0,0.0,2.0,0.0,0.0,0.0,0.0,0.0,0.0,3.0,0.0,0.0,0.0,0.0,0.0,0.0,0.0,0.0,0.0,0.0,0.0,0.0,0.0,1.0,0.0,0.0,0.0,0.0,0.0,0.0,0.0,0.0,2.0,0.0,0.0,0.0,0.0,0.0,0.0,0.0,0.0,0.0,0.0,0.0,1.0,0.0,0.0,0.0,0.0,0.0,0.0,1.0,0.0
CID5610,NCCc1ccc(O)cc1,0,0.0,0.0,0.0,,0.0,0.0,0.0,0,8.893642290249433,0.3062698412698414,8.893642290249433,0.3062698412698414,0.63560003918662,137.18199999999996,126.09399999999997,137.084063972,54.0,0.0,0.1150948532061921,-0.5079666452003015,0.5079666452003015,0.1150948532061921,1.2,1.8,2.3,2.693803452362809,192.91749419417292,7.397341225498538,5.748178503821183,5.748178503821183,4.825698502695489,3.3067756838530347,3.3067756838530347,2.2051223148058376,2.2051223148058376,1.3693530069141389,1.3693530069141389,0.829281263622071,0.829281263622071,-1.02,210.07561699601456,7.091358574610246,3.2248465665342856,1.739178486124621,60.2954117974989,10.84019487200289,5.749511833283905,0.0,0.0,0.0,0.0,0.0,0.0,0.0,0.0,12.13273413692322,30.6617636574588,0.0,0.0,5.106527394840706,0.0,0.0,0.0,5.733667477162185,6.4208216229260096,6.544756405912575,29.828919765543436,0.0,5.749511833283905,5.733667477162185,0.0,5.749511833283905,0.0,11.65128380075328,6.4208216229260096,0.0,5.563451491696996,24.26546827384644,0.0,0.0,0.0,46.25,0.0,0.0,0.0,0.0,12.29426823919648,6.4208216229260096,5.563451491696996,12.13273413692322,12.13273413692322,0.0,10.84019487200289,0.0,0.0,0.0,0.0,0.0,0.0,0.0,0.0,0.0,24.333333333333332,0.25,10.0,3.0,2.0,0.0,0.0,0.0,1.0,0.0,1.0,2.0,2.0,2.0,2.0,0.0,0.0,0.0,1.0,0.8934,40.86520000000002,0.0,0.0,0.0,0.0,0.0,0.0,0.0,1.0,0.0,0.0,0.0,0.0,0.0,0.0,0.0,0.0,0.0,1.0,0.0,0.0,0.0,0.0,0.0,0.0,0.0,0.0,0.0,0.0,0.0,0.0,0.0,0.0,0.0,0.0,1.0,0.0,0.0,0.0,0.0,0.0,0.0,0.0,0.0,0.0,0.0,0.0,0.0,0.0,0.0,0.0,0.0,0.0,0.0,0.0,0.0,0.0,0.0,0.0,0.0,0.0,0.0,0.0,0.0,0.0,0.0,1.0,1.0,0.0,0.0,0.0,0.0,0.0,0.0,0.0,0.0,0.0,0.0,0.0,0.0,0.0,0.0,0.0,0.0,0.0,0.0
CID2159,CCN1CCCC1CNC(=O)c1cc(S(=O)(=O)CC)c(N)cc1OC,1,1.0,0.0,1.0,,0.0,0.0,0.0,1,12.609648526077098,-3.52197461813646,12.609648526077098,0.030554531997984,0.7023165228263907,369.4870000000002,342.2710000000001,369.172227344,140.0,0.0,0.2546468350256778,-0.4958422275250794,0.4958422275250794,0.2546468350256778,1.4,2.12,2.72,2.241239295541135,733.6536618070231,18.61251969619286,15.040496811697064,15.85699339262479,11.834065645098947,8.560922822736803,10.213188049056956,6.128407517004095,8.3750799440283,4.695141381205592,6.478895417545322,3.195197371991156,4.2216534358466795,-1.8,372275.7417129329,19.52374837784304,8.052660123966941,4.243964693315342,148.9899874864918,15.787319034968563,5.749511833283905,9.837253136417502,0.0,5.907179729351506,0.0,9.6944469149223,8.417796984328938,0.0,0.0,13.847474399381248,31.997523126138777,18.652964303522147,29.008972389922658,17.949197122200808,21.431819140452568,0.0,10.216698334856808,0.0,37.62644194989901,38.23058784292424,17.696185628620217,0.0,5.749511833283905,15.787319034968563,5.687386274683562,5.749511833283905,0.0,57.76364763944093,9.837253136417502,0.0,37.04710632100208,17.028217612440994,0.0,0.0,0.0,101.73,9.837253136417502,13.212334168400758,0.0,33.55586641128053,12.586597235060536,25.931156057677168,26.166268877891376,0.0,0.0,17.140435534547432,10.470530430962237,0.0,-3.52197461813646,0.0,0.0,0.0,0.0,0.0,0.0,24.371745024889865,41.733562926579935,0.5882352941176471,25.0,3.0,7.0,0.0,1.0,1.0,1.0,0.0,1.0,6.0,2.0,8.0,7.0,0.0,1.0,1.0,2.0,1.2851000000000006,97.73540000000006,0.0,0.0,0.0,1.0,0.0,0.0,0.0,0.0,0.0,0.0,1.0,1.0,0.0,0.0,0.0,1.0,1.0,1.0,0.0,1.0,1.0,0.0,0.0,0.0,0.0,0.0,0.0,1.0,0.0,1.0,0.0,0.0,0.0,0.0,1.0,0.0,0.0,0.0,0.0,0.0,0.0,1.0,0.0,0.0,0.0,0.0,0.0,0.0,0.0,0.0,0.0,0.0,0.0,0.0,0.0,1.0,0.0,0.0,0.0,0.0,0.0,0.0,0.0,0.0,0.0,0.0,0.0,0.0,0.0,0.0,0.0,0.0,0.0,0.0,0.0,0.0,0.0,1.0,0.0,0.0,0.0,0.0,0.0,0.0,0.0
CID5560,NS(=O)(=O)c1cc2c(cc1Cl)NC(C(Cl)Cl)NS2(=O)=O,1,0.0,0.0,0.0,,0.0,0.0,0.0,1,12.03123078861174,-4.15108806356905,12.03123078861174,0.0809722222222226,0.6564465021990212,380.662,372.598,378.902180776,112.0,0.0,0.2439841587811675,-0.3655785650065822,0.3655785650065822,0.2439841587811675,1.3,1.9,2.4,2.674326651539072,763.4169308306106,15.292528739883949,9.470134507758988,13.370914507669806,9.02069250059882,4.9555435206367875,9.235862280105938,3.901550019460771,8.684778839667723,2.475235858627396,5.835795395779402,1.629964064862239,4.541713689494008,-0.2900000000000001,15328.566725218929,16.086960723854123,5.16408527073321,2.9837968849530996,130.0264217244649,5.316788604006331,20.793012253420137,0.0,20.046582306815168,0.0,0.0,0.0,21.974567706265816,4.722094864452088,23.20187978046503,11.600939890232516,12.13273413692322,0.0,10.710019588424888,16.835593968657875,60.53678825219628,0.0,4.722094864452088,5.138973737607942,20.793012253420137,5.316788604006331,17.155367450664546,0.0,0.0,15.17785720606636,5.687386274683562,0.0,34.802819670697545,27.83763927104246,20.046582306815168,0.0,0.0,21.92370108795877,5.022633313741326,0.0,0.0,118.36,35.94411108471753,16.835593968657875,0.0,15.605503063942663,0.0,12.13273413692322,0.0,0.0,0.0,10.03888346845842,39.94179340830549,0.0,8.881224529163514,0.0,0.0,0.0,0.0,0.0,0.0,46.73958732258335,8.879188148253132,0.25,20.0,4.0,7.0,0.0,1.0,1.0,1.0,0.0,1.0,5.0,3.0,12.0,2.0,0.0,0.0,0.0,2.0,0.8210000000000004,76.05140000000002,0.0,0.0,0.0,0.0,0.0,0.0,0.0,0.0,0.0,0.0,0.0,0.0,0.0,0.0,0.0,0.0,2.0,1.0,0.0,0.0,0.0,0.0,0.0,0.0,0.0,2.0,0.0,0.0,0.0,1.0,0.0,0.0,0.0,0.0,1.0,0.0,1.0,0.0,0.0,0.0,0.0,0.0,0.0,0.0,3.0,0.0,0.0,0.0,0.0,0.0,0.0,0.0,0.0,0.0,0.0,0.0,0.0,0.0,0.0,0.0,0.0,0.0,0.0,0.0,0.0,0.0,0.0,0.0,0.0,0.0,0.0,0.0,0.0,0.0,0.0,0.0,2.0,0.0,0.0,0.0,0.0,0.0,0.0,0.0,0.0
CID4098,CN(C)CCN(Cc1cccs1)c1ccccn1,1,0.0,0.0,1.0,,1.0,0.0,1.0,1,4.449595616024188,0.9330555555555556,4.449595616024188,0.9330555555555556,0.7967911857797698,261.394,242.24199999999996,261.129968608,96.0,0.0,0.1283311092720427,-0.3501949924771408,0.3501949924771408,0.1283311092720427,1.1111111111111112,2.0,2.611111111111111,2.0732034269229183,439.327368091218,12.794682450997078,10.912661304850763,11.72915788577849,8.75402019542349,6.085919706374563,6.965572517629458,4.492131041865323,5.524376224227077,2.7172045254264185,3.578353767694206,1.726776729227541,2.446211289355982,-1.39,19544.866551256076,13.051388775220314,6.517817714017332,3.821877099038388,112.69288648930878,9.799819461700956,5.817862777835028,0.0,0.0,0.0,0.0,0.0,4.9839785209472085,0.0,11.336785877934735,12.13273413692322,37.67450794120513,24.16350357713953,6.544756405912575,0.0,17.154648655769765,0.0,9.883888251797686,0.0,6.544756405912575,32.08476650803001,46.78588887808834,0.0,0.0,4.899909730850478,5.817862777835028,0.0,11.336785877934735,37.06874502897722,6.544756405912575,0.0,4.877147193701299,41.90874168438704,0.0,0.0,0.0,19.37,0.0,0.0,0.0,0.0,0.0,25.452131995572753,4.877147193701299,11.336785877934735,18.3295777085363,52.45830592385329,0.0,0.0,1.7971223072562357,0.0,0.0,0.0,0.0,0.0,0.0,0.0,32.86954435941043,0.3571428571428571,18.0,0.0,3.0,0.0,0.0,0.0,0.0,2.0,2.0,4.0,0.0,4.0,6.0,0.0,0.0,0.0,2.0,2.7113000000000005,78.16000000000005,0.0,0.0,0.0,0.0,0.0,1.0,0.0,0.0,0.0,0.0,0.0,0.0,0.0,0.0,0.0,3.0,0.0,0.0,0.0,1.0,0.0,0.0,0.0,0.0,0.0,0.0,0.0,0.0,0.0,1.0,0.0,0.0,0.0,0.0,0.0,0.0,0.0,0.0,0.0,0.0,0.0,0.0,0.0,0.0,0.0,0.0,0.0,0.0,0.0,0.0,0.0,0.0,0.0,0.0,0.0,0.0,0.0,0.0,0.0,0.0,0.0,0.0,0.0,0.0,0.0,0.0,0.0,0.0,0.0,0.0,0.0,0.0,0.0,1.0,0.0,0.0,0.0,0.0,0.0,0.0,0.0,0.0,1.0,0.0,0.0
CID5360515,O=C1CC[C@@]2(O)[C@H]3Cc4ccc(O)c5c4[C@@]2(CCN3CC2CC2)[C@H]1O5,0,0.0,0.0,1.0,,1.0,1.0,1.0,0,12.711546857940704,-0.939722222222222,12.711546857940704,0.0454100529100527,0.8536215236957835,341.4070000000001,318.22300000000007,341.162708216,132.0,0.0,0.1739630207685234,-0.5042464328896997,0.5042464328896997,0.1739630207685234,1.28,2.12,2.92,1.5787879801585996,803.1310465721618,16.974327015758657,14.201742962868114,14.201742962868114,12.043478875583263,9.55573429867612,9.55573429867612,8.715981650209665,8.715981650209665,7.558379686649189,7.558379686649189,6.263575745735651,6.263575745735651,-1.59,1400624.0642884932,14.56607894211588,4.383338659775405,1.5578790284498223,146.1348054575494,14.94991774348146,0.0,23.386235000681054,0.0,0.0,0.0,9.6944469149223,0.0,0.0,0.0,6.06636706846161,56.19658912686262,24.570870349683545,11.016041280380469,19.744454927553285,5.783244946364939,0.0,4.899909730850478,5.917906046161393,61.686778234832786,13.08951281182515,23.259637120317212,0.0,11.49902366656781,4.736862953800049,0.0,11.49902366656781,0.0,51.732580306601925,16.63034927639461,5.917906046161393,43.23101109802404,12.13273413692322,0.0,0.0,0.0,70.0,17.12000766812877,15.007591973753234,0.0,17.574597608796804,18.591155079135923,42.97596508723255,12.84164324585202,6.06636706846161,6.06636706846161,4.899909730850478,4.736862953800049,0.0,0.0,0.0,0.0,0.0,0.0,0.0,0.0,0.0,55.33333333333334,0.65,25.0,2.0,5.0,3.0,2.0,5.0,1.0,0.0,1.0,5.0,2.0,5.0,2.0,2.0,1.0,3.0,6.0,1.5254,89.79760000000005,0.0,1.0,0.0,0.0,0.0,0.0,0.0,1.0,0.0,0.0,1.0,1.0,0.0,0.0,0.0,1.0,0.0,0.0,0.0,0.0,1.0,0.0,0.0,0.0,0.0,0.0,0.0,0.0,0.0,0.0,0.0,0.0,0.0,0.0,1.0,0.0,0.0,0.0,0.0,0.0,0.0,1.0,0.0,0.0,0.0,0.0,0.0,0.0,0.0,0.0,0.0,1.0,1.0,0.0,0.0,0.0,0.0,0.0,0.0,0.0,0.0,0.0,0.0,0.0,0.0,1.0,1.0,0.0,0.0,1.0,0.0,0.0,0.0,0.0,0.0,0.0,0.0,0.0,0.0,0.0,0.0,0.0,0.0,0.0,0.0
CID2750,CC1(COc2ccc(CC3SC(=O)NC3=O)cc2)CCCCC1,1,0.0,0.0,0.0,,0.0,0.0,1.0,1,11.59148067075806,-0.3097978680937738,11.59148067075806,0.1893057305744272,0.8868585940971975,333.4530000000002,310.26900000000006,333.139864596,124.0,0.0,0.2859456866612067,-0.4930322951283621,0.4930322951283621,0.2859456866612067,1.173913043478261,1.8695652173913044,2.4782608695652173,1.5256256859431288,578.4344237193736,16.286246282559798,13.469491976109415,14.285988557037143,11.0394252385949,8.273378168395745,9.153030979650636,6.891271495216276,8.066800161239238,4.75939924299609,5.740798129268534,3.270708186867356,4.130385862033873,-1.4900000000000002,207617.508093249,16.370670708374817,6.952345452717427,4.28207245487231,140.90860782376555,4.736862953800049,5.749511833283905,0.0,5.907179729351506,5.239211713172287,0.0,14.905862972149976,0.0,0.0,0.0,50.08082115478299,36.958650497398246,5.41499046939678,11.856819994495092,14.325937321943693,22.908276391914907,0.0,5.316788604006331,5.41499046939678,50.69860496722886,6.606881964512918,29.828919765543436,0.0,5.749511833283905,10.05365155780638,4.794537184071822,5.749511833283905,11.761884949391115,23.003211437018884,11.21535880699783,5.41499046939678,44.59129680601767,24.26546827384644,0.0,0.0,0.0,55.4,0.0,9.589074368143644,0.0,16.396329472505965,11.83581209232279,29.68173023888493,32.10410811463005,0.0,24.26546827384644,12.240525803696954,4.736862953800049,0.0,1.070357315985507,0.0,0.0,0.0,0.0,0.0,0.0,0.0,50.512976017347825,0.5555555555555556,23.0,1.0,4.0,1.0,1.0,2.0,1.0,0.0,1.0,4.0,1.0,5.0,5.0,1.0,1.0,2.0,3.0,3.9299000000000026,91.75070000000004,0.0,0.0,0.0,0.0,0.0,0.0,0.0,0.0,0.0,0.0,2.0,2.0,0.0,0.0,0.0,0.0,1.0,0.0,0.0,0.0,0.0,0.0,0.0,0.0,0.0,0.0,0.0,2.0,0.0,0.0,0.0,0.0,0.0,0.0,1.0,0.0,0.0,0.0,0.0,0.0,0.0,1.0,0.0,0.0,0.0,0.0,0.0,0.0,1.0,0.0,0.0,0.0,0.0,0.0,0.0,0.0,0.0,0.0,0.0,0.0,0.0,0.0,0.0,0.0,0.0,0.0,0.0,0.0,0.0,0.0,0.0,0.0,0.0,0.0,0.0,1.0,0.0,0.0,0.0,0.0,0.0,0.0,0.0,0.0,0.0
CID5403,CC(C)(C)NCC(O)c1cc(O)cc(O)c1,1,0.0,0.0,0.0,,0.0,0.0,0.0,1,9.84800925925926,-0.7525694444444448,9.84800925925926,0.0511030801209368,0.6290731330689312,225.288,206.13599999999997,225.136493468,90.0,0.0,0.1191376704562674,-0.5078109740560278,0.5078109740560278,0.1191376704562674,1.125,1.625,2.0625,2.6907793139141805,337.5217724119264,12.344934982691244,9.858148644444928,9.858148644444928,7.276675564742527,5.2379401084679476,5.2379401084679476,4.9294424311890115,4.9294424311890115,2.1353803393486994,2.1353803393486994,1.3311355836319576,1.3311355836319576,-1.2600000000000002,2177.2739289962096,12.807842605156038,4.718527703418083,4.082142092621231,95.5536192460727,20.63637078852845,11.49902366656781,0.0,0.0,0.0,0.0,0.0,0.0,0.0,0.0,0.0,38.46739722769209,18.15004872675753,6.103966387748303,15.319582184522115,0.0,0.0,5.316788604006331,0.0,32.41410323920352,6.544756405912575,23.762552697081823,0.0,11.49902366656781,5.316788604006331,0.0,11.49902366656781,0.0,27.403263842818035,0.0,0.0,32.43862947851717,18.19910120538483,0.0,0.0,0.0,72.72,6.103966387748303,15.319582184522115,0.0,17.037948918951155,12.10820789760957,0.0,18.19910120538483,0.0,20.771211599071872,5.316788604006331,0.0,0.0,0.0,0.0,0.0,0.0,0.0,0.0,0.0,0.0,41.583333333333336,0.5,16.0,4.0,4.0,0.0,0.0,0.0,1.0,0.0,1.0,4.0,4.0,4.0,3.0,0.0,0.0,0.0,1.0,1.5192999999999997,62.48710000000004,0.0,1.0,1.0,0.0,0.0,0.0,0.0,2.0,0.0,0.0,0.0,0.0,0.0,1.0,0.0,0.0,1.0,0.0,0.0,0.0,0.0,0.0,0.0,0.0,0.0,0.0,0.0,0.0,0.0,0.0,0.0,0.0,0.0,0.0,1.0,0.0,0.0,0.0,0.0,0.0,0.0,0.0,0.0,0.0,0.0,0.0,0.0,0.0,0.0,0.0,0.0,0.0,0.0,0.0,0.0,0.0,0.0,0.0,0.0,0.0,0.0,0.0,0.0,0.0,0.0,2.0,2.0,0.0,0.0,0.0,0.0,0.0,0.0,0.0,0.0,0.0,0.0,0.0,0.0,0.0,0.0,0.0,0.0,0.0,0.0
CID31101,CC(C)C[C@H]1C(=O)N2CCC[C@H]2[C@]2(O)O[C@](NC(=O)[C@@H]3C=C4c5cccc6[nH]c(Br)c(c56)C[C@H]4N(C)C3)(C(C)C)C(=O)N12,1,1.0,1.0,1.0,,1.0,1.0,0.0,1,14.433114371922647,-2.0113083455691885,14.433114371922647,0.1039384051320848,0.4563272246110119,654.6059999999999,614.2860000000001,653.2212814800001,230.0,0.0,0.2807848386211556,-0.3490205970285948,0.3490205970285948,0.2807848386211556,1.255813953488372,2.0232558139534884,2.744186046511628,1.2481002604805718,1568.3942370441405,30.58469300083838,25.315955395880056,26.90195193499476,20.36857082315698,15.471892946868902,16.264891216426253,13.684115825159031,14.477114094716384,10.253525721401704,10.93039208311698,8.147243609812522,8.720947495939289,-2.7299999999999995,5183276335.821856,29.00710808132363,9.88713201406148,4.035007458661247,259.4513360996284,20.307204250644723,12.08368165829592,0.0,17.539345052673266,11.81822566490867,0.0,28.920293967716468,0.0,0.0,0.0,45.903703042519595,77.34518300041684,35.952184619215565,10.521102065145271,24.22700190085622,50.12751254815419,0.0,25.00049631750497,17.75371813848418,83.13978930743782,20.13718479450234,40.005220314596585,0.0,0.0,5.316788604006331,0.0,0.0,15.929943897949348,92.41051310786752,25.54129612894152,17.75371813848418,58.08431665093451,28.87831733120259,0.0,16.476029462150326,0.0,118.21,41.462705009497625,19.49013894705617,0.0,23.77410633401237,25.93115605767717,34.09809600421842,15.84958543701227,18.74738413023173,33.037533557353925,43.26335489067658,4.736862953800049,0.0,0.0,0.0,0.0,0.0,0.0,0.0,0.0,0.988441513091204,92.0621978658096,0.59375,43.0,3.0,10.0,1.0,4.0,5.0,1.0,1.0,2.0,6.0,3.0,11.0,5.0,0.0,3.0,3.0,7.0,3.192800000000001,164.15819999999968,0.0,1.0,0.0,0.0,0.0,1.0,1.0,0.0,0.0,0.0,3.0,3.0,0.0,0.0,0.0,3.0,2.0,0.0,0.0,1.0,0.0,1.0,0.0,0.0,0.0,0.0,0.0,3.0,0.0,0.0,0.0,0.0,0.0,0.0,1.0,0.0,5.0,0.0,0.0,0.0,0.0,1.0,0.0,0.0,1.0,0.0,0.0,0.0,0.0,0.0,0.0,0.0,0.0,0.0,0.0,0.0,0.0,0.0,0.0,0.0,0.0,0.0,0.0,0.0,0.0,0.0,0.0,0.0,0.0,0.0,1.0,0.0,0.0,0.0,0.0,0.0,0.0,0.0,0.0,0.0,0.0,0.0,0.0,0.0,0.0
CID172307,COc1cccc2c1[C@@H]1CN(CCCCn3c(=O)[nH]c4c(sc5ncc(-c6ccccc6)nc54)c3=O)C[C@@H]1CO2,1,1.0,1.0,1.0,,0.0,1.0,0.0,1,13.333797348196072,-0.4054100638372617,13.333797348196072,0.2797647501562332,0.2995523790055276,555.6600000000001,526.4280000000003,555.194025408,204.0,0.0,0.3284380142583348,-0.4963212244356486,0.4963212244356486,0.3284380142583348,1.075,1.925,2.775,1.0478475372660925,1815.5672175824195,27.216603223948425,22.130696263710863,22.94719284463859,19.601688085973585,13.602941251308474,14.4194378322362,10.48450032353051,11.483571090293292,8.07999008413428,9.154966387254936,6.112111524454429,7.102521320880029,-4.02,2963100189.5775037,24.9813498113056,10.182659970284991,4.27509326267775,233.58557444210055,19.357614159397784,26.546040720273737,0.0,0.0,5.559266895052007,5.689743398203474,9.361636831863176,14.76249422596624,0.0,11.336785877934735,36.39820241076966,31.519133788687817,42.596984293454504,31.12415178986825,9.473725907600098,31.90050364925693,0.0,24.418944941483456,5.917906046161393,25.304305697925987,33.35094872352818,81.12931627240208,0.0,22.756403153113265,20.72273620085558,0.0,11.49902366656781,11.336785877934735,57.76989366501164,6.544756405912575,5.917906046161393,24.32300078371041,64.3168544874496,0.0,31.82109725786765,0.0,102.34,5.689743398203474,9.589074368143644,0.0,5.559266895052007,44.63821426440601,56.14526958636746,21.467337017423088,13.30664111289061,48.53093654769288,14.867866772744891,14.457704428547306,0.0,1.2760093121924343,0.0,0.0,0.0,0.0,0.0,0.0,1.314014293019524,84.24330972812136,0.3333333333333333,40.0,1.0,9.0,0.0,2.0,2.0,2.0,3.0,5.0,9.0,1.0,10.0,7.0,0.0,1.0,1.0,7.0,4.258300000000003,155.63169999999968,0.0,0.0,0.0,0.0,0.0,4.0,1.0,0.0,0.0,0.0,0.0,0.0,0.0,0.0,0.0,4.0,1.0,0.0,0.0,0.0,1.0,1.0,0.0,0.0,0.0,0.0,0.0,0.0,0.0,0.0,0.0,0.0,0.0,0.0,2.0,0.0,6.0,0.0,0.0,0.0,0.0,2.0,0.0,0.0,0.0,0.0,0.0,0.0,0.0,0.0,0.0,0.0,0.0,0.0,0.0,1.0,0.0,0.0,0.0,0.0,0.0,0.0,0.0,0.0,0.0,0.0,0.0,0.0,0.0,0.0,0.0,0.0,0.0,0.0,0.0,0.0,0.0,0.0,0.0,0.0,0.0,0.0,1.0,1.0,0.0
CID2369,CC(C)NCC(O)COc1ccc(CCOCC2CC2)cc1,0,0.0,0.0,1.0,,1.0,0.0,1.0,0,9.80308324272298,-0.4880550387206579,9.80308324272298,0.3090934598510357,0.6164391834948149,307.434,278.202,307.214743788,124.0,0.0,0.1189562218907653,-0.4908491126928612,0.4908491126928612,0.1189562218907653,1.2272727272727273,1.9545454545454544,2.590909090909091,1.6027670262068192,414.8453745013075,15.7862462825598,13.7549095290609,13.7549095290609,10.631030293135234,8.341439550289378,8.341439550289378,6.440017750036086,6.440017750036086,3.713014270494329,3.713014270494329,2.0999673311112255,2.0999673311112255,-1.1,159417.61022948244,17.256956693980523,9.13204994797086,7.25057051519977,133.37606373354487,19.897041906447136,18.460360185545124,0.0,0.0,0.0,0.0,0.0,0.0,0.0,0.0,25.980208536304467,42.87655654355964,19.193479199573453,6.606881964512918,14.580253302440804,0.0,0.0,5.316788604006331,5.917906046161393,45.25574648505555,26.36540229945133,29.828919765543436,0.0,5.749511833283905,10.05365155780638,0.0,5.749511833283905,0.0,43.617736911188295,11.15768457672606,5.917906046161393,32.25256913693026,24.26546827384644,0.0,0.0,0.0,50.72,6.103966387748303,5.106527394840706,0.0,0.0,19.193479199573453,31.302003431397143,18.405094737549017,0.0,12.13273413692322,31.296997140310797,9.473725907600098,0.0,0.0,0.0,0.0,0.0,0.0,0.0,0.0,0.0,45.33333333333334,0.6666666666666666,22.0,2.0,4.0,1.0,0.0,1.0,1.0,0.0,1.0,4.0,2.0,4.0,11.0,1.0,0.0,1.0,2.0,2.3933999999999997,88.32950000000005,0.0,1.0,1.0,0.0,0.0,0.0,0.0,0.0,0.0,0.0,0.0,0.0,0.0,0.0,0.0,0.0,1.0,0.0,0.0,0.0,0.0,0.0,0.0,0.0,0.0,0.0,0.0,0.0,0.0,0.0,0.0,0.0,0.0,0.0,1.0,0.0,0.0,0.0,0.0,0.0,0.0,2.0,0.0,0.0,0.0,0.0,0.0,0.0,0.0,0.0,0.0,0.0,0.0,0.0,0.0,0.0,0.0,0.0,0.0,0.0,0.0,0.0,0.0,0.0,0.0,0.0,0.0,0.0,0.0,0.0,0.0,0.0,0.0,0.0,0.0,0.0,0.0,0.0,0.0,0.0,0.0,0.0,0.0,1.0,0.0
CID2381,OC(CCN1CCCCC1)(c1ccccc1)C1CC2C=CC1C2,0,1.0,1.0,1.0,,1.0,1.0,1.0,0,11.774541524943311,-0.6638057445200298,11.774541524943311,0.393232001133787,0.8320193452810374,311.46900000000005,282.237,311.224914548,124.0,0.0,0.0942086378346395,-0.3848041582249192,0.3848041582249192,0.0942086378346395,1.0,1.7826086956521738,2.4347826086956523,1.5462663910996903,548.2198140569956,15.700459844932896,14.031890913575106,14.031890913575106,11.254968188218728,9.441528718700322,9.441528718700322,7.829313535098743,7.829313535098743,6.423835948721811,6.423835948721811,5.111974042826674,5.111974042826674,-1.12,465531.0617929604,15.410174419205754,6.410005257211886,2.9914488726431796,139.75250576507355,10.006437125691184,0.0,0.0,0.0,0.0,0.0,0.0,0.0,0.0,0.0,48.90469717890182,68.51079055663637,6.544756405912575,5.601050810983688,5.106527394840706,0.0,0.0,4.899909730850478,17.75371813848418,44.125980548539744,19.634269217737724,48.04732704767281,0.0,0.0,0.0,0.0,0.0,0.0,29.64070634342891,5.601050810983688,17.75371813848418,44.08838122925306,42.483875555975814,0.0,0.0,0.0,23.47,5.601050810983688,5.106527394840706,0.0,0.0,17.75371813848418,24.94985114346159,38.77279930352918,0.0,0.0,47.38378528682629,0.0,0.0,0.0,0.0,0.0,0.0,0.0,0.0,0.0,0.0,42.416666666666664,0.6190476190476191,23.0,1.0,2.0,2.0,1.0,3.0,1.0,0.0,1.0,2.0,1.0,2.0,5.0,1.0,1.0,2.0,4.0,3.9624000000000033,94.09080000000006,0.0,1.0,0.0,0.0,0.0,0.0,0.0,0.0,0.0,0.0,0.0,0.0,0.0,0.0,0.0,1.0,0.0,0.0,0.0,0.0,1.0,0.0,0.0,0.0,0.0,0.0,2.0,0.0,0.0,0.0,0.0,0.0,0.0,0.0,1.0,0.0,2.0,0.0,0.0,0.0,0.0,0.0,0.0,0.0,0.0,0.0,0.0,0.0,0.0,0.0,0.0,0.0,0.0,0.0,0.0,0.0,0.0,0.0,0.0,0.0,0.0,0.0,0.0,0.0,0.0,0.0,0.0,0.0,0.0,1.0,0.0,0.0,0.0,0.0,0.0,0.0,0.0,0.0,0.0,0.0,0.0,0.0,0.0,0.0,0.0
CID65628,Cn1c(CCCC(=O)O)nc2cc(N(CCCl)CCCl)ccc21,0,0.0,0.0,0.0,,0.0,0.0,0.0,0,10.634987381599728,-0.7742210927395183,10.634987381599728,0.1603943058704964,0.6993362755354798,358.26900000000006,337.10100000000006,357.10108227200004,126.0,0.0,0.3028535221112208,-0.4812302404827823,0.4812302404827823,0.3028535221112208,1.3043478260869563,2.0,2.608695652173913,2.231666831886118,666.6342547455638,16.81962647737941,13.134829894356862,14.646687786393771,11.062080607913938,7.605097195989423,8.674142163639118,5.3723700044959255,6.12829895051438,3.822070149824939,4.160131851716345,2.6301544448458736,3.038231017658456,-1.4599999999999995,153722.1354166697,17.8870513624994,8.408363776407977,4.515923422852945,145.35844854556427,14.573536773482536,5.824404497999927,0.0,0.0,0.0,5.969305287951849,4.794537184071822,4.9839785209472085,0.0,23.20187978046503,0.0,24.61992282831084,50.4262212049786,11.033401435232523,9.901064578912528,45.89197277833296,0.0,9.551078168738565,7.04767198267719,19.26246486877803,29.749429432616303,24.023505703384757,0.0,0.0,4.899909730850478,5.687386274683562,0.0,23.20187978046503,45.47643055329695,18.26303078967502,0.0,18.666047743851948,18.19910120538483,0.0,11.033401435232523,0.0,58.36000000000001,5.969305287951849,4.794537184071822,0.0,6.4208216229260096,24.601650135792696,35.63470501974116,0.0,0.0,29.813872835853378,9.883888251797686,28.30840717530574,0.0,11.719566901777004,0.0,0.0,0.0,0.0,0.0,0.0,2.0222242343439434,41.3137644194346,0.5,23.0,1.0,5.0,0.0,0.0,0.0,1.0,1.0,2.0,4.0,1.0,7.0,9.0,0.0,0.0,0.0,2.0,3.2646000000000024,94.94080000000004,1.0,0.0,0.0,0.0,0.0,2.0,0.0,0.0,1.0,1.0,1.0,0.0,0.0,0.0,0.0,3.0,0.0,0.0,0.0,0.0,0.0,0.0,0.0,0.0,0.0,2.0,0.0,0.0,0.0,1.0,2.0,0.0,0.0,0.0,1.0,0.0,1.0,0.0,0.0,0.0,0.0,0.0,0.0,0.0,2.0,0.0,0.0,1.0,0.0,0.0,0.0,0.0,0.0,0.0,0.0,0.0,0.0,0.0,0.0,0.0,0.0,0.0,0.0,0.0,0.0,0.0,0.0,0.0,0.0,0.0,0.0,0.0,0.0,0.0,0.0,0.0,0.0,0.0,0.0,0.0,0.0,0.0,0.0,0.0,0.0
CID5284596,C=CCN1CC[C@]23c4c5ccc(O)c4O[C@H]2C(=O)CC[C@@]3(O)[C@H]1C5,0,1.0,0.0,0.0,,0.0,0.0,0.0,0,12.63331640526581,-1.0011111111111108,12.63331640526581,0.0407830477870165,0.8015195132508509,327.3800000000001,306.21200000000005,327.147058152,126.0,0.0,0.1739630207906241,-0.5042464328896997,0.5042464328896997,0.1739630207906241,1.4166666666666667,2.25,3.0416666666666665,1.7969480102820097,774.8754473625407,16.689869965382485,13.494636181681564,13.494636181681564,11.525840785378222,8.647486008212256,8.647486008212256,7.561281111830413,7.561281111830413,6.7323568167169325,6.7323568167169325,5.797327737535316,5.797327737535316,-1.8500000000000003,500717.3057933928,14.489422876550565,4.40553906749999,1.3809690525325302,140.0860914644978,14.94991774348146,0.0,23.38623500068105,0.0,0.0,0.0,9.6944469149223,0.0,0.0,6.578935683598497,12.142387175295491,30.892283428936633,31.11562675559612,11.016041280380469,19.744454927553285,5.783244946364939,0.0,4.899909730850478,0.0,48.84513498898076,13.08951281182515,35.91459291074959,0.0,11.49902366656781,4.736862953800049,0.0,11.49902366656781,0.0,51.732580306601925,16.63034927639461,0.0,30.38936785217202,24.787689927355597,0.0,0.0,0.0,70.0,17.12000766812877,15.007591973753234,0.0,17.574597608796804,31.432798324987942,24.21641579521914,0.0,6.06636706846161,12.142387175295491,11.478845414448976,4.736862953800049,0.0,0.0,0.0,0.0,0.0,0.0,0.0,0.0,0.0,56.0,0.5263157894736842,24.0,2.0,5.0,2.0,2.0,4.0,1.0,0.0,1.0,5.0,2.0,5.0,2.0,1.0,1.0,2.0,5.0,1.3014,87.27060000000004,0.0,1.0,0.0,0.0,0.0,0.0,0.0,1.0,0.0,0.0,1.0,1.0,0.0,0.0,0.0,1.0,0.0,0.0,0.0,0.0,1.0,0.0,0.0,0.0,0.0,0.0,0.0,0.0,0.0,0.0,0.0,0.0,0.0,0.0,1.0,0.0,0.0,0.0,0.0,0.0,0.0,1.0,0.0,0.0,0.0,0.0,0.0,0.0,0.0,0.0,0.0,1.0,1.0,0.0,0.0,0.0,0.0,0.0,0.0,0.0,0.0,0.0,0.0,0.0,0.0,1.0,1.0,0.0,0.0,1.0,0.0,0.0,0.0,0.0,0.0,0.0,0.0,0.0,0.0,0.0,0.0,0.0,0.0,0.0,0.0
CID8271,CCC1(c2ccccc2)C(=O)NC(=O)N(C)C1=O,1,0.0,0.0,0.0,,0.0,0.0,0.0,1,12.343846371882089,-1.3016666666666667,12.343846371882089,0.304861111111111,0.7928342464339935,246.2659999999999,232.15399999999997,246.100442308,94.0,0.0,0.3300373119284789,-0.2763507181239114,0.3300373119284789,0.2763507181239114,1.1666666666666667,1.7777777777777777,2.3333333333333335,2.582730701021051,512.2274586171205,13.336498814253964,10.265816594026225,10.265816594026225,8.535746480844882,5.728143400998492,5.728143400998492,4.248355148691469,4.248355148691469,3.379364082053162,3.379364082053162,2.256455765792334,2.256455765792334,-2.17,11968.508168079334,12.29121979644052,4.251446310033037,1.5098740178285943,104.77442892068672,0.0,0.0,5.41499046939678,5.907179729351506,5.907179729351506,6.031114512338072,19.805772703000457,4.794537184071822,0.0,0.0,37.255572541998674,11.984273114623004,7.04767198267719,0.0,14.383611552215466,17.845473971041084,0.0,10.216698334856808,0.0,18.759549292013418,7.04767198267719,35.89528683400505,0.0,0.0,5.316788604006331,4.794537184071822,0.0,0.0,29.793055684568753,15.004064837540422,0.0,18.90801031431363,30.33183534230805,0.0,0.0,0.0,66.48,23.26046444043786,14.383611552215466,0.0,0.0,11.984273114623004,4.899909730850478,7.04767198267719,31.18920547353706,6.06636706846161,5.316788604006331,0.0,0.0,0.0,0.0,0.0,0.0,0.0,0.0,0.0,0.0,48.916666666666664,0.3076923076923077,18.0,1.0,5.0,0.0,1.0,1.0,1.0,0.0,1.0,3.0,1.0,5.0,2.0,0.0,1.0,1.0,2.0,1.0426,64.71970000000003,0.0,0.0,0.0,0.0,0.0,0.0,0.0,0.0,0.0,0.0,3.0,3.0,0.0,0.0,0.0,1.0,1.0,0.0,0.0,1.0,0.0,0.0,0.0,0.0,0.0,0.0,0.0,4.0,0.0,0.0,0.0,0.0,0.0,1.0,1.0,0.0,0.0,0.0,0.0,0.0,0.0,0.0,0.0,0.0,0.0,0.0,0.0,0.0,2.0,0.0,0.0,0.0,0.0,0.0,0.0,0.0,0.0,0.0,0.0,0.0,0.0,0.0,0.0,0.0,0.0,0.0,0.0,0.0,0.0,0.0,0.0,0.0,0.0,0.0,0.0,0.0,0.0,0.0,0.0,0.0,0.0,0.0,0.0,0.0,1.0
CID454937,OC[C@H]1OC([S-])[C@H](O)[C@@H](O)[C@@H]1O,1,0.0,0.0,0.0,,0.0,0.0,0.0,1,9.184351851851853,-1.348703703703704,9.184351851851853,0.4324537037037033,0.3412532433808261,195.21600000000004,184.128,195.03326803191,72.0,0.0,0.1106999594114883,-0.7585376133338992,0.7585376133338992,0.1106999594114883,1.0833333333333333,1.6666666666666667,2.1666666666666665,2.6344089870615974,150.11898363023823,9.300964908321223,6.199209090062236,7.015705670989962,5.574586062669973,3.5395128402420655,4.010917361033097,2.6972766719035355,3.161892288609319,1.8484495022156855,2.238411577480511,1.067239891032036,1.3709520202917669,0.1499999999999999,454.5175035427365,10.232304526748973,3.9055185339441914,1.732051373510184,75.00367734797601,37.791761681175856,18.31189916324491,0.0,0.0,0.0,0.0,0.0,0.0,0.0,0.0,0.0,5.435998371569083,0.0,12.71084835226122,25.162972533162872,12.628789148012991,0.0,0.0,0.0,29.851863922562288,6.606881964512918,0.0,0.0,0.0,0.0,0.0,0.0,0.0,56.884855466438026,17.36565210181304,0.0,0.0,0.0,0.0,0.0,0.0,90.15,36.4587458870752,5.106527394840706,0.0,0.0,0.0,0.0,0.0,0.0,0.0,12.628789148012991,20.056445138322168,0.0,4.630648148148148,0.0,0.0,0.0,0.0,0.0,0.0,0.0,34.70268518518518,1.0,12.0,4.0,5.0,0.0,1.0,1.0,0.0,0.0,0.0,6.0,4.0,6.0,1.0,0.0,1.0,1.0,1.0,-2.6668,41.13220000000001,0.0,4.0,4.0,0.0,0.0,0.0,0.0,0.0,0.0,0.0,0.0,0.0,0.0,0.0,0.0,0.0,0.0,0.0,0.0,0.0,0.0,0.0,0.0,0.0,0.0,0.0,0.0,0.0,0.0,0.0,0.0,0.0,0.0,0.0,0.0,0.0,0.0,0.0,0.0,0.0,0.0,1.0,0.0,0.0,0.0,0.0,0.0,0.0,0.0,0.0,0.0,0.0,0.0,0.0,0.0,0.0,0.0,0.0,0.0,0.0,0.0,0.0,0.0,0.0,0.0,0.0,0.0,0.0,0.0,0.0,0.0,0.0,0.0,0.0,0.0,0.0,0.0,0.0,0.0,0.0,0.0,0.0,0.0,0.0,0.0
CID77993,CN1CCC[C@@H]1Cc1c[nH]c2ccc(CCS(=O)(=O)c3ccccc3)cc12,0,1.0,1.0,0.0,,1.0,1.0,1.0,0,12.540577879912297,-3.248905717290232,12.540577879912297,0.1325783415217938,0.7050592233207414,382.5290000000001,356.32100000000014,382.171499072,142.0,0.0,0.1782022549589933,-0.3608887656421033,0.3608887656421033,0.1782022549589933,1.148148148148148,1.962962962962963,2.7037037037037037,1.5187786189274477,1024.9072136275274,18.855160383312143,15.688101845907097,16.50459842683482,13.026806570407937,9.59744396996348,11.249709196283638,7.5565580363263,9.665706599788328,5.720675196557103,7.452655860123295,4.038869623557633,5.350810035847069,-2.109999999999999,2292301.4827534496,18.262497419496587,7.486408380159214,3.9417702345564782,160.67826009194405,9.883888251797686,0.0,9.837253136417502,0.0,0.0,0.0,0.0,8.417796984328938,0.0,0.0,24.26546827384644,74.66808613753423,23.141609332842098,10.648337082264565,8.417796984328938,20.74017806849856,0.0,9.883888251797686,0.0,36.620610796369775,19.345281995336553,65.85468310269995,0.0,0.0,0.0,0.0,0.0,0.0,43.68880806061114,22.67889638226952,0.0,23.96854622924601,59.623263594823726,0.0,10.902924932081056,0.0,53.17,9.837253136417502,8.417796984328938,0.0,5.752853606746789,17.358145927591746,17.500973832239268,30.336075357926383,24.26546827384644,12.13273413692322,35.26113794301117,0.0,0.0,-3.248905717290232,0.0,0.0,0.0,0.0,0.0,0.0,25.081155759824593,36.25108329079897,0.3636363636363636,27.0,1.0,4.0,0.0,1.0,1.0,2.0,1.0,3.0,3.0,1.0,5.0,6.0,0.0,1.0,1.0,4.0,3.8210000000000024,109.85350000000004,0.0,0.0,0.0,0.0,0.0,1.0,1.0,0.0,0.0,0.0,0.0,0.0,0.0,0.0,0.0,1.0,1.0,0.0,0.0,1.0,1.0,1.0,0.0,0.0,0.0,0.0,0.0,0.0,0.0,0.0,1.0,0.0,0.0,0.0,2.0,0.0,1.0,0.0,0.0,0.0,0.0,0.0,0.0,0.0,0.0,0.0,0.0,0.0,0.0,0.0,0.0,0.0,0.0,0.0,0.0,0.0,0.0,0.0,0.0,0.0,0.0,0.0,0.0,0.0,0.0,0.0,0.0,0.0,0.0,0.0,0.0,0.0,0.0,0.0,0.0,0.0,0.0,1.0,0.0,0.0,0.0,0.0,0.0,0.0,0.0
CID5732,Cc1ccc(-c2nc3ccc(C)cn3c2CC(=O)N(C)C)cc1,0,1.0,0.0,0.0,,0.0,0.0,1.0,0,12.261272570756695,0.070988704123625,12.261272570756695,0.070988704123625,0.7446971593088008,307.39700000000005,286.22900000000004,307.168462292,118.0,0.0,0.2275885771295577,-0.3484847598327436,0.3484847598327436,0.2275885771295577,1.0434782608695652,1.6956521739130437,2.347826086956522,2.190011179114441,860.2021521816744,16.560113453385565,13.998447742477667,13.998447742477667,10.952397498181153,7.702616938079144,7.702616938079144,6.172722899541878,6.172722899541878,4.007823471620387,4.007823471620387,2.61242805207846,2.61242805207846,-2.62,190014.9731218675,15.282399930999288,5.875869234240426,2.97220473110977,135.93731415834665,9.300604337112272,5.647177220767728,0.0,5.907179729351506,0.0,0.0,4.794537184071822,4.9839785209472085,0.0,0.0,35.89528683400505,25.477292959539852,25.855639028664452,17.80867761262293,4.794537184071822,11.554356950119232,0.0,14.28458285805948,0.0,20.268296022307258,14.09534396535438,59.41587696062519,0.0,11.257379486545457,0.0,0.0,0.0,0.0,34.287106552765366,11.21535880699783,13.847474399381248,16.82083097824245,42.595045982382736,0.0,16.904556707313183,0.0,37.61000000000001,0.0,4.794537184071822,0.0,5.907179729351506,6.4208216229260096,28.16193619385864,5.563451491696996,18.99525369620486,29.654009514488717,31.18920547353706,4.9839785209472085,0.0,0.0,0.0,0.0,0.0,0.0,0.0,0.0,2.033654572940287,47.13301209372637,0.2631578947368421,23.0,0.0,4.0,0.0,0.0,0.0,1.0,2.0,3.0,3.0,0.0,4.0,3.0,0.0,0.0,0.0,3.0,3.2488400000000013,92.50000000000004,0.0,0.0,0.0,0.0,0.0,2.0,0.0,0.0,0.0,0.0,1.0,1.0,0.0,0.0,0.0,3.0,0.0,0.0,0.0,1.0,0.0,0.0,0.0,0.0,0.0,0.0,0.0,1.0,0.0,0.0,2.0,0.0,0.0,0.0,1.0,0.0,1.0,0.0,0.0,0.0,0.0,0.0,0.0,0.0,0.0,0.0,0.0,1.0,0.0,0.0,0.0,0.0,0.0,0.0,0.0,0.0,0.0,0.0,0.0,0.0,0.0,0.0,0.0,0.0,0.0,0.0,0.0,0.0,0.0,0.0,0.0,0.0,0.0,1.0,0.0,0.0,0.0,0.0,0.0,0.0,0.0,0.0,0.0,0.0,0.0
CID5803,O=C(O)Cc1cc(I)c(Oc2ccc(O)c(I)c2)c(I)c1,1,1.0,1.0,0.0,,0.0,1.0,1.0,1,10.775986052193767,-0.8580030862462318,10.775986052193767,0.0105246736415207,0.4893044482396905,621.9340000000001,612.8620000000001,621.7635027680001,110.0,0.0,0.30731606767834,-0.5068453544546648,0.5068453544546648,0.30731606767834,1.0476190476190477,1.6666666666666667,2.1904761904761907,2.3121998069271603,677.608742370278,15.568549621822845,10.438675318090002,16.911170191618968,9.863081100704113,5.726373931987979,8.962621368752462,4.174384678835257,7.660956725997712,2.552477976472122,5.019097904999225,1.6555285128941544,4.259544998259924,-0.3000000000000001,38422.043744192095,17.06016904160207,7.3092478434784445,4.5822695246085425,161.8674307514278,14.94991774348146,11.49902366656781,5.749511833283905,0.0,0.0,5.969305287951849,4.794537184071822,0.0,0.0,0.0,0.0,103.66789871520922,0.0,17.131368436122198,19.744454927553285,73.74191716915601,0.0,0.0,0.0,6.4208216229260096,0.0,46.60583364720124,0.0,17.248535499851716,4.736862953800049,0.0,17.248535499851716,67.77261188120417,16.182360077633263,11.21535880699783,10.710546813196189,5.563451491696996,30.33183534230805,0.0,0.0,0.0,66.76,5.969305287951849,9.901064578912528,0.0,12.170333456209914,15.069205937633209,12.703816033827788,0.0,30.33183534230805,22.590870627068057,45.181741254136114,9.843390348640757,0.0,0.0,0.0,0.0,0.0,0.0,0.0,0.0,2.3984074129600828,45.01229249483081,0.0714285714285714,21.0,2.0,4.0,0.0,0.0,0.0,2.0,0.0,2.0,3.0,2.0,7.0,4.0,0.0,0.0,0.0,2.0,4.625400000000002,104.1136,1.0,0.0,0.0,0.0,0.0,0.0,0.0,1.0,1.0,1.0,1.0,0.0,0.0,0.0,0.0,0.0,0.0,0.0,0.0,0.0,0.0,0.0,0.0,0.0,0.0,0.0,0.0,0.0,0.0,0.0,0.0,0.0,0.0,0.0,2.0,0.0,0.0,0.0,0.0,0.0,0.0,1.0,0.0,0.0,3.0,0.0,0.0,0.0,0.0,0.0,0.0,0.0,0.0,0.0,0.0,0.0,0.0,0.0,0.0,0.0,0.0,0.0,0.0,0.0,0.0,1.0,1.0,0.0,0.0,0.0,0.0,0.0,0.0,0.0,0.0,0.0,0.0,0.0,0.0,0.0,0.0,0.0,0.0,0.0,0.0
CID6237,CCc1oc2ccccc2c1C(=O)c1cc(I)c(O)c(I)c1,1,1.0,1.0,0.0,,0.0,1.0,1.0,1,12.968560090702946,-0.0716370370370369,12.968560090702946,0.0716370370370369,0.3863572832618631,518.0880000000001,505.992,517.887590244,112.0,0.0,0.1967502140290387,-0.505729310457593,0.505729310457593,0.1967502140290387,1.181818181818182,1.818181818181818,2.4545454545454546,2.207612444438483,857.7365897543922,15.853006672199015,11.69084751877044,16.005844101123085,10.524075805453151,6.7566546858037,8.914152976980022,4.8675743560918985,7.191955720866867,3.495653392528215,5.140275358956687,2.434972469946293,4.2030859137833705,-1.09,129479.00537767608,15.792335962120768,6.191540786446962,2.6425934781440943,154.53874955888992,9.523678331894054,17.09277939380059,5.783244946364939,0.0,0.0,0.0,4.794537184071822,0.0,0.0,0.0,25.122838405075452,63.38084245952094,17.3704973290878,12.703816033827788,14.318215515965877,61.934230556608085,0.0,0.0,0.0,13.344558822616634,0.0,60.425717355168885,0.0,5.749511833283905,0.0,0.0,5.749511833283905,45.181741254136114,10.889772341205646,6.4208216229260096,7.140364542130793,28.605424786030877,40.815353347823006,0.0,10.969244356107035,0.0,50.44,0.0,9.901064578912528,0.0,11.532756779648844,30.44833656732523,10.969244356107035,0.0,12.13273413692322,76.37094672767317,0.0,4.417150937053347,0.0,0.0,0.0,0.0,0.0,0.0,0.0,0.0,7.132123462039136,40.04306603153607,0.1176470588235294,22.0,1.0,3.0,0.0,0.0,0.0,2.0,1.0,3.0,3.0,1.0,5.0,3.0,0.0,0.0,0.0,3.0,5.141000000000003,102.5653,0.0,0.0,0.0,0.0,0.0,0.0,0.0,1.0,0.0,0.0,1.0,1.0,0.0,0.0,0.0,0.0,0.0,0.0,0.0,0.0,0.0,0.0,0.0,0.0,0.0,0.0,0.0,0.0,0.0,0.0,1.0,0.0,0.0,0.0,2.0,0.0,1.0,0.0,0.0,0.0,0.0,0.0,1.0,0.0,2.0,0.0,0.0,0.0,0.0,0.0,0.0,1.0,0.0,0.0,0.0,0.0,0.0,0.0,0.0,0.0,0.0,0.0,0.0,0.0,1.0,1.0,1.0,0.0,0.0,0.0,0.0,0.0,0.0,0.0,0.0,0.0,0.0,0.0,0.0,0.0,0.0,0.0,0.0,0.0,0.0
CID38945,Cc1cccc(C)c1NC(=O)C(C)N,1,0.0,0.0,0.0,,0.0,0.0,0.0,1,11.38055933484505,-0.4777721088435376,11.38055933484505,0.1505555555555553,0.7472361299391438,192.262,176.134,192.126263132,76.0,0.0,0.2405141425868633,-0.3242580063597871,0.3242580063597871,0.2405141425868633,1.3571428571428572,1.8571428571428572,2.2857142857142856,2.9126516466884773,324.8908100054957,10.71517847069432,8.794999636411992,8.794999636411992,6.519744507803581,4.647499818205996,4.647499818205996,3.54473473155359,3.54473473155359,2.1428884568538495,2.1428884568538495,1.2486626115787811,1.2486626115787811,-1.35,1131.5825394932926,10.72905138339921,4.241658708440002,2.325755852470262,84.30738867214451,11.050456081168516,0.0,0.0,5.907179729351506,0.0,0.0,4.794537184071822,0.0,0.0,0.0,18.19910120538483,31.898114582465865,5.687386274683562,6.041840829147961,4.794537184071822,11.594566004035068,0.0,0.0,5.733667477162185,26.813052428219834,5.316788604006331,29.32600418877882,0.0,0.0,11.050456081168516,5.687386274683562,0.0,0.0,11.949020558499466,4.794537184071822,13.847474399381248,18.050640183084617,18.19910120538483,0.0,0.0,0.0,55.120000000000005,6.041840829147961,4.794537184071822,0.0,5.907179729351506,0.0,16.814289258077554,0.0,6.923737199690624,32.046575604766076,5.316788604006331,5.733667477162185,0.0,0.0,0.0,0.0,0.0,0.0,0.0,0.0,0.0,33.5,0.3636363636363636,14.0,3.0,3.0,0.0,0.0,0.0,1.0,0.0,1.0,2.0,2.0,3.0,2.0,0.0,0.0,0.0,1.0,1.58914,58.195100000000025,0.0,0.0,0.0,0.0,0.0,0.0,0.0,0.0,0.0,0.0,1.0,1.0,0.0,0.0,0.0,0.0,1.0,1.0,0.0,0.0,0.0,0.0,0.0,0.0,0.0,0.0,0.0,1.0,0.0,1.0,2.0,0.0,0.0,0.0,1.0,0.0,0.0,0.0,0.0,0.0,0.0,0.0,0.0,0.0,0.0,0.0,0.0,0.0,0.0,0.0,0.0,0.0,0.0,0.0,0.0,0.0,0.0,0.0,0.0,0.0,0.0,0.0,0.0,0.0,1.0,0.0,0.0,0.0,0.0,0.0,0.0,0.0,0.0,0.0,0.0,0.0,0.0,0.0,0.0,0.0,0.0,0.0,0.0,0.0,0.0
CID3965,CC(C(=O)O)c1ccc(CC2CCCC2=O)cc1,1,0.0,0.0,0.0,,1.0,0.0,0.0,1,11.565406795051455,-0.8113697299907614,11.565406795051455,0.1738400205761314,0.8883440640479293,246.30599999999993,228.16199999999995,246.125594436,96.0,0.0,0.3101853515323324,-0.4807885019257389,0.4807885019257389,0.3101853515323324,1.3888888888888888,2.0555555555555554,2.5555555555555554,2.0331905666563372,447.3114477245783,13.12095586463014,10.556238916311631,10.556238916311631,8.575387400469408,6.420201328348099,6.420201328348099,5.061096066478886,5.061096066478886,3.763350953400463,3.763350953400463,2.4731919265169635,2.4731919265169635,-1.64,15088.520034143405,12.807556754231348,5.3375938913020615,2.780762010897773,106.82732894782076,5.106527394840706,5.783244946364939,0.0,0.0,0.0,5.969305287951849,9.589074368143644,0.0,0.0,0.0,24.26546827384644,37.31310505186264,12.338727669087405,5.917906046161393,14.69560176298435,11.75255023431679,0.0,0.0,5.917906046161393,38.52492973755605,0.0,35.392371257240434,0.0,0.0,0.0,0.0,0.0,0.0,16.859077629157493,16.00989599106965,5.917906046161393,43.23101109802404,24.26546827384644,0.0,0.0,0.0,54.37,11.887211334113244,9.589074368143644,0.0,5.917906046161393,5.783244946364939,36.81018947509803,0.0,6.923737199690624,24.26546827384644,0.0,5.106527394840706,0.0,0.0,0.0,0.0,0.0,0.0,0.0,0.0,0.0,45.33333333333333,0.4666666666666667,18.0,1.0,3.0,1.0,0.0,1.0,1.0,0.0,1.0,2.0,1.0,3.0,4.0,1.0,0.0,1.0,2.0,2.7864000000000013,68.54480000000004,1.0,0.0,0.0,0.0,0.0,0.0,0.0,0.0,1.0,1.0,2.0,1.0,0.0,0.0,0.0,0.0,0.0,0.0,0.0,0.0,0.0,0.0,0.0,0.0,0.0,0.0,0.0,0.0,0.0,0.0,0.0,0.0,0.0,0.0,1.0,0.0,0.0,0.0,0.0,0.0,0.0,0.0,0.0,0.0,0.0,0.0,0.0,0.0,0.0,0.0,0.0,1.0,1.0,0.0,0.0,0.0,0.0,0.0,0.0,0.0,0.0,0.0,0.0,0.0,0.0,0.0,0.0,0.0,0.0,0.0,0.0,0.0,0.0,0.0,0.0,0.0,0.0,0.0,0.0,0.0,0.0,0.0,0.0,0.0,0.0
CID5284569,COc1ccc2c3c1O[C@H]1C(=O)CC[C@H]4[C@@H](C2)N(C)CC[C@]314,0,1.0,0.0,1.0,,0.0,0.0,1.0,0,12.621809807256236,-0.2844444444444449,12.621809807256236,0.0932870370370368,0.7941668671387195,299.37000000000006,278.202,299.152143532,116.0,0.0,0.1737554580953811,-0.4928571370121342,0.4928571370121342,0.1737554580953811,1.4090909090909092,2.272727272727273,3.090909090909091,1.8132163706052855,685.154996148535,15.060113453385563,13.094243718772416,13.094243718772416,10.663869018582144,8.26516233016741,8.26516233016741,7.282889025574508,7.282889025574508,6.590480812934821,6.590480812934821,5.670768818835974,5.670768818835974,-1.55,226722.00040724524,12.941207380363917,4.046460401447863,1.2723226615167464,129.93583010740025,14.373635638450576,0.0,23.38623500068105,0.0,0.0,0.0,4.794537184071822,0.0,0.0,0.0,6.06636706846161,50.402617863687794,23.441104413167743,7.109797541277533,14.26826309167192,5.783244946364939,0.0,4.899909730850478,5.917906046161393,43.244084177997074,20.7022259298673,23.259637120317212,0.0,11.49902366656781,9.473725907600098,0.0,11.49902366656781,0.0,43.531187823978975,16.63034927639461,5.917906046161393,30.389367852172025,12.13273413692322,0.0,0.0,0.0,38.77,0.0,4.794537184071822,0.0,17.302201803510023,18.380568498235363,37.30624494125841,11.126902983393991,7.109797541277533,6.06636706846161,18.013948781989278,9.473725907600098,0.0,0.0,0.0,0.0,0.0,0.0,0.0,0.0,0.0,45.083333333333336,0.6111111111111112,22.0,0.0,4.0,2.0,2.0,4.0,1.0,0.0,1.0,4.0,0.0,4.0,1.0,1.0,1.0,2.0,5.0,1.9333,81.55800000000004,0.0,0.0,0.0,0.0,0.0,0.0,0.0,0.0,0.0,0.0,1.0,1.0,0.0,0.0,0.0,1.0,0.0,0.0,0.0,1.0,1.0,0.0,0.0,0.0,0.0,0.0,0.0,0.0,0.0,0.0,0.0,0.0,0.0,0.0,1.0,0.0,0.0,0.0,0.0,0.0,0.0,2.0,0.0,0.0,0.0,0.0,0.0,0.0,0.0,0.0,0.0,1.0,1.0,0.0,0.0,1.0,0.0,0.0,0.0,0.0,0.0,0.0,0.0,0.0,0.0,0.0,0.0,0.0,0.0,1.0,0.0,0.0,0.0,0.0,0.0,0.0,0.0,0.0,0.0,0.0,0.0,0.0,0.0,0.0,0.0
CID115163,CC(C)(C)C(=O)OCOC(=O)[C@@H]1N2C(=O)[C@@H](N=CN3CCCCCC3)[C@H]2SC1(C)C,1,0.0,0.0,0.0,,0.0,0.0,1.0,1,12.787150967302034,-0.7240968023011682,12.787150967302034,0.1548303518938441,0.2136547968679551,439.5780000000003,406.3140000000002,439.214092156,168.0,0.0,0.3327133309175749,-0.4274520611007887,0.4274520611007887,0.3327133309175749,1.1666666666666667,1.8,2.4,1.5833315650567117,709.9206204819967,22.104083527755577,18.550279074347394,19.36677565527512,14.020692500598816,10.634212916613963,11.51386572786886,9.682488477414449,11.453373616787005,5.670987395586183,7.228151350835745,3.9240892604414577,5.539941880163475,-1.77,2602480.888215572,22.904977340445058,8.765898459156787,4.759368439232633,182.2703564659512,19.273545369301058,11.4157136421167,6.041840829147961,6.792942306099827,5.907179729351506,11.9386105759037,14.581479100779312,4.794537184071822,0.0,11.761884949391115,12.84164324585202,47.46032924430513,17.83653526504271,11.753525831918664,23.85733745981556,35.946210617168205,0.0,9.799819461700956,10.407395202032449,82.50654941463938,19.882455117924977,0.0,0.0,0.0,0.0,0.0,0.0,11.761884949391115,76.07117717188522,23.85733745981556,5.41499046939678,60.301972490157155,4.992404732635669,0.0,0.0,0.0,88.50999999999999,40.97724746291379,14.383611552215466,0.0,11.281052542320246,0.0,25.93115605767717,12.84164324585202,37.43300627931347,20.186009761903133,9.892314463486148,9.473725907600098,0.0,1.5648606124548583,0.0,0.0,0.0,0.0,0.0,0.0,0.0,69.26847272087845,0.8095238095238095,30.0,0.0,8.0,0.0,3.0,3.0,0.0,0.0,0.0,7.0,0.0,9.0,5.0,0.0,3.0,3.0,3.0,2.4116,114.91900000000004,0.0,0.0,0.0,0.0,0.0,0.0,0.0,0.0,0.0,0.0,3.0,3.0,0.0,0.0,1.0,3.0,0.0,0.0,0.0,0.0,1.0,0.0,0.0,0.0,0.0,0.0,0.0,1.0,0.0,0.0,0.0,0.0,0.0,0.0,0.0,0.0,1.0,0.0,0.0,0.0,2.0,2.0,0.0,0.0,0.0,0.0,0.0,0.0,0.0,0.0,0.0,0.0,0.0,1.0,0.0,0.0,0.0,0.0,0.0,0.0,0.0,0.0,0.0,0.0,0.0,0.0,0.0,0.0,0.0,0.0,0.0,0.0,0.0,0.0,0.0,1.0,0.0,0.0,0.0,0.0,0.0,0.0,0.0,0.0,0.0
CID656604,CC(C)(S)C(=O)N[C@@H](CS)C(=O)O,1,0.0,0.0,0.0,,0.0,0.0,0.0,1,11.253549382716049,-1.096358024691358,11.253549382716049,0.0604475308641974,0.514564467882502,223.319,210.21499999999995,223.033685276,76.0,0.0,0.3265582138731941,-0.4796946634642968,0.4796946634642968,0.3265582138731941,1.5384615384615383,2.0,2.230769230769231,4.262901151185304,212.27341935356316,10.646264369941974,7.442594417803775,9.231448799803609,5.785910928075161,3.657288211634148,4.736957339167782,3.105876418489477,4.589058778909482,1.3416644957620272,1.909903359224655,0.5203311247622234,0.832353197459307,-0.3600000000000001,387.019071105646,12.64,4.759152181952663,4.422150823189278,87.90617717690424,10.423315998847038,6.041840829147961,0.0,5.907179729351506,0.0,5.969305287951849,4.794537184071822,4.794537184071822,25.257578296025983,0.0,0.0,13.847474399381248,5.752853606746789,4.747022453217559,14.69560176298435,37.134063313329335,0.0,5.316788604006331,0.0,24.63633768174677,5.752853606746789,0.0,0.0,0.0,5.316788604006331,0.0,0.0,25.257578296025983,33.52472930125637,9.589074368143644,0.0,13.847474399381248,0.0,0.0,0.0,0.0,66.4,22.66534829966888,9.589074368143644,0.0,5.752853606746789,0.0,0.0,0.0,13.847474399381248,0.0,30.574366900032313,5.106527394840706,0.0,7.806315822625347,0.0,0.0,0.0,0.0,0.0,0.0,0.0,32.554795288485764,0.7142857142857143,13.0,2.0,4.0,0.0,0.0,0.0,0.0,0.0,0.0,4.0,4.0,6.0,4.0,0.0,0.0,0.0,0.0,0.1939999999999999,56.484500000000025,1.0,0.0,0.0,0.0,0.0,0.0,0.0,0.0,1.0,1.0,2.0,1.0,0.0,0.0,0.0,0.0,1.0,0.0,0.0,0.0,0.0,0.0,2.0,0.0,0.0,0.0,0.0,1.0,0.0,0.0,0.0,0.0,0.0,0.0,0.0,0.0,0.0,0.0,0.0,0.0,0.0,0.0,0.0,0.0,0.0,0.0,0.0,0.0,0.0,0.0,0.0,0.0,0.0,0.0,0.0,0.0,0.0,0.0,0.0,0.0,0.0,0.0,0.0,0.0,0.0,0.0,0.0,0.0,0.0,0.0,0.0,0.0,0.0,0.0,0.0,0.0,0.0,0.0,0.0,0.0,0.0,0.0,0.0,0.0,0.0
CID1978,CCCC(=O)Nc1ccc(OCC(O)CNC(C)C)c(C(C)=O)c1,1,0.0,0.0,1.0,,1.0,0.0,1.0,1,11.822072695622476,-0.6702391882041054,11.822072695622476,0.0848616115025748,0.5710137425129463,336.4320000000001,308.2080000000001,336.204907376,134.0,0.0,0.2238584525129429,-0.4900795740174568,0.4900795740174568,0.2238584525129429,1.2916666666666667,2.0,2.5833333333333335,2.7300914999194297,557.949784082855,18.11251969619286,14.887136937585868,14.887136937585868,11.328606258093464,8.321366148025241,8.321366148025241,6.093077728728182,6.093077728728182,3.3126242824908747,3.3126242824908747,2.0759200164706675,2.0759200164706675,-1.92,131163.9839691785,20.125289855072463,10.050998753143157,7.103162169389493,143.14125604126278,20.476967556653417,18.460360185545127,5.783244946364939,5.907179729351506,0.0,0.0,9.589074368143644,0.0,0.0,0.0,20.771211599071872,31.54366002800146,24.69480513267011,5.563451491696996,19.4324647167844,17.377810950400008,0.0,5.316788604006331,0.0,52.68239926151078,18.468426974431825,23.762552697081823,0.0,5.749511833283905,15.37044016181271,5.687386274683562,5.749511833283905,0.0,42.09439765787891,4.794537184071822,0.0,50.89458072038333,18.19910120538483,0.0,0.0,0.0,87.66,6.103966387748303,14.69560176298435,0.0,24.339147469377323,29.96592762850305,6.4208216229260096,6.923737199690624,18.19910120538483,20.771211599071872,10.633577208012662,4.736862953800049,0.0,0.0,0.0,0.0,0.0,0.0,0.0,0.0,0.0,59.5,0.5555555555555556,24.0,3.0,6.0,0.0,0.0,0.0,1.0,0.0,1.0,5.0,3.0,6.0,10.0,0.0,0.0,0.0,1.0,2.3655,94.62470000000005,0.0,1.0,1.0,0.0,0.0,0.0,0.0,0.0,0.0,0.0,2.0,2.0,0.0,0.0,0.0,0.0,2.0,0.0,0.0,0.0,0.0,0.0,0.0,0.0,0.0,0.0,0.0,1.0,0.0,1.0,0.0,0.0,0.0,0.0,1.0,0.0,0.0,0.0,0.0,0.0,0.0,1.0,0.0,0.0,0.0,0.0,0.0,0.0,0.0,0.0,0.0,1.0,1.0,0.0,0.0,0.0,0.0,0.0,0.0,0.0,0.0,0.0,0.0,0.0,0.0,0.0,0.0,0.0,0.0,0.0,0.0,0.0,0.0,0.0,0.0,0.0,0.0,0.0,0.0,0.0,0.0,0.0,0.0,0.0,0.0
CID5597,COc1cc(C(=O)NC2CCCNC2)cc(OC)c1OC,1,1.0,0.0,0.0,,0.0,0.0,0.0,1,12.358009731670446,-0.1361545729402868,12.358009731670446,0.1361545729402868,0.8536686564243656,294.351,272.175,294.157957184,116.0,0.0,0.2513200144360119,-0.4926888479903061,0.4926888479903061,0.2513200144360119,1.1904761904761905,1.8571428571428572,2.3333333333333335,2.194067207749172,473.4421389924683,15.242276208189782,12.693471094170524,12.693471094170524,10.189401807851764,7.008220487407654,7.008220487407654,4.930752865014312,4.930752865014312,3.5590112328030807,3.5590112328030807,2.4559262660290084,2.4559262660290084,-1.95,63118.889304573335,15.43905230688864,7.1711933811897595,3.577805617486886,124.3119331513177,24.844166069412807,0.0,11.49902366656781,5.749511833283905,5.907179729351506,0.0,4.794537184071822,0.0,0.0,0.0,0.0,31.519133788687817,18.150048726757532,21.3293926238326,19.005126045471968,5.907179729351506,0.0,10.633577208012662,0.0,18.88348407499998,34.41890543565775,17.696185628620217,0.0,17.248535499851716,24.844166069412807,0.0,17.248535499851716,0.0,46.36792599415722,0.0,0.0,23.19963192162084,12.13273413692322,0.0,0.0,0.0,68.82000000000001,0.0,4.794537184071822,0.0,11.949020558499466,22.81198699154871,25.93115605767717,21.3293926238326,12.13273413692322,0.0,10.633577208012662,14.210588861400147,0.0,0.0,0.0,0.0,0.0,0.0,0.0,0.0,0.0,48.16666666666667,0.5333333333333333,21.0,2.0,6.0,0.0,1.0,1.0,1.0,0.0,1.0,5.0,2.0,6.0,5.0,0.0,1.0,1.0,2.0,1.1941999999999997,79.45590000000004,0.0,0.0,0.0,0.0,0.0,0.0,0.0,0.0,0.0,0.0,1.0,1.0,0.0,0.0,0.0,0.0,2.0,0.0,0.0,0.0,0.0,0.0,0.0,0.0,0.0,0.0,0.0,1.0,0.0,0.0,0.0,0.0,0.0,0.0,1.0,0.0,0.0,0.0,0.0,0.0,0.0,3.0,0.0,0.0,0.0,0.0,0.0,0.0,0.0,0.0,0.0,0.0,0.0,0.0,0.0,3.0,0.0,0.0,0.0,0.0,0.0,0.0,0.0,0.0,0.0,0.0,0.0,0.0,0.0,1.0,0.0,0.0,0.0,0.0,0.0,0.0,0.0,0.0,0.0,0.0,0.0,0.0,0.0,0.0,0.0
CID446220,COC(=O)[C@H]1[C@@H](OC(=O)c2ccccc2)C[C@@H]2CC[C@H]1N2C,1,1.0,0.0,1.0,,0.0,0.0,0.0,1,12.29670918367347,-0.4084665532879823,12.29670918367347,0.0970123666750648,0.7979361284429697,303.35800000000006,282.19,303.14705815200006,118.0,0.0,0.3379215884325,-0.4686455560793509,0.4686455560793509,0.3379215884325,1.181818181818182,1.9090909090909092,2.590909090909091,1.7896528798720672,559.037182254803,15.689869965382488,12.897679523621688,12.897679523621688,10.613392202930196,7.673077072421278,7.673077072421278,6.058421523696521,6.058421523696521,4.955460524214745,4.955460524214745,3.766874791097994,3.766874791097994,-1.8799999999999992,134560.52413413787,15.032579420487952,6.084896581778482,2.608720386298476,129.7440724001059,9.473725907600098,12.021872433909696,0.0,0.0,0.0,11.9386105759037,9.6944469149223,4.794537184071822,0.0,0.0,18.19910120538483,32.02204936545243,18.504503281221933,12.673249032974528,19.06280027574374,11.9386105759037,0.0,4.899909730850478,5.917906046161393,37.45011291482225,14.157469523954724,35.89528683400505,0.0,0.0,0.0,0.0,0.0,0.0,49.18363787675312,14.26826309167192,5.917906046161393,29.620453544546848,30.33183534230805,0.0,0.0,0.0,55.84,12.021872433909696,9.589074368143644,0.0,17.98045140505166,18.02611394377097,12.84164324585202,7.109797541277533,24.26546827384644,13.1140390511388,4.899909730850478,9.473725907600098,0.0,0.0,0.0,0.0,0.0,0.0,0.0,0.0,0.0,51.83333333333334,0.5294117647058824,22.0,0.0,5.0,0.0,2.0,2.0,1.0,0.0,1.0,5.0,0.0,5.0,3.0,0.0,2.0,2.0,3.0,1.8677,80.34150000000005,0.0,0.0,0.0,0.0,0.0,0.0,0.0,0.0,0.0,0.0,2.0,2.0,0.0,0.0,0.0,1.0,0.0,0.0,0.0,0.0,0.0,0.0,0.0,0.0,0.0,0.0,0.0,0.0,0.0,0.0,0.0,0.0,0.0,0.0,1.0,0.0,2.0,0.0,0.0,0.0,2.0,2.0,0.0,0.0,0.0,0.0,0.0,0.0,0.0,0.0,0.0,0.0,0.0,0.0,0.0,1.0,0.0,0.0,0.0,0.0,0.0,0.0,0.0,0.0,0.0,0.0,0.0,0.0,0.0,1.0,0.0,0.0,0.0,0.0,0.0,0.0,0.0,0.0,0.0,0.0,0.0,0.0,0.0,0.0,0.0
CID65957,C[C@H]1COc2c(C3(N)CC3)c(F)cc3c(=O)c(C(=O)O)cn1c23,1,0.0,0.0,0.0,,0.0,0.0,0.0,1,14.613218065003778,-1.3306809413580247,14.613218065003778,0.0110648148148151,0.8793011280696906,318.30400000000003,303.184,318.10158518000003,120.0,0.0,0.3407231379801951,-0.4887482026713643,0.4887482026713643,0.3407231379801951,1.5217391304347827,2.217391304347826,2.8260869565217392,2.186211194538723,930.0477597738718,16.516143379015546,12.42785795571888,12.42785795571888,10.832023004512669,7.401047061008791,7.401047061008791,6.35916750126249,6.35916750126249,4.68349676976075,4.68349676976075,3.2265221070068932,3.2265221070068932,-2.4099999999999997,269874.8266633685,14.199378529388138,4.31938794658383,1.8275613205551775,129.8218688942212,20.144157473594294,17.98755429725581,5.749511833283905,5.428790391900541,0.0,5.969305287951849,4.794537184071822,9.184952231746642,0.0,0.0,0.0,25.831747514004253,11.735768823996422,22.508217252926016,19.028342580387395,16.872230220032904,0.0,4.567099647791355,5.733667477162185,31.346146527073948,6.606881964512918,39.430662040486936,0.0,5.749511833283905,15.899320822862776,4.39041504767482,5.749511833283905,0.0,22.24981429509683,5.538925252383345,5.817220841045895,41.728661442156415,17.05774782414651,0.0,10.902924932081056,0.0,94.55,22.754241773281628,19.086016810659167,0.0,34.91136182480357,18.35834396346828,6.06636706846161,6.196843571613076,4.567099647791355,6.923737199690624,0.0,10.470530430962237,0.0,0.0,0.0,0.0,0.0,0.0,0.0,0.0,16.287523620559334,47.62914304610731,0.375,23.0,3.0,6.0,1.0,1.0,2.0,1.0,1.0,2.0,5.0,2.0,7.0,2.0,1.0,0.0,1.0,4.0,1.7400000000000002,80.43070000000003,0.0,0.0,0.0,0.0,1.0,1.0,0.0,0.0,1.0,1.0,1.0,0.0,0.0,0.0,0.0,1.0,0.0,1.0,0.0,0.0,0.0,0.0,0.0,0.0,0.0,0.0,0.0,0.0,0.0,0.0,0.0,0.0,0.0,0.0,1.0,0.0,0.0,0.0,0.0,0.0,0.0,1.0,0.0,0.0,1.0,0.0,0.0,0.0,0.0,0.0,0.0,0.0,0.0,0.0,0.0,0.0,0.0,0.0,0.0,0.0,0.0,0.0,0.0,0.0,0.0,0.0,0.0,0.0,0.0,0.0,0.0,0.0,0.0,1.0,0.0,0.0,0.0,0.0,0.0,0.0,0.0,0.0,0.0,0.0,0.0
CID3038,NS(=O)(=O)c1cc(Cl)c(Cl)c(S(N)(=O)=O)c1,0,0.0,0.0,0.0,,0.0,0.0,0.0,0,11.08415658856135,-4.175162037037037,11.08415658856135,0.2664660493827155,0.8152117113429302,305.16400000000004,299.11600000000004,303.91460403199994,90.0,0.0,0.2391320236543156,-0.2246269965408278,0.2391320236543156,0.2246269965408278,0.9375,1.4375,1.8125,3.7245203625070777,638.7375361244801,12.7236146391316,7.514819765560137,10.659670819452495,7.031710636090996,3.5789844893100407,7.427552391171618,2.807233235617003,6.683665835138425,1.6034068111330129,4.3452775701049315,0.911487085918757,2.973098915311545,-0.3800000000000001,1652.675240808347,13.684020486555696,4.13183848976301,2.843468810446522,102.2392687521159,0.0,4.895483475517775,0.0,20.046582306815168,0.0,0.0,0.0,27.113541443873757,0.0,0.0,23.20187978046503,12.13273413692322,0.0,14.940750103000427,16.835593968657875,43.2484620872802,0.0,0.0,10.277947475215884,9.79096695103555,0.0,22.178000764405873,0.0,0.0,10.277947475215884,0.0,0.0,23.20187978046503,16.835593968657875,20.046582306815168,0.0,0.0,21.92370108795877,10.045266627482652,0.0,0.0,120.32,29.83754925785072,16.835593968657875,0.0,10.045266627482652,0.0,12.13273413692322,0.0,0.0,0.0,0.0,33.47982725568092,0.0,2.8691994205089424,0.0,0.0,0.0,0.0,0.0,0.0,44.20028092718569,9.652741874527589,0.0,16.0,4.0,6.0,0.0,0.0,0.0,1.0,0.0,1.0,4.0,2.0,10.0,2.0,0.0,0.0,0.0,1.0,0.2882000000000006,59.208400000000005,0.0,0.0,0.0,0.0,0.0,0.0,0.0,0.0,0.0,0.0,0.0,0.0,0.0,0.0,0.0,0.0,0.0,2.0,0.0,0.0,0.0,0.0,0.0,0.0,0.0,0.0,0.0,0.0,0.0,0.0,0.0,0.0,0.0,0.0,1.0,0.0,0.0,0.0,0.0,0.0,0.0,0.0,0.0,0.0,2.0,0.0,0.0,0.0,0.0,0.0,0.0,0.0,0.0,0.0,0.0,0.0,0.0,0.0,0.0,0.0,0.0,0.0,0.0,0.0,0.0,0.0,0.0,0.0,0.0,0.0,0.0,0.0,0.0,0.0,0.0,0.0,2.0,0.0,0.0,0.0,0.0,0.0,0.0,0.0,0.0
CID3052,CCN(CC)C(=O)N1CCN(C)CC1,1,0.0,0.0,1.0,,1.0,0.0,0.0,1,11.900374149659864,0.1973148148148151,11.900374149659864,0.1973148148148151,0.6541651065181895,199.29799999999992,178.12999999999997,199.168462292,82.0,0.0,0.3195686133998781,-0.3252113035141319,0.3252113035141319,0.3195686133998781,1.1428571428571428,1.6428571428571428,2.0714285714285716,2.4398181745183853,183.80613221447732,10.55204176387779,9.492529764083024,9.492529764083024,6.685070510202193,5.410131494705971,5.410131494705971,3.745188366185935,3.745188366185935,2.807758889022188,2.807758889022188,1.6918642020029933,1.6918642020029933,-0.77,1444.8236811575116,11.305585789871504,5.195357228632186,2.6075403366533334,86.45892201452368,14.699729192551434,0.0,0.0,0.0,0.0,6.031114512338072,0.0,4.794537184071822,0.0,0.0,0.0,20.89514638205844,39.26853843547545,0.0,4.794537184071822,6.031114512338072,0.0,14.699729192551434,0.0,13.847474399381248,46.31621041815264,0.0,0.0,0.0,0.0,4.794537184071822,0.0,0.0,67.04705412304213,0.0,0.0,13.847474399381248,0.0,0.0,0.0,0.0,26.790000000000006,0.0,4.794537184071822,0.0,6.031114512338072,0.0,39.26853843547545,0.0,0.0,23.647293861082204,11.947581713527669,0.0,0.0,0.0,0.0,0.0,0.0,0.0,0.0,0.0,0.0,29.666666666666664,0.9,14.0,0.0,4.0,0.0,1.0,1.0,0.0,0.0,0.0,2.0,0.0,4.0,2.0,0.0,1.0,1.0,1.0,0.6956,57.38700000000004,0.0,0.0,0.0,0.0,0.0,0.0,0.0,0.0,0.0,0.0,1.0,1.0,0.0,0.0,0.0,3.0,0.0,0.0,0.0,1.0,0.0,0.0,0.0,0.0,0.0,0.0,0.0,2.0,0.0,0.0,0.0,0.0,0.0,0.0,0.0,0.0,0.0,0.0,0.0,0.0,0.0,0.0,0.0,0.0,0.0,0.0,0.0,0.0,0.0,0.0,0.0,0.0,0.0,0.0,0.0,0.0,0.0,0.0,0.0,0.0,0.0,0.0,0.0,0.0,0.0,0.0,0.0,0.0,0.0,0.0,1.0,0.0,0.0,0.0,0.0,0.0,0.0,0.0,0.0,0.0,0.0,0.0,0.0,0.0,1.0
CID2678,O=C(O)COCCN1CCN(C(c2ccccc2)c2ccc(Cl)cc2)CC1,1,1.0,0.0,1.0,,1.0,0.0,0.0,1,10.505302308533556,-0.9226974849586258,10.505302308533556,0.202663953794455,0.7038936958101741,388.8950000000002,363.69500000000016,388.1553703400001,144.0,0.0,0.3291430001021143,-0.4795336744650752,0.4795336744650752,0.3291430001021143,1.0,1.6296296296296295,2.259259259259259,1.6288871781572638,715.9663955992833,19.06226716449869,15.259352000638923,16.015280946657377,13.131030293135234,9.196355635859277,9.574320108868504,6.6887052355413985,7.125141016013384,4.850473661122381,5.102449976461866,3.492763809201432,3.6187519668711743,-1.919999999999999,1515588.7721554623,19.83093437247043,9.853602391335343,5.776793002915453,164.65937985063633,9.843390348640757,6.606881964512918,0.0,0.0,0.0,5.969305287951849,9.799819461700956,4.794537184071822,0.0,0.0,54.06550936946379,23.259637120317212,37.7464153433042,12.64872279366088,14.637927532712578,17.570245178184365,0.0,9.799819461700956,0.0,6.041840829147961,45.93754595858871,70.74683991328982,0.0,0.0,0.0,0.0,0.0,11.600939890232516,66.81319810308221,9.53140013787187,0.0,17.16874381254195,54.59730361615449,5.022633313741326,0.0,0.0,53.010000000000005,5.969305287951849,4.794537184071822,0.0,12.64872279366088,6.606881964512918,37.7464153433042,11.126902983393991,0.0,18.19910120538483,46.19802187247061,21.44433023887327,0.0,6.078396640303419,0.0,0.0,0.0,0.0,0.0,0.0,0.0,55.03271447080768,0.3809523809523809,27.0,1.0,5.0,0.0,1.0,1.0,2.0,0.0,2.0,4.0,1.0,6.0,8.0,0.0,1.0,1.0,3.0,3.148200000000002,106.20480000000003,1.0,0.0,0.0,0.0,0.0,0.0,0.0,0.0,1.0,1.0,1.0,0.0,0.0,0.0,0.0,2.0,0.0,0.0,0.0,0.0,0.0,0.0,0.0,0.0,0.0,0.0,0.0,0.0,0.0,0.0,0.0,0.0,0.0,0.0,2.0,0.0,0.0,0.0,0.0,0.0,0.0,1.0,0.0,0.0,1.0,0.0,0.0,0.0,0.0,0.0,0.0,0.0,0.0,0.0,0.0,0.0,0.0,0.0,0.0,0.0,0.0,0.0,0.0,0.0,0.0,0.0,0.0,0.0,0.0,0.0,1.0,0.0,0.0,0.0,0.0,0.0,0.0,0.0,0.0,0.0,0.0,0.0,0.0,1.0,0.0
CID4409,COc1ccc2cc(CCC(C)=O)ccc2c1,0,0.0,0.0,1.0,,1.0,0.0,1.0,0,10.947641763699664,0.2359517172341849,10.947641763699664,0.2359517172341849,0.8015823313615688,228.29099999999997,212.16299999999995,228.115029752,88.0,0.0,0.1296708262750454,-0.4967451042461657,0.4967451042461657,0.1296708262750454,1.1176470588235294,1.8235294117647056,2.5294117647058822,2.2794935782808614,543.6131589013072,12.25071237662706,10.194811758438576,10.194811758438576,8.185871848001629,5.749671105539444,5.749671105539444,4.249448536331696,4.249448536331696,2.8775573640200314,2.8775573640200314,1.876132645617337,1.876132645617337,-1.8299999999999996,8299.478352136348,11.64944516537148,5.000460648830569,2.842966419126076,101.21284555276588,9.53140013787187,11.532756779648844,0.0,0.0,0.0,0.0,0.0,0.0,0.0,0.0,24.26546827384644,41.81319288016644,6.4208216229260096,7.109797541277533,9.53140013787187,16.55569337529453,0.0,0.0,0.0,19.765380445542643,7.109797541277533,41.96165390246666,0.0,5.749511833283905,4.736862953800049,0.0,5.749511833283905,0.0,12.893042487642472,11.21535880699783,0.0,18.90801031431363,36.39820241076966,0.0,10.772448428929591,0.0,26.3,0.0,4.794537184071822,0.0,5.783244946364939,6.4208216229260096,17.55655767067471,10.949675706161791,14.033534740968156,18.19910120538483,18.19910120538483,4.736862953800049,0.0,0.0,0.0,0.0,0.0,0.0,0.0,0.0,0.0,37.833333333333336,0.2666666666666666,17.0,0.0,2.0,0.0,0.0,0.0,2.0,0.0,2.0,2.0,0.0,2.0,4.0,0.0,0.0,0.0,2.0,3.370000000000002,69.50200000000004,0.0,0.0,0.0,0.0,0.0,0.0,0.0,0.0,0.0,0.0,1.0,1.0,0.0,0.0,0.0,0.0,0.0,0.0,0.0,0.0,0.0,0.0,0.0,0.0,0.0,0.0,0.0,0.0,0.0,0.0,1.0,0.0,0.0,0.0,2.0,0.0,1.0,0.0,0.0,0.0,0.0,1.0,0.0,0.0,0.0,0.0,0.0,0.0,0.0,0.0,0.0,1.0,1.0,0.0,0.0,1.0,0.0,0.0,0.0,0.0,0.0,0.0,0.0,0.0,0.0,0.0,0.0,0.0,0.0,0.0,0.0,0.0,0.0,0.0,0.0,0.0,0.0,0.0,0.0,0.0,0.0,0.0,0.0,0.0,0.0
CID7699,CCCCNc1ccc(C(=O)OCCOCCOCCOCCOCCOCCOCCOCCOCCOC)cc1,1,1.0,0.0,0.0,,0.0,1.0,0.0,1,12.09370758867774,-0.358377126444297,12.09370758867774,0.194230092242658,0.0962858493112641,603.7500000000003,550.3260000000002,603.3618615159999,244.0,0.0,0.3377042796053845,-0.4596418651768778,0.4596418651768778,0.3377042796053845,0.5476190476190477,0.9047619047619048,1.261904761904762,1.7386033479807952,709.000521486721,30.187894930284568,25.64937467677849,25.64937467677849,20.77438690767923,14.8946763804601,14.8946763804601,8.88537831156724,8.88537831156724,5.476738314331093,5.476738314331093,3.194001030253502,3.194001030253502,-1.87,1520329704.793406,38.15491901320708,30.58331389381415,24.703005468245458,251.03685044373628,52.685418142006824,6.606881964512918,0.0,0.0,0.0,5.969305287951849,0.0,4.794537184071822,0.0,0.0,13.344558822616634,30.686289896772447,19.34194022187367,117.88044488841663,52.16316672207231,11.656691562635412,0.0,0.0,0.0,19.765380445542643,137.89521791242902,29.828919765543436,0.0,0.0,5.316788604006331,5.687386274683562,0.0,0.0,138.5477345963745,47.36862953800049,0.0,30.12336912131146,24.26546827384644,0.0,0.0,0.0,121.40000000000003,0.0,4.794537184071822,0.0,12.576187252464766,117.88044488841663,25.073785926448156,0.0,19.242531678200752,12.13273413692322,12.240525803696954,47.36862953800049,0.0,0.0,0.0,0.0,0.0,0.0,0.0,0.0,0.0,93.00000000000004,0.7666666666666667,42.0,1.0,12.0,0.0,0.0,0.0,1.0,0.0,1.0,12.0,1.0,12.0,32.0,0.0,0.0,0.0,1.0,2.8346000000000036,158.55019999999968,0.0,0.0,0.0,0.0,0.0,0.0,0.0,0.0,0.0,0.0,1.0,1.0,0.0,0.0,0.0,0.0,1.0,0.0,0.0,0.0,0.0,0.0,0.0,0.0,0.0,0.0,0.0,0.0,0.0,1.0,0.0,0.0,0.0,0.0,1.0,0.0,0.0,0.0,0.0,0.0,1.0,10.0,0.0,0.0,0.0,0.0,0.0,0.0,0.0,0.0,0.0,0.0,0.0,0.0,0.0,1.0,0.0,0.0,0.0,0.0,0.0,0.0,0.0,0.0,0.0,0.0,0.0,0.0,0.0,0.0,0.0,0.0,0.0,0.0,0.0,0.0,0.0,0.0,0.0,0.0,0.0,0.0,0.0,26.0,0.0
CID2719,CCN(CC)CCCC(C)Nc1ccnc2cc(Cl)ccc12,1,1.0,1.0,1.0,,1.0,1.0,1.0,1,6.037304924321911,0.4415188019652305,6.037304924321911,0.4415188019652305,0.7564117572128701,319.88000000000005,293.672,319.18152551199995,120.0,0.0,0.0737050348968934,-0.3819987587014788,0.3819987587014788,0.0737050348968934,1.2272727272727273,2.0,2.727272727272727,1.9543317629987864,595.902004288487,15.94938298937633,13.772027185079638,14.527956131098094,10.634560252985372,8.168000818314397,8.545965291323624,5.734479833618928,6.170915614090913,4.112580506062865,4.347677608850603,2.7456517126883737,2.91199526772967,-1.3199999999999998,92030.06269054482,17.040493457333096,8.348732456831405,4.586608819803334,138.2301567424412,10.216698334856808,0.0,0.0,0.0,0.0,0.0,4.9839785209472085,0.0,0.0,0.0,25.44841428961377,63.66511793712681,28.334928203650723,5.516700717616262,0.0,28.191251096997135,0.0,9.883888251797686,0.0,39.654695674071846,24.951057821744055,35.48494515920084,0.0,0.0,5.316788604006331,5.687386274683562,0.0,11.600939890232516,35.559998298683375,0.0,0.0,33.61285484492389,30.462311845459514,5.022633313741326,10.902924932081056,0.0,28.16,0.0,0.0,0.0,0.0,6.041840829147961,41.1232789552571,12.965578028838586,0.0,30.462311845459514,35.97188845487589,11.600939890232516,0.0,6.037304924321911,0.0,0.0,0.0,0.0,0.0,0.0,0.0,37.0738061867892,0.5,22.0,1.0,3.0,0.0,0.0,0.0,1.0,1.0,2.0,3.0,1.0,4.0,8.0,0.0,0.0,0.0,2.0,4.810600000000004,96.85970000000006,0.0,0.0,0.0,0.0,0.0,1.0,0.0,0.0,0.0,0.0,0.0,0.0,0.0,0.0,0.0,2.0,1.0,0.0,0.0,0.0,0.0,0.0,0.0,0.0,0.0,0.0,0.0,0.0,0.0,1.0,0.0,0.0,0.0,0.0,1.0,0.0,1.0,0.0,0.0,0.0,0.0,0.0,0.0,0.0,1.0,0.0,0.0,0.0,0.0,0.0,0.0,0.0,0.0,0.0,0.0,0.0,0.0,0.0,0.0,0.0,0.0,0.0,0.0,0.0,0.0,0.0,0.0,0.0,0.0,0.0,0.0,0.0,0.0,1.0,0.0,0.0,0.0,0.0,0.0,0.0,0.0,0.0,0.0,0.0,0.0
CID5095,CCCN(CCC)CCc1cccc2c1CC(=O)N2,1,0.0,0.0,1.0,,0.0,0.0,1.0,1,11.47381699519416,0.1263171348786431,11.47381699519416,0.1263171348786431,0.8173315946878695,260.3809999999999,236.18899999999996,260.188863388,104.0,0.0,0.2283937956861937,-0.3255232947772125,0.3255232947772125,0.2283937956861937,1.1578947368421053,1.894736842105263,2.5789473684210527,1.9977504598943625,436.3751155244273,13.664925939000156,12.037260161838534,12.037260161838534,9.24071340286802,7.371698113291655,7.371698113291655,5.259844173083788,5.259844173083788,3.6614994816751376,3.6614994816751376,2.796126821038808,2.796126821038808,-1.35,26833.668201875495,14.067454304997518,6.711337425786568,3.567319916443925,115.54621106378902,10.216698334856808,0.0,0.0,5.907179729351506,0.0,0.0,4.794537184071822,0.0,0.0,0.0,25.980208536304467,49.54524773245878,12.232142680596136,6.4208216229260096,4.794537184071822,11.594566004035068,0.0,4.899909730850478,0.0,39.53076089108529,24.951057821744055,29.32600418877882,0.0,0.0,5.316788604006331,5.687386274683562,0.0,0.0,30.44135867793971,17.63618042992384,0.0,37.81602062862726,18.19910120538483,0.0,0.0,0.0,32.34,0.0,4.794537184071822,0.0,5.907179729351506,6.4208216229260096,18.652964303522147,37.05805904107116,0.0,12.13273413692322,30.130539802699666,0.0,0.0,0.0,0.0,0.0,0.0,0.0,0.0,0.0,0.0,38.666666666666664,0.5625,19.0,1.0,3.0,0.0,1.0,1.0,1.0,0.0,1.0,2.0,1.0,3.0,7.0,0.0,0.0,0.0,2.0,2.845700000000001,79.50170000000004,0.0,0.0,0.0,0.0,0.0,0.0,0.0,0.0,0.0,0.0,1.0,1.0,0.0,0.0,0.0,1.0,1.0,0.0,0.0,0.0,0.0,0.0,0.0,0.0,0.0,0.0,0.0,1.0,0.0,1.0,0.0,0.0,0.0,0.0,1.0,0.0,1.0,0.0,0.0,0.0,0.0,0.0,0.0,0.0,0.0,0.0,0.0,0.0,0.0,0.0,0.0,0.0,0.0,0.0,0.0,0.0,0.0,0.0,0.0,0.0,0.0,0.0,0.0,0.0,0.0,0.0,0.0,0.0,0.0,0.0,0.0,0.0,0.0,0.0,0.0,0.0,0.0,0.0,0.0,0.0,0.0,0.0,0.0,0.0,0.0
CID6013,C[C@]12CC[C@H]3[C@@H](CCC4=CC(=O)CC[C@@]43C)[C@@H]1CC[C@@H]2O,1,0.0,0.0,0.0,,0.0,0.0,1.0,1,11.787347748902132,-0.0822881760728986,11.787347748902132,0.0822881760728986,0.7342296115534325,288.431,260.20699999999994,288.208930136,116.0,0.0,0.1551972904371741,-0.3925514254046628,0.3925514254046628,0.1551972904371741,1.0476190476190477,1.8571428571428572,2.6666666666666665,1.6883496404253646,507.69574308017087,14.828062645816686,13.399067481404334,13.399067481404334,9.949160848322624,8.869572098848373,8.869572098848373,8.606513437206921,8.606513437206921,7.911977548938119,7.911977548938119,6.531778952076965,6.531778952076965,-0.6300000000000001,85969.52181428958,13.993709230808948,4.439809487732747,1.7756589628303494,127.55103729290713,5.106527394840706,0.0,5.783244946364939,0.0,0.0,0.0,4.794537184071822,0.0,0.0,0.0,19.42057892945051,79.6054705445937,6.4208216229260096,6.103966387748303,9.901064578912528,5.783244946364939,0.0,0.0,28.583699077277743,71.31801377053763,0.0,11.64912463690315,0.0,0.0,0.0,0.0,0.0,0.0,16.99373872895395,4.794537184071822,28.583699077277743,65.21404738278933,11.64912463690315,0.0,0.0,0.0,37.3,0.0,9.901064578912528,0.0,16.933947326541862,11.701150992526332,37.51909858402682,31.256391021773307,0.0,6.076020106833881,13.847474399381248,0.0,0.0,0.0,0.0,0.0,0.0,0.0,0.0,0.0,0.0,42.16666666666666,0.8421052631578947,21.0,1.0,2.0,4.0,0.0,4.0,0.0,0.0,0.0,2.0,1.0,2.0,0.0,3.0,0.0,3.0,4.0,3.879200000000003,82.71680000000005,0.0,1.0,1.0,0.0,0.0,0.0,0.0,0.0,0.0,0.0,1.0,1.0,0.0,0.0,0.0,0.0,0.0,0.0,0.0,0.0,0.0,0.0,0.0,0.0,0.0,0.0,1.0,0.0,0.0,0.0,0.0,0.0,0.0,0.0,0.0,0.0,5.0,0.0,0.0,0.0,0.0,0.0,0.0,0.0,0.0,0.0,0.0,0.0,0.0,0.0,0.0,1.0,0.0,0.0,0.0,0.0,0.0,0.0,0.0,0.0,0.0,0.0,0.0,0.0,0.0,0.0,0.0,0.0,0.0,0.0,0.0,0.0,0.0,0.0,0.0,0.0,0.0,0.0,0.0,0.0,0.0,0.0,0.0,0.0,0.0
CID681,NCCc1ccc(O)c(O)c1,0,0.0,0.0,0.0,,0.0,0.0,0.0,0,9.035908919123203,-0.0918783068783066,9.035908919123203,0.0870833333333331,0.544872838506118,153.18099999999998,142.09299999999996,153.078978592,60.0,0.0,0.1571630174094628,-0.5042598931005379,0.5042598931005379,0.1571630174094628,1.181818181818182,1.9090909090909092,2.4545454545454546,2.864712197425543,247.8474159248874,8.267584713501616,6.118041830131515,6.118041830131515,5.236382105218448,3.4470491482696803,3.4470491482696803,2.361741814448036,2.361741814448036,1.4728378331132814,1.4728378331132814,0.8911847589051202,0.8911847589051202,-1.2200000000000002,310.2236678728679,7.882249488752557,3.253808596667817,1.8475875859012925,65.08964554969491,15.946722266843596,0.0,11.49902366656781,0.0,0.0,0.0,0.0,0.0,0.0,0.0,6.06636706846161,30.6617636574588,0.0,0.0,10.213054789681411,0.0,0.0,0.0,5.733667477162185,6.4208216229260096,6.544756405912575,23.762552697081823,0.0,11.49902366656781,5.733667477162185,0.0,11.49902366656781,0.0,16.757811195593987,6.4208216229260096,0.0,5.563451491696996,18.19910120538483,0.0,0.0,0.0,66.48,0.0,0.0,0.0,11.49902366656781,12.965578028838586,5.563451491696996,12.13273413692322,6.06636706846161,0.0,0.0,15.946722266843596,0.0,0.0,0.0,0.0,0.0,0.0,0.0,0.0,0.0,30.0,0.25,11.0,4.0,3.0,0.0,0.0,0.0,1.0,0.0,1.0,3.0,3.0,3.0,2.0,0.0,0.0,0.0,1.0,0.5989999999999998,42.53000000000002,0.0,0.0,0.0,0.0,0.0,0.0,0.0,2.0,0.0,0.0,0.0,0.0,0.0,0.0,0.0,0.0,0.0,1.0,0.0,0.0,0.0,0.0,0.0,0.0,0.0,0.0,0.0,0.0,0.0,0.0,0.0,0.0,0.0,0.0,1.0,0.0,0.0,0.0,0.0,0.0,0.0,0.0,0.0,0.0,0.0,0.0,0.0,0.0,0.0,0.0,0.0,0.0,0.0,0.0,0.0,0.0,0.0,0.0,0.0,0.0,0.0,0.0,0.0,0.0,0.0,2.0,2.0,0.0,0.0,0.0,0.0,0.0,0.0,0.0,0.0,0.0,0.0,0.0,0.0,0.0,0.0,0.0,0.0,0.0,0.0
CID4746,C1CCC(C(CC2CCCCN2)C2CCCCC2)CC1,1,1.0,1.0,1.0,,0.0,1.0,1.0,1,3.827743764172335,0.8588917233560089,3.827743764172335,0.8588917233560089,0.7354070672581984,277.496,242.21599999999995,277.27695012,116.0,0.0,0.0069863467270996,-0.3139720216563789,0.3139720216563789,0.0069863467270996,0.65,1.2,1.7,1.6083797130755595,238.93981477754497,13.623109575743268,13.41600279455672,13.41600279455672,9.932652990377573,9.666633225101794,9.666633225101794,7.842566549698975,7.842566549698975,6.479716127931061,6.479716127931061,5.348141457952216,5.348141457952216,-0.04,71858.11251239256,14.878958463973246,7.823060042857056,3.9950172791174463,125.84057780998889,5.316788604006331,0.0,0.0,0.0,0.0,0.0,0.0,0.0,0.0,0.0,70.62903785218613,43.56093941317478,6.041840829147961,0.0,0.0,0.0,0.0,5.316788604006331,17.75371813848418,95.93334355011211,6.544756405912575,0.0,0.0,0.0,5.316788604006331,0.0,0.0,0.0,12.586597235060536,0.0,17.75371813848418,89.89150272096417,0.0,0.0,0.0,0.0,12.03,0.0,0.0,0.0,0.0,0.0,23.79555896763214,70.75297263517268,25.68328649170404,0.0,5.316788604006331,0.0,0.0,0.0,0.0,0.0,0.0,0.0,0.0,0.0,0.0,30.333333333333332,1.0,20.0,1.0,1.0,2.0,1.0,3.0,0.0,0.0,0.0,1.0,1.0,1.0,4.0,2.0,1.0,3.0,3.0,5.295400000000005,86.89870000000008,0.0,0.0,0.0,0.0,0.0,0.0,0.0,0.0,0.0,0.0,0.0,0.0,0.0,0.0,0.0,0.0,1.0,0.0,0.0,0.0,0.0,0.0,0.0,0.0,0.0,0.0,0.0,0.0,0.0,0.0,0.0,0.0,0.0,0.0,0.0,0.0,0.0,0.0,0.0,0.0,0.0,0.0,0.0,0.0,0.0,0.0,0.0,0.0,0.0,0.0,0.0,0.0,0.0,0.0,0.0,0.0,0.0,0.0,0.0,0.0,0.0,0.0,0.0,0.0,0.0,0.0,0.0,0.0,0.0,1.0,0.0,0.0,0.0,0.0,0.0,0.0,0.0,0.0,0.0,0.0,0.0,0.0,0.0,0.0,0.0
CID439260,NC[C@H](O)c1ccc(O)c(O)c1,0,0.0,0.0,0.0,,0.0,0.0,0.0,0,9.226851851851851,-0.7949074074074078,9.226851851851851,0.0875151171579744,0.4724272074622585,169.17999999999998,158.09199999999998,169.073893212,66.0,0.0,0.1572614549175658,-0.5042598752600782,0.5042598752600782,0.1572614549175658,1.25,1.9166666666666667,2.4166666666666665,2.962539757428968,275.00552478320776,9.137828201504696,6.435498913634551,6.435498913634551,5.647065707741406,3.548618072482244,3.548618072482244,2.499651759058777,2.499651759058777,1.607504151037815,1.607504151037815,0.8838134743619238,0.8838134743619238,-1.2600000000000002,497.74840902301474,8.833109869646183,3.424418661595194,1.6637425470500236,69.88387930189093,21.0532496616843,0.0,11.49902366656781,0.0,0.0,0.0,0.0,0.0,0.0,0.0,6.06636706846161,17.696185628620217,6.544756405912575,6.103966387748303,15.319582184522115,0.0,0.0,0.0,5.733667477162185,6.103966387748303,6.544756405912575,23.762552697081823,0.0,11.49902366656781,5.733667477162185,0.0,11.49902366656781,0.0,21.86433859043469,0.0,0.0,11.6674178794453,18.19910120538483,0.0,0.0,0.0,86.71000000000001,6.103966387748303,5.106527394840706,0.0,18.043780072480384,5.563451491696996,0.0,18.19910120538483,0.0,0.0,0.0,15.946722266843596,0.0,0.0,0.0,0.0,0.0,0.0,0.0,0.0,0.0,35.833333333333336,0.25,12.0,5.0,4.0,0.0,0.0,0.0,1.0,0.0,1.0,4.0,4.0,4.0,2.0,0.0,0.0,0.0,1.0,0.0898999999999999,43.78580000000002,0.0,1.0,1.0,0.0,0.0,0.0,0.0,2.0,0.0,0.0,0.0,0.0,0.0,0.0,0.0,0.0,0.0,1.0,0.0,0.0,0.0,0.0,0.0,0.0,0.0,0.0,0.0,0.0,0.0,0.0,0.0,0.0,0.0,0.0,1.0,0.0,0.0,0.0,0.0,0.0,0.0,0.0,0.0,0.0,0.0,0.0,0.0,0.0,0.0,0.0,0.0,0.0,0.0,0.0,0.0,0.0,0.0,0.0,0.0,0.0,0.0,0.0,0.0,0.0,0.0,2.0,2.0,0.0,0.0,0.0,0.0,0.0,0.0,0.0,0.0,0.0,0.0,0.0,0.0,0.0,0.0,0.0,0.0,0.0,0.0
CID5816,CNC[C@H](O)c1ccc(O)c(O)c1,0,0.0,0.0,0.0,,0.0,0.0,0.0,0,9.480601851851851,-0.6699074074074078,9.480601851851851,0.1801780990173844,0.5101568892419974,183.207,170.10299999999995,183.089543276,72.0,0.0,0.157261455960404,-0.5042598752600684,0.5042598752600684,0.157261455960404,1.3076923076923077,2.0,2.5384615384615383,2.8351682624881787,288.1883450849283,9.844934982691242,7.358148644444926,7.358148644444926,6.147065707741406,3.993923172611655,3.993923172611655,2.821627034488466,2.821627034488466,1.781717076266536,1.781717076266536,1.0589310066052204,1.0589310066052204,-1.2600000000000002,795.6618714763005,9.82517887563884,4.112564658547651,2.3360814106192827,76.45879290288288,20.63637078852845,0.0,11.49902366656781,0.0,0.0,0.0,0.0,0.0,0.0,0.0,6.06636706846161,24.743857611297404,6.544756405912575,6.103966387748303,15.319582184522115,0.0,0.0,5.316788604006331,0.0,6.103966387748303,13.592428388589765,23.762552697081823,0.0,11.49902366656781,5.316788604006331,0.0,11.49902366656781,0.0,28.91201057311188,0.0,0.0,11.6674178794453,18.19910120538483,0.0,0.0,0.0,72.72,6.103966387748303,5.106527394840706,0.0,11.49902366656781,12.10820789760957,0.0,12.13273413692322,13.1140390511388,0.0,5.316788604006331,10.213054789681411,0.0,0.0,0.0,0.0,0.0,0.0,0.0,0.0,0.0,36.33333333333333,0.3333333333333333,13.0,4.0,4.0,0.0,0.0,0.0,1.0,0.0,1.0,4.0,4.0,4.0,3.0,0.0,0.0,0.0,1.0,0.3506000000000001,48.658100000000026,0.0,1.0,1.0,0.0,0.0,0.0,0.0,2.0,0.0,0.0,0.0,0.0,0.0,0.0,0.0,0.0,1.0,0.0,0.0,1.0,0.0,0.0,0.0,0.0,0.0,0.0,0.0,0.0,0.0,0.0,0.0,0.0,0.0,0.0,1.0,0.0,0.0,0.0,0.0,0.0,0.0,0.0,0.0,0.0,0.0,0.0,0.0,0.0,0.0,0.0,0.0,0.0,0.0,0.0,0.0,0.0,0.0,0.0,0.0,0.0,0.0,0.0,0.0,0.0,0.0,2.0,2.0,0.0,0.0,0.0,0.0,0.0,0.0,0.0,0.0,0.0,0.0,0.0,0.0,0.0,0.0,0.0,0.0,0.0,0.0
CID214356,O=P(O)(O)OC(Cn1cncn1)(Cn1cncn1)c1ccc(F)cc1F,1,0.0,0.0,0.0,,0.0,0.0,0.0,1,14.51436145754598,-5.104458577412445,14.51436145754598,0.2840509259259258,0.572269925574477,386.25500000000005,373.1510000000001,386.070395966,138.0,0.0,0.4700870763225857,-0.3026055533906447,0.4700870763225857,0.3026055533906447,1.0769230769230769,1.6538461538461535,2.076923076923077,2.160274411152948,878.6294108078647,18.7862462825598,13.05301333314628,13.9474405241462,12.273405473319125,7.1404242928213675,8.670721036161588,5.386444542103518,6.550172629380725,3.483623637325737,4.070944535425964,2.5659832307773716,3.2350682794761,-2.5299999999999994,729873.4480077933,18.26675250173071,6.99878719684009,4.166029921171528,144.87687496485606,9.78682320550495,42.54477279213365,0.0,0.0,0.0,7.822697123132171,4.5237471617118175,32.67744129246576,10.197363616602075,0.0,6.06636706846161,6.06636706846161,11.629818560158606,13.08951281182515,27.65644874749774,7.822697123132171,0.0,29.52892652878686,0.0,18.69056362280884,0.0,60.70627467823178,0.0,0.0,0.0,8.78083009534964,0.0,7.822697123132171,39.31574973429181,27.779359069451985,11.63444168209179,5.563451491696996,43.508381504442994,0.0,0.0,0.0,128.18,25.05818961620765,23.132701585785924,0.0,18.652964303522147,6.06636706846161,12.13273413692322,34.67288616934854,0.0,0.0,20.16532065849649,4.5237471617118175,0.0,0.0,0.0,0.0,0.0,0.0,0.0,0.0,46.90694739701435,31.648608158541197,0.2307692307692307,26.0,2.0,10.0,0.0,0.0,0.0,1.0,2.0,3.0,8.0,2.0,13.0,7.0,0.0,0.0,0.0,3.0,0.8527999999999999,81.20910000000002,0.0,0.0,0.0,0.0,0.0,6.0,0.0,0.0,0.0,0.0,0.0,0.0,0.0,0.0,0.0,6.0,0.0,0.0,0.0,0.0,0.0,0.0,0.0,0.0,0.0,0.0,0.0,0.0,0.0,0.0,0.0,0.0,0.0,0.0,1.0,0.0,0.0,0.0,0.0,0.0,0.0,0.0,0.0,0.0,2.0,0.0,0.0,0.0,0.0,0.0,0.0,0.0,0.0,0.0,0.0,0.0,0.0,0.0,0.0,0.0,0.0,0.0,0.0,0.0,0.0,0.0,0.0,1.0,1.0,0.0,0.0,0.0,0.0,0.0,0.0,0.0,0.0,0.0,0.0,0.0,0.0,0.0,0.0,0.0,0.0
CID71900,Cc1nc([N+](=O)[O-])cn1-c1ccc([N+](=O)[O-])cc1,1,0.0,0.0,0.0,,0.0,0.0,0.0,1,10.5816382170152,-0.5884027777777776,10.5816382170152,0.0360943667590489,0.6097401377249373,248.198,240.13399999999996,248.054554736,92.0,0.0,0.3817021657739091,-0.3577566037800778,0.3817021657739091,0.3577566037800778,1.1111111111111112,1.7222222222222223,2.1666666666666665,2.421110898616767,617.3079590823344,13.284092571446669,9.308598889803417,9.308598889803417,8.486071002992368,4.940178759227988,4.940178759227988,3.5469349672822585,3.5469349672822585,2.395317801300385,2.395317801300385,1.541686003555844,1.541686003555844,-2.77,13313.899675642417,11.707729070975642,4.2424600382665165,2.0289380638767316,100.79817077351332,10.114318268765572,6.196843571613076,0.0,5.824404497999927,5.687386274683562,5.817862777835028,14.681417916556928,0.0,0.0,0.0,0.0,22.0400237066881,24.743857611297404,4.923311048817671,9.846622097635342,11.50524905251859,0.0,9.551078168738565,0.0,6.923737199690624,0.0,56.51535288099059,0.0,5.687386274683562,0.0,11.50524905251859,0.0,0.0,19.397700266373903,0.0,27.15237373722177,5.824404497999927,30.462311845459514,0.0,5.687386274683562,0.0,104.1,9.846622097635342,20.228636537531145,0.0,11.50524905251859,11.51179077268349,0.0,35.02941149325087,6.923737199690624,0.0,4.9839785209472085,0.0,0.0,0.0,0.0,0.0,0.0,0.0,0.0,0.0,1.5018442932728646,54.16482237339381,0.1,18.0,0.0,8.0,0.0,0.0,0.0,1.0,1.0,2.0,6.0,0.0,8.0,3.0,0.0,0.0,0.0,2.0,1.99712,61.609800000000014,0.0,0.0,0.0,0.0,0.0,2.0,0.0,0.0,0.0,0.0,0.0,0.0,0.0,0.0,0.0,4.0,0.0,0.0,0.0,0.0,0.0,0.0,0.0,0.0,0.0,0.0,0.0,0.0,0.0,0.0,1.0,0.0,0.0,0.0,1.0,0.0,0.0,0.0,0.0,0.0,0.0,0.0,0.0,0.0,0.0,0.0,0.0,1.0,0.0,0.0,0.0,0.0,0.0,0.0,0.0,0.0,0.0,0.0,2.0,1.0,1.0,0.0,0.0,0.0,0.0,0.0,0.0,0.0,0.0,0.0,0.0,0.0,0.0,0.0,0.0,0.0,0.0,0.0,0.0,0.0,0.0,0.0,0.0,0.0,0.0
CID8593,O=C(O)c1cc(-c2ccccc2)nc2ccccc12,1,0.0,0.0,0.0,,0.0,0.0,0.0,1,11.370674918115396,-0.9344619236583512,11.370674918115396,0.2819009826152685,0.7544966330543794,249.269,238.18099999999995,249.078978592,92.0,0.0,0.3359548128178102,-0.477621656133054,0.477621656133054,0.3359548128178102,0.9473684210526316,1.631578947368421,2.3684210526315788,2.309670859666423,751.0486079861877,13.242276208189782,10.07617817336004,10.07617817336004,9.254020195423491,5.94032867938408,5.94032867938408,4.243383538439982,4.243383538439982,3.0161433598795457,3.0161433598795457,2.109141812367326,2.109141812367326,-2.6799999999999993,33534.67722418907,11.412656509219886,4.534955515932041,2.0605138368685596,109.7105078048791,5.106527394840706,0.0,0.0,0.0,0.0,5.969305287951849,0.0,9.77851570501903,0.0,0.0,48.53093654769288,12.13273413692322,10.949675706161791,16.77408020416172,9.901064578912528,16.872230220032908,0.0,4.9839785209472085,0.0,0.0,0.0,66.2271221763131,0.0,11.257379486545457,0.0,0.0,0.0,0.0,16.059811203739763,0.0,0.0,10.357988675768818,60.6636706846161,0.0,22.160304418626517,0.0,50.19,5.969305287951849,9.901064578912528,0.0,5.563451491696996,16.596852926929518,5.563451491696996,0.0,12.13273413692322,48.53093654769288,4.9839785209472085,0.0,0.0,0.0,0.0,0.0,0.0,0.0,0.0,0.0,0.0,46.00000000000001,0.0,19.0,1.0,3.0,0.0,0.0,0.0,2.0,1.0,3.0,2.0,1.0,3.0,2.0,0.0,0.0,0.0,3.0,3.6000000000000014,74.13830000000003,0.0,0.0,0.0,0.0,1.0,1.0,0.0,0.0,1.0,1.0,1.0,0.0,0.0,0.0,0.0,1.0,0.0,0.0,0.0,0.0,0.0,0.0,0.0,0.0,0.0,0.0,0.0,0.0,0.0,0.0,0.0,0.0,0.0,0.0,2.0,0.0,1.0,0.0,0.0,0.0,0.0,0.0,0.0,0.0,0.0,0.0,0.0,0.0,0.0,0.0,0.0,0.0,0.0,0.0,0.0,0.0,0.0,0.0,0.0,0.0,0.0,0.0,0.0,0.0,1.0,0.0,0.0,0.0,0.0,0.0,0.0,0.0,0.0,1.0,0.0,0.0,0.0,0.0,0.0,0.0,0.0,0.0,0.0,0.0,0.0
CID247,C[N+](C)(C)CC(=O)[O-],0,0.0,0.0,0.0,,0.0,0.0,0.0,0,9.888194444444444,-1.0023148148148142,9.888194444444444,0.0694444444444442,0.4104086183653024,117.14799999999998,106.05999999999996,117.078978592,48.0,0.0,0.1183123004133498,-0.5441156203540279,0.5441156203540279,0.1183123004133498,1.5,1.875,1.875,3.5512529243669313,93.09201719290463,6.784457050376174,5.470816957614232,5.470816957614232,3.416502219436388,2.4196702335738483,2.4196702335738483,2.820446435486953,2.820446435486953,0.6034410938988374,0.6034410938988374,0.3872983346207416,0.3872983346207416,-0.5700000000000001,23.005390496014627,7.43,2.1320002271579725,5.43,49.12458049445445,14.384095436607153,6.544756405912575,0.0,0.0,0.0,0.0,0.0,0.0,0.0,0.0,0.0,0.0,0.0,27.112321235983416,14.384095436607153,5.969305287951849,0.0,0.0,0.0,0.0,27.687772353944144,0.0,0.0,0.0,5.106527394840706,0.0,0.0,0.0,38.14010849959062,4.794537184071822,0.0,0.0,0.0,0.0,0.0,0.0,40.129999999999995,5.969305287951849,9.901064578912528,0.0,6.544756405912575,4.483030857694624,0.0,0.0,21.143015948031568,0.0,0.0,0.0,0.0,0.0,0.0,0.0,0.0,0.0,0.0,0.0,0.4189814814814814,24.247685185185187,0.8,8.0,0.0,3.0,0.0,0.0,0.0,0.0,0.0,0.0,2.0,0.0,3.0,2.0,0.0,0.0,0.0,0.0,-1.5574999999999983,27.906399999999987,1.0,0.0,0.0,0.0,0.0,0.0,0.0,0.0,1.0,1.0,1.0,1.0,0.0,0.0,0.0,1.0,0.0,0.0,0.0,1.0,0.0,0.0,0.0,0.0,0.0,0.0,0.0,0.0,0.0,0.0,0.0,0.0,0.0,0.0,0.0,0.0,0.0,0.0,0.0,0.0,0.0,0.0,0.0,0.0,0.0,0.0,0.0,0.0,0.0,0.0,0.0,0.0,0.0,0.0,0.0,0.0,0.0,0.0,0.0,0.0,0.0,0.0,0.0,0.0,0.0,0.0,0.0,0.0,0.0,0.0,0.0,0.0,0.0,0.0,1.0,0.0,0.0,0.0,0.0,0.0,0.0,0.0,0.0,0.0,0.0
CID33624,CC(C)(C)NC[C@H](O)COc1nsnc1N1CCOCC1,0,0.0,0.0,0.0,,1.0,0.0,0.0,0,9.946664304610731,-0.5801257663559254,9.946664304610731,0.02566675416468,0.790985307512128,316.4270000000002,292.23500000000007,316.156911628,120.0,0.0,0.270459241021681,-0.4715971466666149,0.4715971466666149,0.270459241021681,1.380952380952381,2.0952380952380953,2.761904761904762,1.8158752867915076,429.2960174181891,15.29468245099708,12.833590209700336,13.650086790628064,9.955308359696607,7.166822707238256,7.897119450578478,6.088132381806424,6.616580069662079,3.033390983629014,3.535449742992379,1.89313673304818,2.413376358959236,-0.9600000000000002,59622.467029264175,16.411192297127325,7.347621671258034,5.385438987782126,129.13279449954695,24.796951637297617,12.71084835226122,0.0,5.817862777835028,5.879988336435371,0.0,0.0,0.0,4.3735399814164495,4.3735399814164495,0.0,20.771211599071872,25.17319447012107,24.94195127422445,14.580253302440804,17.54605012303364,0.0,14.06386856683923,0.0,32.41410323920352,44.35482484212695,0.0,0.0,5.879988336435371,14.953561288656855,5.817862777835028,5.879988336435371,11.728187345198611,64.95141410908172,4.736862953800049,0.0,20.771211599071872,0.0,0.0,0.0,0.0,79.74,6.103966387748303,5.106527394840706,0.0,12.145807216896262,25.638508671373785,30.635562934858793,0.0,0.0,0.0,39.734989896761576,9.473725907600098,0.0,1.1244011925757955,0.0,0.0,0.0,0.0,0.0,0.0,8.448278573003275,36.67732023442093,0.8461538461538461,21.0,2.0,7.0,0.0,1.0,1.0,0.0,1.0,1.0,8.0,2.0,8.0,6.0,0.0,1.0,1.0,2.0,0.5024999999999997,82.19850000000004,0.0,1.0,1.0,0.0,0.0,2.0,0.0,0.0,0.0,0.0,0.0,0.0,0.0,1.0,0.0,3.0,1.0,0.0,0.0,0.0,0.0,0.0,0.0,0.0,0.0,0.0,0.0,0.0,0.0,1.0,0.0,0.0,0.0,0.0,0.0,0.0,0.0,0.0,0.0,0.0,0.0,2.0,0.0,0.0,0.0,0.0,0.0,0.0,0.0,0.0,0.0,0.0,0.0,0.0,0.0,0.0,1.0,0.0,0.0,0.0,0.0,0.0,0.0,0.0,0.0,0.0,0.0,0.0,0.0,0.0,0.0,0.0,0.0,0.0,0.0,0.0,0.0,0.0,0.0,0.0,0.0,0.0,0.0,0.0,0.0
CID11693,C[N+]1(C)CCC(OC(=O)C(O)(c2ccccc2)C2CCCC2)C1,0,1.0,0.0,0.0,,0.0,0.0,1.0,0,12.94028911564626,-1.5024872448979587,12.94028911564626,0.0404601284958432,0.6850778093160973,318.43700000000024,290.21299999999997,318.20637017609,126.0,0.0,0.3431272163039476,-0.4537194427083685,0.4537194427083685,0.3431272163039476,1.173913043478261,1.826086956521739,2.391304347826087,1.8197636228721976,550.9929696777579,16.501789232183626,14.20212312456086,14.20212312456086,10.916468777871517,8.726791970616173,8.726791970616173,7.771691908625966,7.771691908625966,5.499077048415931,5.499077048415931,4.1207710134264826,4.1207710134264826,-1.3899999999999997,221909.76483117457,16.46716269299884,6.250132607601729,3.28558367646078,138.2030945381398,14.32642120633538,6.544756405912575,11.70501719873199,0.0,0.0,5.969305287951849,0.0,4.794537184071822,0.0,0.0,43.173478588160066,18.405094737549017,12.338727669087405,20.640100371266954,19.120958390407203,5.969305287951849,0.0,0.0,5.917906046161393,43.809125313362046,27.18485677717953,35.89528683400505,0.0,0.0,0.0,0.0,0.0,0.0,48.84768670541501,15.132450948855558,5.917906046161393,37.667559606327046,30.33183534230805,0.0,0.0,0.0,46.53,11.570356098935536,9.901064578912528,0.0,12.021872433909696,5.563451491696996,49.67665178414982,0.0,0.0,30.33183534230805,14.09534396535438,4.736862953800049,0.0,0.0,0.0,0.0,0.0,0.0,0.0,0.0,0.8662111048122952,48.8837888951877,0.631578947368421,23.0,1.0,4.0,1.0,1.0,2.0,1.0,0.0,1.0,3.0,1.0,4.0,4.0,1.0,1.0,2.0,3.0,2.4562999999999997,88.63620000000006,0.0,1.0,0.0,0.0,0.0,0.0,0.0,0.0,0.0,0.0,1.0,1.0,0.0,0.0,0.0,1.0,0.0,0.0,0.0,1.0,1.0,0.0,0.0,0.0,0.0,0.0,0.0,0.0,0.0,0.0,0.0,0.0,0.0,0.0,1.0,0.0,0.0,0.0,0.0,0.0,1.0,1.0,0.0,0.0,0.0,0.0,0.0,0.0,0.0,0.0,0.0,0.0,0.0,0.0,0.0,0.0,0.0,0.0,0.0,0.0,0.0,0.0,0.0,0.0,0.0,0.0,0.0,0.0,0.0,0.0,0.0,0.0,0.0,0.0,1.0,0.0,0.0,0.0,0.0,0.0,0.0,0.0,0.0,0.0,0.0
CID30951,C=CCOc1ccc(CC(=O)O)cc1Cl,1,0.0,0.0,0.0,,0.0,0.0,0.0,1,10.449372965248235,-0.8834939268917441,10.449372965248235,0.0402199074074074,0.7852220850465939,226.659,215.57099999999997,226.039671892,80.0,0.0,0.3073156945099844,-0.4879885692934529,0.4879885692934529,0.3073156945099844,1.6,2.3333333333333335,2.8666666666666667,2.7767172318985907,374.0958253198427,11.259148545064338,8.072396069755058,8.828325015773514,7.1302289553358,4.3711496931401275,4.749114166149355,2.934968865618986,3.342168992359592,1.7083285450100456,2.003698110227083,1.0946857656854625,1.3523800708952494,-1.48,2014.6277080858144,11.59396449704142,5.413038093450929,3.6364379535071216,92.93907796792408,9.843390348640757,12.356393797796825,0.0,0.0,0.0,5.969305287951849,4.794537184071822,0.0,0.0,0.0,30.3222627491265,17.696185628620217,0.0,11.443454936667337,14.637927532712576,17.570245178184365,0.0,0.0,0.0,6.4208216229260096,6.606881964512918,41.44014180125553,0.0,5.749511833283905,4.736862953800049,0.0,5.749511833283905,11.600939890232516,17.682714647305474,11.21535880699783,0.0,5.563451491696996,30.854056995817206,5.022633313741326,0.0,0.0,46.53,5.969305287951849,4.794537184071822,0.0,6.4208216229260096,22.942478603235145,0.0,0.0,24.27512131221871,0.0,6.578935683598497,21.44433023887327,0.0,5.896358339632148,0.0,0.0,0.0,0.0,0.0,0.0,0.0,35.381419438145635,0.1818181818181818,15.0,1.0,3.0,0.0,0.0,0.0,1.0,0.0,1.0,2.0,1.0,4.0,5.0,0.0,0.0,0.0,1.0,2.5319000000000003,58.48380000000002,1.0,0.0,0.0,0.0,0.0,0.0,0.0,0.0,1.0,1.0,1.0,0.0,0.0,0.0,0.0,0.0,0.0,0.0,0.0,0.0,0.0,0.0,0.0,0.0,0.0,0.0,0.0,0.0,0.0,0.0,0.0,0.0,0.0,0.0,1.0,0.0,0.0,0.0,0.0,0.0,0.0,1.0,0.0,0.0,1.0,0.0,0.0,0.0,0.0,0.0,0.0,0.0,0.0,0.0,0.0,0.0,0.0,0.0,0.0,0.0,0.0,0.0,0.0,0.0,0.0,0.0,0.0,0.0,0.0,0.0,0.0,0.0,0.0,0.0,0.0,0.0,0.0,0.0,0.0,0.0,0.0,0.0,0.0,0.0,0.0
CID5035,O=C(c1ccc(OCCN2CCCCC2)cc1)c1c(-c2ccc(O)cc2)sc2cc(O)ccc12,0,1.0,1.0,1.0,,1.0,1.0,1.0,0,13.646561069128603,-0.0834430301173625,13.646561069128603,0.0834430301173625,0.3186643298109016,473.5940000000001,446.3780000000002,473.166079344,174.0,0.0,0.194627578231176,-0.5079662370651968,0.5079662370651968,0.194627578231176,0.8823529411764706,1.588235294117647,2.323529411764706,1.388562281124227,1288.7427847062916,23.492988584816832,18.866986087283184,19.68348266821091,16.58052003591841,11.631836890877432,12.448333471805158,8.637786814971674,9.689985656294912,6.271602432405646,7.473230519090227,4.449269241922649,5.687564345698693,-3.3499999999999988,88638046.1575618,22.442611749321713,9.872688730478911,4.786072749560392,202.40469359956137,14.94991774348146,23.85541746436463,5.783244946364939,0.0,0.0,0.0,9.6944469149223,0.0,0.0,11.336785877934735,6.4208216229260096,98.2246453024519,32.63495071394176,0.0,19.74445492755328,27.20617495523357,0.0,4.899909730850478,0.0,19.26246486877803,26.241151182250643,77.85694073647171,0.0,27.68913418525001,4.736862953800049,0.0,17.248535499851716,11.336785877934735,47.13736064914747,0.0,0.0,35.18390503624384,66.73003775307771,0.0,20.52674281633219,0.0,70.0,0.0,15.007591973753234,0.0,17.28226861293275,17.73378494790691,45.910523867353824,30.59925074671277,42.46456947923127,24.26546827384644,4.899909730850478,4.736862953800049,0.0,1.455940403090093,0.0,0.0,0.0,0.0,0.0,0.0,0.0,74.04405959690992,0.25,34.0,2.0,5.0,0.0,1.0,1.0,3.0,1.0,4.0,6.0,2.0,6.0,7.0,0.0,1.0,1.0,5.0,6.075200000000007,136.25109999999998,0.0,0.0,0.0,0.0,0.0,0.0,0.0,2.0,0.0,0.0,1.0,1.0,0.0,0.0,0.0,1.0,0.0,0.0,0.0,0.0,1.0,0.0,0.0,0.0,0.0,0.0,0.0,0.0,0.0,0.0,0.0,0.0,0.0,0.0,3.0,0.0,1.0,0.0,0.0,0.0,0.0,1.0,0.0,0.0,0.0,0.0,0.0,0.0,0.0,0.0,0.0,1.0,0.0,0.0,0.0,0.0,0.0,0.0,0.0,0.0,0.0,0.0,0.0,0.0,0.0,2.0,2.0,0.0,0.0,1.0,0.0,0.0,0.0,0.0,0.0,0.0,0.0,0.0,0.0,0.0,0.0,0.0,1.0,0.0,0.0
CID28858,O=C(O)Cc1csc(-c2ccc(Cl)cc2)n1,1,0.0,0.0,0.0,,0.0,0.0,0.0,1,10.506314331211517,-0.8676332199546486,10.506314331211517,0.037609380686431,0.9145379897097852,253.71,245.64599999999996,252.996427176,82.0,0.0,0.3089584793199734,-0.4809437972994763,0.4809437972994763,0.3089584793199734,1.375,2.0625,2.6875,2.241169311999731,506.9580438044785,11.543605595440512,8.182746372071547,9.755171899017729,7.647867045540842,4.570902301441209,5.8285195857053305,3.2214039601437143,4.515942592473718,1.975262613514549,3.167415719907152,1.2681614605845368,2.2199802377798896,-1.39,5823.578449661924,11.106076489676086,4.6342425942537355,2.591554635423583,101.33741488483366,5.106527394840706,5.007623696852765,0.0,0.0,0.0,5.969305287951849,4.794537184071822,4.9839785209472085,0.0,11.336785877934735,23.733674027155736,12.13273413692322,15.966147575904236,12.114749617774471,9.901064578912528,28.907031056119106,0.0,4.9839785209472085,0.0,6.4208216229260096,0.0,40.362092352902145,0.0,10.57107518854976,0.0,0.0,0.0,22.937725768167255,16.059811203739763,11.21535880699783,0.0,5.693927994848461,29.645531044312353,5.022633313741326,10.57107518854976,0.0,50.19,5.969305287951849,4.794537184071822,0.0,6.4208216229260096,10.716561308589789,10.57107518854976,11.336785877934735,17.512796907389134,12.13273413692322,4.9839785209472085,16.70746728507322,0.0,7.211421280216674,0.0,0.0,0.0,0.0,0.0,0.0,0.0,34.5663564975611,0.0909090909090909,16.0,1.0,3.0,0.0,0.0,0.0,1.0,1.0,2.0,3.0,1.0,5.0,3.0,0.0,0.0,0.0,2.0,3.090600000000001,63.89980000000002,1.0,0.0,0.0,0.0,0.0,1.0,0.0,0.0,1.0,1.0,1.0,0.0,0.0,0.0,0.0,1.0,0.0,0.0,0.0,0.0,0.0,0.0,0.0,0.0,0.0,0.0,0.0,0.0,0.0,0.0,0.0,0.0,0.0,0.0,1.0,0.0,0.0,0.0,0.0,0.0,0.0,0.0,0.0,0.0,1.0,0.0,0.0,0.0,0.0,0.0,0.0,0.0,0.0,0.0,0.0,0.0,0.0,0.0,0.0,0.0,0.0,0.0,0.0,0.0,0.0,0.0,0.0,0.0,0.0,0.0,0.0,0.0,0.0,0.0,0.0,0.0,0.0,0.0,0.0,0.0,1.0,0.0,0.0,0.0,0.0
CID40973,C#C[C@]1(O)CC[C@H]2[C@@H]3CCC4=CCCC[C@@H]4[C@H]3C(=C)C[C@@]21CC,1,1.0,1.0,1.0,,0.0,1.0,1.0,1,11.19758023116654,-0.913682602670698,11.19758023116654,0.1151940428949356,0.540960336622813,310.48100000000005,280.241,310.22966558,124.0,0.0,0.1308962363846941,-0.3770102921795535,0.3770102921795535,0.1308962363846941,1.391304347826087,2.217391304347826,2.9565217391304346,1.7448074795351851,593.5842225586628,16.242276208189782,14.482383022503193,14.482383022503193,11.060608937980474,9.628402757325688,9.628402757325688,8.539246472864725,8.539246472864725,8.014165214750907,8.014165214750907,7.025729552989744,7.025729552989744,-1.0,269954.99027150025,15.5232,5.25,1.91005291005291,140.79396389572818,5.106527394840706,5.601050810983688,0.0,0.0,0.0,0.0,0.0,0.0,0.0,6.423349895620259,36.64533636911718,81.45901879097967,5.41499046939678,0.0,5.106527394840706,0.0,0.0,0.0,29.086614654042354,70.3121826170084,0.0,23.801164850570917,0.0,12.343784214475903,0.0,0.0,0.0,0.0,10.707578205824394,0.0,41.430398868518246,64.71113180602472,23.801164850570917,0.0,0.0,0.0,20.23,5.601050810983688,5.106527394840706,0.0,5.41499046939678,17.75371813848418,31.60119253786543,37.67721264469932,5.573104530069267,0.0,25.499127308978647,6.423349895620259,0.0,0.0,0.0,0.0,0.0,0.0,0.0,0.0,0.0,44.16666666666668,0.7272727272727273,23.0,1.0,1.0,4.0,0.0,4.0,0.0,0.0,0.0,1.0,1.0,1.0,1.0,3.0,0.0,3.0,4.0,4.869700000000004,94.62580000000004,0.0,1.0,0.0,0.0,0.0,0.0,0.0,0.0,0.0,0.0,0.0,0.0,0.0,0.0,0.0,0.0,0.0,0.0,0.0,0.0,0.0,0.0,0.0,0.0,0.0,0.0,3.0,0.0,0.0,0.0,0.0,0.0,0.0,0.0,0.0,0.0,5.0,0.0,0.0,0.0,0.0,0.0,0.0,0.0,0.0,0.0,0.0,0.0,0.0,0.0,0.0,0.0,0.0,0.0,0.0,0.0,0.0,0.0,0.0,0.0,0.0,0.0,0.0,0.0,0.0,0.0,0.0,0.0,0.0,0.0,0.0,0.0,0.0,0.0,0.0,0.0,0.0,0.0,1.0,0.0,0.0,0.0,0.0,0.0,0.0
CID3348,CC(C)(C(=O)O)c1ccc(C(O)CCCN2CCC(C(O)(c3ccccc3)c3ccccc3)CC2)cc1,0,0.0,0.0,1.0,,1.0,0.0,1.0,0,12.05582860793869,-1.00776675170213,12.05582860793869,0.132136952230192,0.3413059210334571,501.66700000000014,462.3550000000003,501.287908728,196.0,0.0,0.3130463238901625,-0.4805900937855873,0.4805900937855873,0.3130463238901625,0.8648648648648649,1.3783783783783785,1.864864864864865,1.3110460793887624,1096.9251995589375,26.468044558434492,21.884454447803545,21.884454447803545,17.724235880370358,13.30304947920262,13.30304947920262,10.82453399900071,10.82453399900071,8.109897200572073,8.109897200572073,5.517229509408694,5.517229509408694,-2.989999999999999,195844207.08690724,27.055745831636234,11.59494033125796,5.955035570194022,219.95300700648343,20.219491915372593,5.601050810983688,0.0,0.0,0.0,5.969305287951849,4.794537184071822,0.0,0.0,0.0,84.92913895846256,87.33674212177239,0.0,11.51895685714508,20.11411936859394,5.969305287951849,0.0,4.899909730850478,5.917906046161393,56.65076855921406,19.634269217737724,107.18294492525057,0.0,0.0,0.0,0.0,0.0,0.0,45.823066421062165,15.81057846445229,5.917906046161393,67.88853324562157,84.92913895846256,0.0,0.0,0.0,81.0,23.08931295608062,20.11411936859394,0.0,5.917906046161393,6.4208216229260096,61.150540053303736,0.0,25.980208536304467,72.79640482153933,4.899909730850478,0.0,0.0,0.0,0.0,0.0,0.0,0.0,0.0,0.0,0.0,83.0,0.40625,37.0,3.0,5.0,0.0,1.0,1.0,3.0,0.0,3.0,4.0,3.0,5.0,10.0,0.0,1.0,1.0,4.0,5.510500000000006,146.3443999999998,1.0,2.0,1.0,0.0,0.0,0.0,0.0,0.0,1.0,1.0,1.0,0.0,0.0,0.0,0.0,1.0,0.0,0.0,0.0,0.0,1.0,0.0,0.0,0.0,0.0,0.0,0.0,0.0,0.0,0.0,0.0,0.0,0.0,0.0,3.0,0.0,0.0,0.0,0.0,0.0,0.0,0.0,0.0,0.0,0.0,0.0,0.0,0.0,0.0,0.0,0.0,0.0,0.0,0.0,0.0,0.0,0.0,0.0,0.0,0.0,0.0,0.0,0.0,0.0,0.0,0.0,0.0,0.0,0.0,1.0,0.0,0.0,0.0,0.0,0.0,0.0,0.0,0.0,0.0,0.0,0.0,0.0,0.0,0.0,0.0
CID34040,CO[C@]12C[C@@H](COC(=O)c3cncc(Br)c3)CN(C)[C@@H]1Cc1cn(C)c3cccc2c13,1,1.0,1.0,1.0,,1.0,1.0,1.0,1,12.54269754704504,-0.4213608854035438,12.54269754704504,0.1720189673091456,0.5260919891622707,484.39400000000023,458.1860000000003,483.115753792,162.0,0.0,0.3392494595096409,-0.4617061170136972,0.4617061170136972,0.3392494595096409,1.3225806451612905,2.161290322580645,2.935483870967742,1.4354577178884635,1160.1770757197842,21.75034789769755,17.968929678353515,19.55492621746822,14.924689265279175,10.531503097481636,11.324501367038986,8.77849750080432,9.694173029596008,6.925622745519061,7.359292900488111,5.626529785343723,5.991368807153572,-2.22,15114536.671628846,20.66985232963596,7.72623642736912,3.3016204494939636,189.8276365320588,14.040825555391454,5.601050810983688,0.0,0.0,0.0,5.969305287951849,9.883888251797686,4.794537184071822,0.0,0.0,12.13273413692322,59.07889624679576,66.62814796792934,12.170333456209914,14.26826309167192,32.802174117982254,0.0,14.45098789958904,12.965578028838582,24.484534885983667,27.30910789438022,64.01907297960908,0.0,0.0,0.0,0.0,0.0,15.929943897949348,53.771241911069055,28.543270324186988,5.917906046161393,27.905713282088815,47.32871850451808,0.0,10.902924932081056,0.0,56.59,5.601050810983688,4.794537184071822,0.0,17.929052163261204,12.170333456209914,23.859119167597008,28.22667148708813,12.263210640074686,7.109797541277533,68.87222053989068,9.473725907600098,0.0,0.0,0.0,0.0,0.0,0.0,0.0,0.0,2.967267460918983,59.01167544114916,0.4166666666666667,31.0,0.0,6.0,1.0,1.0,2.0,1.0,2.0,3.0,6.0,0.0,7.0,4.0,0.0,1.0,1.0,5.0,3.9109000000000034,122.05450000000005,0.0,0.0,0.0,0.0,0.0,2.0,0.0,0.0,0.0,0.0,1.0,1.0,0.0,0.0,0.0,3.0,0.0,0.0,0.0,1.0,1.0,0.0,0.0,0.0,0.0,0.0,0.0,0.0,0.0,0.0,1.0,0.0,0.0,0.0,1.0,0.0,2.0,0.0,0.0,0.0,1.0,2.0,0.0,0.0,1.0,0.0,0.0,0.0,0.0,0.0,0.0,0.0,0.0,0.0,0.0,1.0,0.0,0.0,0.0,0.0,0.0,0.0,0.0,0.0,0.0,0.0,0.0,0.0,0.0,1.0,0.0,0.0,0.0,1.0,0.0,0.0,0.0,0.0,0.0,0.0,0.0,0.0,0.0,0.0,0.0
CID3241,NC1=NCC2c3ccccc3Cc3ccccc3N12,1,1.0,1.0,0.0,,0.0,1.0,0.0,1,6.1067082388510965,0.2498611111111111,6.1067082388510965,0.2498611111111111,0.7789519520165338,249.317,234.19699999999995,249.12659748,94.0,0.0,0.1960698490159861,-0.3694936228021621,0.3694936228021621,0.1960698490159861,1.0,1.736842105263158,2.6315789473684212,1.979721827312193,675.1991927860686,12.819626477379408,10.58214344526927,10.58214344526927,9.343336592900531,6.592652928233225,6.592652928233225,5.088989771995565,5.088989771995565,4.030863224183186,4.030863224183186,3.147002626831035,3.147002626831035,-2.2899999999999996,50264.40089649175,10.615869506628458,3.8512013652449393,1.4772083534831515,111.9316503291652,10.633577208012664,0.0,5.959554568743835,0.0,0.0,0.0,4.992404732635669,0.0,0.0,0.0,42.46456947923127,29.177543166478607,5.687386274683562,12.586597235060536,0.0,11.646940843427398,0.0,0.0,10.726072209797854,12.462662452073973,11.444666136763054,65.22129102278387,0.0,0.0,10.633577208012664,5.687386274683562,0.0,0.0,12.50431097465641,6.4208216229260096,0.0,22.732195304238942,53.523341280328545,0.0,0.0,0.0,41.62,0.0,0.0,0.0,6.041840829147961,5.959554568743835,12.965578028838586,22.37774074977455,0.0,0.0,58.42325101117902,5.733667477162185,0.0,0.0,0.0,0.0,0.0,0.0,0.0,0.0,0.0,37.666666666666664,0.1875,19.0,2.0,3.0,0.0,2.0,2.0,2.0,0.0,2.0,3.0,1.0,3.0,0.0,0.0,0.0,0.0,4.0,2.4668,77.39940000000003,0.0,0.0,0.0,0.0,0.0,0.0,0.0,0.0,0.0,0.0,0.0,0.0,0.0,0.0,1.0,2.0,0.0,1.0,0.0,0.0,0.0,0.0,0.0,0.0,0.0,0.0,0.0,0.0,0.0,1.0,0.0,0.0,0.0,0.0,2.0,0.0,5.0,0.0,0.0,0.0,0.0,0.0,0.0,1.0,0.0,0.0,0.0,0.0,0.0,0.0,0.0,0.0,0.0,0.0,0.0,0.0,0.0,0.0,0.0,0.0,0.0,0.0,0.0,0.0,1.0,0.0,0.0,0.0,0.0,0.0,0.0,0.0,0.0,0.0,0.0,0.0,0.0,0.0,0.0,0.0,0.0,0.0,0.0,0.0,0.0
CID4488,O=C(O)c1cccnc1Nc1cccc(C(F)(F)F)c1,1,0.0,0.0,0.0,,0.0,0.0,0.0,1,12.576653964054758,-4.4608785667044595,12.576653964054758,0.0145143613000748,0.9034245288795608,282.221,273.14899999999994,282.061612188,104.0,0.0,0.4159855115665516,-0.4775405370390114,0.4775405370390114,0.4159855115665516,1.2,1.95,2.6,2.337930511639871,641.5085495074974,14.75071237662706,9.978020784818842,9.978020784818842,9.376028663351637,5.50319234630029,5.50319234630029,3.9082855584495926,3.9082855584495926,2.490758463221081,2.490758463221081,1.58748631500515,1.58748631500515,-2.569999999999999,26005.527726485845,13.852298565439051,5.198975853293884,3.0549541102261673,111.44025377992726,10.423315998847038,11.381314269532025,0.0,0.0,0.0,12.145603805395323,0.0,9.77851570501903,13.17124514302446,0.0,6.06636706846161,30.33183534230805,11.884229846296638,5.563451491696996,23.07230972193699,17.47455434047044,0.0,4.9839785209472085,0.0,6.176298517443475,5.316788604006331,53.721948965776726,0.0,0.0,5.316788604006331,24.67649419554305,0.0,0.0,16.059811203739763,6.176298517443475,0.0,15.921440167465814,42.595045982382736,0.0,0.0,0.0,62.22,17.70905529709232,17.96578232709628,0.0,17.068700544215584,0.0,12.13273413692322,30.462311845459517,0.0,0.0,10.30076712495354,5.106527394840706,0.0,0.0,0.0,0.0,0.0,0.0,0.0,0.0,37.72996189216427,28.35337144116906,0.0769230769230769,20.0,2.0,4.0,0.0,0.0,0.0,1.0,1.0,2.0,3.0,2.0,7.0,3.0,0.0,0.0,0.0,2.0,3.542200000000001,65.923,0.0,0.0,0.0,0.0,1.0,1.0,0.0,0.0,1.0,1.0,1.0,0.0,0.0,0.0,0.0,1.0,1.0,0.0,0.0,0.0,0.0,0.0,0.0,0.0,0.0,3.0,0.0,0.0,0.0,2.0,0.0,0.0,0.0,0.0,1.0,0.0,0.0,0.0,0.0,0.0,0.0,0.0,0.0,0.0,3.0,0.0,0.0,0.0,0.0,0.0,0.0,0.0,0.0,0.0,0.0,0.0,0.0,0.0,0.0,0.0,0.0,0.0,0.0,0.0,0.0,0.0,0.0,0.0,0.0,0.0,0.0,0.0,0.0,1.0,0.0,0.0,0.0,0.0,0.0,0.0,0.0,0.0,0.0,0.0,0.0
CID4820,Cc1cccc(C)c1NC(=O)CC12CCCN1CCC2,1,0.0,0.0,0.0,,0.0,0.0,1.0,1,12.472526927437642,0.1673345379818593,12.472526927437642,0.1673345379818593,0.9156896793854016,272.392,248.19999999999996,272.188863388,108.0,0.0,0.2257532718606794,-0.3255415478472263,0.3255415478472263,0.2257532718606794,1.2,1.8,2.4,1.7125760156135517,493.47133102132113,14.164925939000156,12.537260161838534,12.537260161838534,9.60579081385722,7.718416973244975,7.718416973244975,6.410258446832873,6.410258446832873,5.046308373645611,5.046308373645611,4.008007658537595,4.008007658537595,-1.35,52076.82858841177,13.624737496262508,5.208494713507499,2.350784995871097,120.9053220246564,5.316788604006331,0.0,0.0,5.907179729351506,0.0,0.0,9.6944469149223,0.0,0.0,0.0,18.19910120538483,63.74717668630443,17.647133149992918,0.0,4.794537184071822,11.594566004035068,0.0,4.899909730850478,0.0,51.49050776639466,18.40630141583148,29.32600418877882,0.0,0.0,5.316788604006331,5.687386274683562,0.0,0.0,29.43552752441048,4.794537184071822,13.847474399381248,43.23101109802404,18.19910120538483,0.0,0.0,0.0,32.34,0.0,4.794537184071822,0.0,11.446104981734852,6.4208216229260096,16.814289258077554,38.7727993035292,0.0,6.06636706846161,36.196906871161275,0.0,0.0,0.0,0.0,0.0,0.0,0.0,0.0,0.0,0.0,39.91666666666668,0.5882352941176471,20.0,1.0,3.0,0.0,2.0,2.0,1.0,0.0,1.0,2.0,1.0,3.0,3.0,0.0,2.0,2.0,3.0,3.260440000000002,81.93470000000005,0.0,0.0,0.0,0.0,0.0,0.0,0.0,0.0,0.0,0.0,1.0,1.0,0.0,0.0,0.0,1.0,1.0,0.0,0.0,0.0,0.0,0.0,0.0,0.0,0.0,0.0,0.0,1.0,0.0,1.0,2.0,0.0,0.0,0.0,1.0,0.0,1.0,0.0,0.0,0.0,0.0,0.0,0.0,0.0,0.0,0.0,0.0,0.0,0.0,0.0,0.0,0.0,0.0,0.0,0.0,0.0,0.0,0.0,0.0,0.0,0.0,0.0,0.0,0.0,1.0,0.0,0.0,0.0,0.0,0.0,0.0,0.0,0.0,0.0,0.0,0.0,0.0,0.0,0.0,0.0,0.0,0.0,0.0,0.0,0.0
CID6476,CN1C(=O)CC(C)(c2ccccc2)C1=O,0,0.0,0.0,0.0,,0.0,0.0,0.0,0,11.943013038548752,-0.6735185185185186,11.943013038548752,0.1052286470143613,0.6456630004201521,203.241,190.13699999999997,203.094628656,78.0,0.0,0.2392990516824328,-0.2849475673983402,0.2849475673983402,0.2392990516824328,1.2,1.8,2.2666666666666666,2.451466570284267,412.8901128470494,11.05204176387779,8.857568303562363,8.857568303562363,7.054366005410032,4.920465865173287,4.920465865173287,4.132816982274407,4.132816982274407,3.0664661651860183,3.0664661651860183,2.0115931327780836,2.0115931327780836,-1.64,3033.4996818426644,9.897705325067308,3.1903000822450003,1.348919005102041,88.69810252263831,0.0,0.0,0.0,11.814359458703011,0.0,0.0,14.48898409899412,0.0,0.0,0.0,30.33183534230805,12.48718869138762,13.4684936056032,5.41499046939678,9.589074368143644,11.814359458703011,0.0,4.899909730850478,0.0,18.759549292013418,7.04767198267719,35.89528683400505,0.0,0.0,0.0,0.0,0.0,0.0,23.76194117223068,15.004064837540422,0.0,18.90801031431363,30.33183534230805,0.0,0.0,0.0,37.38,5.41499046939678,9.589074368143644,0.0,18.23518108162902,0.0,5.563451491696996,4.899909730850478,7.04767198267719,37.255572541998674,0.0,0.0,0.0,0.0,0.0,0.0,0.0,0.0,0.0,0.0,0.0,37.75,0.3333333333333333,15.0,0.0,3.0,0.0,1.0,1.0,1.0,0.0,1.0,2.0,0.0,3.0,1.0,0.0,1.0,1.0,2.0,1.333,56.18800000000003,0.0,0.0,0.0,0.0,0.0,0.0,0.0,0.0,0.0,0.0,2.0,2.0,0.0,0.0,0.0,1.0,0.0,0.0,0.0,1.0,1.0,0.0,0.0,0.0,0.0,0.0,0.0,2.0,0.0,0.0,0.0,0.0,0.0,0.0,1.0,0.0,0.0,0.0,0.0,0.0,0.0,0.0,0.0,0.0,0.0,0.0,0.0,0.0,1.0,0.0,0.0,0.0,0.0,0.0,0.0,0.0,0.0,0.0,0.0,0.0,0.0,0.0,0.0,0.0,0.0,0.0,0.0,0.0,0.0,0.0,0.0,0.0,0.0,0.0,0.0,0.0,0.0,0.0,0.0,0.0,0.0,0.0,0.0,0.0,0.0
CID2315,NS(=O)(=O)c1cc2c(cc1C(F)(F)F)NC(Cc1ccccc1)NS2(=O)=O,1,0.0,0.0,0.0,,0.0,0.0,0.0,1,13.272465839769232,-5.039635256593456,13.272465839769232,0.1644842450869235,0.6961649733786912,421.4220000000001,407.3100000000002,421.037782588,146.0,0.0,0.4172993876776648,-0.3675292229744847,0.4172993876776648,0.3675292229744847,1.1111111111111112,1.7407407407407407,2.2962962962962963,2.108091332338603,1085.2804921773177,20.035169427003233,13.48664236570404,15.119635527559494,12.376976656146873,7.486224163420792,10.515706888936744,5.895229329222742,9.107476512936262,3.89301521791716,6.355443510024703,2.7636473285512806,4.925702649526278,-2.1499999999999995,566354.0364309468,19.607154895290407,6.476220048912472,4.076629873913515,153.0352655730593,5.316788604006331,4.895483475517775,0.0,20.046582306815168,0.0,6.176298517443475,0.0,21.974567706265816,17.893340007476546,0.0,30.33183534230805,17.696185628620217,6.4208216229260096,22.31209685403286,30.006839111682332,25.73396858149873,0.0,4.722094864452088,5.138973737607942,28.55386270353956,5.316788604006331,53.59147246262526,0.0,0.0,15.17785720606636,18.858631417708025,0.0,0.0,23.001369580792403,32.64370244718465,0.0,11.126902983393991,52.255536430266815,0.0,0.0,0.0,118.36,47.743074879125714,30.006839111682332,0.0,12.10820789760957,12.13273413692322,5.563451491696996,0.0,30.33183534230805,0.0,10.03888346845842,5.138973737607942,0.0,-9.058560153170545,0.0,0.0,0.0,0.0,0.0,0.0,87.79867810103033,10.50988205214021,0.2,27.0,4.0,7.0,0.0,1.0,1.0,2.0,0.0,2.0,5.0,3.0,12.0,3.0,0.0,0.0,0.0,3.0,1.6254000000000004,90.6954,0.0,0.0,0.0,0.0,0.0,0.0,0.0,0.0,0.0,0.0,0.0,0.0,0.0,0.0,0.0,0.0,2.0,1.0,0.0,0.0,0.0,0.0,0.0,0.0,0.0,3.0,0.0,0.0,0.0,1.0,0.0,0.0,0.0,0.0,2.0,0.0,1.0,0.0,0.0,0.0,0.0,0.0,0.0,0.0,3.0,0.0,0.0,0.0,0.0,0.0,0.0,0.0,0.0,0.0,0.0,0.0,0.0,0.0,0.0,0.0,0.0,0.0,0.0,0.0,0.0,0.0,0.0,0.0,0.0,0.0,0.0,0.0,0.0,0.0,0.0,0.0,2.0,0.0,0.0,0.0,0.0,0.0,0.0,0.0,0.0
CID5282367,CC(C)=CCC/C(C)=C/CC/C(C)=C/CC/C(C)=C/CC1=C(C)C(=O)c2ccccc2C1=O,1,1.0,0.0,0.0,,1.0,1.0,1.0,1,12.868472301458894,-0.0221853742843118,12.868472301458894,0.0076951545144634,0.3192157310143459,444.6590000000002,404.3390000000002,444.30283051999993,176.0,0.0,0.1899717824990748,-0.2889517443217303,0.2889517443217303,0.1899717824990748,0.6666666666666666,1.121212121212121,1.6363636363636365,1.8265861374908827,1020.7578874617252,24.38010440969447,21.38504620275057,21.38504620275057,15.701285058155642,12.18750582226129,12.18750582226129,9.56043987343362,9.56043987343362,6.2925202759665275,6.2925202759665275,4.0602865207531735,4.0602865207531735,-2.7399999999999993,12931074.374364965,26.511824726388262,13.08457591870935,8.27501559833819,200.42415386504916,0.0,0.0,11.566489892729878,0.0,0.0,0.0,9.589074368143644,0.0,0.0,0.0,70.86196682145903,86.48817455862581,22.273112043532524,0.0,9.589074368143644,11.566489892729878,0.0,0.0,0.0,86.48817455862581,0.0,93.13507886499156,0.0,0.0,0.0,0.0,0.0,0.0,11.566489892729878,0.0,0.0,107.20415191016346,82.00817588159758,0.0,0.0,0.0,34.14,0.0,9.589074368143644,0.0,11.566489892729878,28.693933666458538,38.524929737556064,22.29241812027707,19.056471336613843,12.13273413692322,58.92276642578864,0.0,0.0,0.0,0.0,0.0,0.0,0.0,0.0,0.0,0.0,69.16666666666666,0.4193548387096774,33.0,0.0,2.0,1.0,0.0,1.0,1.0,0.0,1.0,2.0,0.0,2.0,11.0,0.0,0.0,0.0,2.0,8.917900000000001,140.8239999999999,0.0,0.0,0.0,0.0,0.0,0.0,0.0,0.0,0.0,0.0,2.0,2.0,0.0,0.0,0.0,0.0,0.0,0.0,0.0,0.0,0.0,0.0,0.0,0.0,0.0,0.0,10.0,0.0,0.0,0.0,0.0,0.0,0.0,0.0,1.0,0.0,1.0,0.0,0.0,0.0,0.0,0.0,0.0,0.0,0.0,0.0,0.0,0.0,0.0,0.0,0.0,2.0,2.0,0.0,0.0,0.0,0.0,0.0,0.0,0.0,0.0,0.0,0.0,0.0,0.0,0.0,0.0,0.0,0.0,0.0,0.0,0.0,0.0,0.0,0.0,0.0,0.0,0.0,0.0,0.0,0.0,0.0,0.0,0.0,0.0
CID135400182,Cc1nc2ccc(CN(C)c3ccc(C(=O)N[C@@H](CCC(=O)O)C(=O)O)s3)cc2c(=O)[nH]1,1,0.0,0.0,0.0,,0.0,0.0,0.0,1,12.434748516097375,-1.2875253285491828,12.434748516097375,0.2043470826113445,0.3796834810105909,458.4960000000002,436.32000000000016,458.12600542399986,168.0,0.0,0.3257216137007043,-0.4812292557834552,0.4812292557834552,0.3257216137007043,1.21875,1.96875,2.65625,1.6958501823381804,1234.498076726982,23.41348460451408,17.415517793016548,18.23201437394427,15.133938048533212,9.697643036733862,10.514139617661588,7.29348423406454,8.355711231154487,4.750049843836612,5.9483358333994625,3.1623941058530427,4.031884559664681,-3.73,11623678.36441575,22.944111391922647,9.60254253462119,5.491508086574946,186.0785518775487,25.413731645485427,11.866245327147888,0.0,0.0,11.466446624403511,11.9386105759037,14.383611552215466,9.77851570501903,0.0,11.336785877934735,6.06636706846161,43.173478588160066,20.013250011515773,20.78115410247022,24.59666634189688,45.086583091958865,0.0,15.284745645900747,0.0,32.351977680603184,11.947581713527669,56.950642604830094,0.0,0.0,15.775965229908817,5.001081976687867,0.0,11.336785877934735,51.11631494865618,16.133830774056218,6.923737199690624,33.90118361332206,35.126372526379875,0.0,10.902924932081056,0.0,152.69,23.887631134403165,24.284676131127995,0.0,18.400910140904024,28.149233029694862,10.564533468384862,11.336785877934735,31.18920547353706,18.013948781989278,15.284745645900747,5.106527394840706,0.0,1.1795414555348716,0.0,0.0,0.0,0.0,0.0,0.0,0.0,87.15379187779847,0.2857142857142857,32.0,4.0,10.0,0.0,0.0,0.0,1.0,2.0,3.0,7.0,4.0,11.0,9.0,0.0,0.0,0.0,3.0,1.97722,119.28650000000007,2.0,0.0,0.0,0.0,0.0,2.0,1.0,0.0,2.0,2.0,3.0,1.0,0.0,0.0,0.0,2.0,2.0,0.0,0.0,0.0,0.0,1.0,0.0,0.0,0.0,0.0,0.0,1.0,0.0,1.0,1.0,0.0,0.0,0.0,1.0,0.0,1.0,0.0,0.0,0.0,0.0,0.0,0.0,0.0,0.0,0.0,0.0,0.0,0.0,0.0,0.0,0.0,0.0,0.0,0.0,0.0,0.0,0.0,0.0,0.0,0.0,0.0,0.0,0.0,0.0,0.0,0.0,0.0,0.0,0.0,0.0,0.0,0.0,0.0,0.0,0.0,0.0,0.0,0.0,0.0,0.0,0.0,1.0,0.0,0.0
CID60700,CC[C@@]1(O)C(=O)OCc2c1cc1n(c2=O)Cc2cc3c(CN(C)C)c(O)ccc3nc2-1,0,0.0,0.0,1.0,,0.0,0.0,1.0,0,13.230322622136292,-1.8406696762599537,13.230322622136292,0.1040724827624042,0.4865420212105028,421.4530000000002,398.2690000000002,421.163770836,160.0,0.0,0.3426763382231084,-0.5075981774496873,0.5075981774496873,0.3426763382231084,1.2580645161290325,2.032258064516129,2.7419354838709675,1.7487721103238782,1327.262093253442,22.076621311330612,17.598641050396072,17.598641050396072,14.740237853411664,10.206275564285928,10.206275564285928,8.466876053848996,8.466876053848996,6.25254668624455,6.25254668624455,4.582035556834457,4.582035556834457,-3.2299999999999995,12269942.157708624,19.71687996398413,6.633166188512516,2.715664946185649,177.87713663248533,24.41692712212329,12.356393797796825,5.601050810983688,0.0,5.559266895052008,5.969305287951849,4.794537184071822,9.77851570501903,0.0,0.0,6.923737199690624,44.781633862126824,28.621335095468357,29.01276460492275,19.744454927553285,16.872230220032904,0.0,14.45098789958904,0.0,38.64200440993839,14.09534396535438,56.87307831975825,0.0,17.137367822980828,5.559266895052008,0.0,5.749511833283905,0.0,44.72869194257668,34.82884572519363,0.0,35.59836478940461,29.060005457918265,0.0,22.29078092177798,0.0,104.89,11.570356098935536,19.802129157825057,0.0,24.33648231577484,41.120972502532325,16.513127197858786,0.0,29.689938052866808,25.06162076466647,0.0,9.720841474747257,0.0,0.0,0.0,0.0,0.0,0.0,0.0,0.0,1.6072345049130763,74.47609882842028,0.3478260869565217,31.0,2.0,8.0,0.0,2.0,2.0,1.0,2.0,3.0,8.0,2.0,8.0,3.0,0.0,0.0,0.0,5.0,1.8468,113.58060000000002,0.0,1.0,0.0,0.0,0.0,2.0,0.0,1.0,0.0,0.0,1.0,1.0,0.0,0.0,0.0,3.0,0.0,0.0,0.0,0.0,0.0,0.0,0.0,0.0,0.0,0.0,0.0,0.0,0.0,0.0,0.0,0.0,0.0,0.0,1.0,0.0,5.0,0.0,0.0,0.0,1.0,1.0,0.0,0.0,0.0,0.0,0.0,0.0,0.0,0.0,0.0,0.0,0.0,0.0,1.0,0.0,0.0,0.0,0.0,0.0,0.0,0.0,0.0,0.0,0.0,1.0,1.0,0.0,0.0,0.0,0.0,0.0,0.0,2.0,0.0,0.0,0.0,0.0,0.0,0.0,0.0,0.0,0.0,0.0,0.0
CID5282443,Cc1ccc(/C(=C\CN2CCCC2)c2ccccn2)cc1,0,1.0,1.0,1.0,,1.0,1.0,1.0,0,4.53630574452003,1.0136746504157217,4.53630574452003,1.0136746504157217,0.8424584892829,278.399,256.22299999999996,278.178298704,108.0,0.0,0.0704737365358418,-0.2996515849231351,0.2996515849231351,0.0704737365358418,1.0952380952380951,1.8571428571428572,2.5238095238095237,1.9000053066067313,593.223297077164,14.493353063746348,12.62611351963929,12.62611351963929,10.326499840494924,7.7374547502470605,7.7374547502470605,5.706517539928642,5.706517539928642,4.055710350972486,4.055710350972486,2.8110881125361886,2.8110881125361886,-1.9299999999999995,126994.4402801748,14.026132168654264,6.682521574073874,3.586721213848961,126.69208170617026,0.0,0.0,0.0,0.0,0.0,0.0,9.883888251797686,0.0,0.0,0.0,41.97130694083893,50.551078885988005,18.31470450759492,5.693927994848461,0.0,5.573104530069267,0.0,9.883888251797686,0.0,19.765380445542643,19.634269217737724,71.5582641359207,0.0,0.0,0.0,0.0,0.0,0.0,29.518157469535417,0.0,6.923737199690624,29.66247422409447,54.737433157678225,0.0,5.573104530069267,0.0,16.130000000000003,0.0,0.0,0.0,0.0,0.0,12.238684400761036,42.631163571140426,0.0,12.263210640074686,59.28184796909185,0.0,0.0,0.0,0.0,0.0,0.0,0.0,0.0,0.0,0.0,39.16666666666666,0.3157894736842105,21.0,0.0,2.0,0.0,1.0,1.0,1.0,1.0,2.0,2.0,0.0,2.0,4.0,0.0,1.0,1.0,3.0,3.917520000000003,88.16900000000005,0.0,0.0,0.0,0.0,0.0,1.0,0.0,0.0,0.0,0.0,0.0,0.0,0.0,0.0,0.0,2.0,0.0,0.0,0.0,0.0,1.0,0.0,0.0,0.0,0.0,0.0,0.0,0.0,0.0,0.0,1.0,0.0,0.0,0.0,1.0,0.0,0.0,0.0,0.0,0.0,0.0,0.0,0.0,0.0,0.0,0.0,0.0,0.0,0.0,0.0,0.0,0.0,0.0,0.0,0.0,0.0,0.0,0.0,0.0,0.0,0.0,0.0,0.0,0.0,0.0,0.0,0.0,0.0,0.0,0.0,0.0,0.0,0.0,1.0,0.0,0.0,0.0,0.0,0.0,0.0,0.0,0.0,0.0,0.0,0.0
CID4810,COc1nc(C)nc(Cl)c1NC1=NCCN1,1,0.0,0.0,1.0,,0.0,0.0,0.0,1,6.015480284706475,0.320138888888889,6.015480284706475,0.320138888888889,0.750440465982924,241.682,229.586,241.073037684,86.0,0.0,0.24206810939675,-0.4793898374486964,0.4793898374486964,0.24206810939675,1.4375,2.25,2.875,2.306892058151882,434.1526759276675,11.543605595440512,9.04206711234606,9.797996058364514,7.702708600407234,4.839169817560415,5.217134290569642,3.2280112192955133,3.5860243067458306,2.0543882793203236,2.3278859412977893,1.3668374003296997,1.617228382456576,-1.56,6331.576878631173,10.94135574109372,4.524707061706391,2.1622415830138797,98.10143680930857,15.37044016181271,11.51179077268349,11.112664385636627,5.879988336435371,0.0,0.0,4.992404732635669,4.9839785209472085,4.9839785209472085,0.0,11.600939890232516,6.923737199690624,6.544756405912575,13.65455394719011,4.736862953800049,23.247880733659912,0.0,15.284745645900747,4.992404732635669,6.923737199690624,25.516098957109016,10.97751431489272,0.0,5.879988336435371,15.37044016181271,5.687386274683562,5.879988336435371,11.600939890232516,36.12682196374094,0.0,6.923737199690624,5.824404497999927,4.992404732635669,5.153109816892792,0.0,0.0,71.43,0.0,0.0,0.0,0.0,28.504443494755485,13.08951281182515,7.109797541277533,6.923737199690624,0.0,25.59393898254275,16.337802844032566,0.0,6.015480284706475,0.0,0.0,0.0,0.0,0.0,0.0,0.0,30.92896415973797,0.4444444444444444,16.0,2.0,6.0,0.0,1.0,1.0,0.0,1.0,1.0,6.0,2.0,7.0,2.0,0.0,0.0,0.0,2.0,0.8181199999999997,62.258400000000016,0.0,0.0,0.0,0.0,0.0,2.0,0.0,0.0,0.0,0.0,0.0,0.0,0.0,0.0,1.0,3.0,2.0,0.0,0.0,0.0,0.0,0.0,0.0,0.0,0.0,0.0,0.0,0.0,0.0,1.0,1.0,0.0,0.0,0.0,0.0,0.0,0.0,0.0,0.0,0.0,0.0,1.0,0.0,1.0,1.0,0.0,0.0,0.0,0.0,0.0,0.0,0.0,0.0,0.0,0.0,1.0,0.0,0.0,0.0,0.0,0.0,0.0,0.0,0.0,0.0,0.0,0.0,0.0,0.0,0.0,0.0,0.0,0.0,0.0,0.0,0.0,0.0,0.0,0.0,0.0,0.0,0.0,0.0,0.0,0.0
CID441199,CO[C@@]1(NC(=O)Cc2cccs2)C(=O)N2C(C(=O)O)=C(COC(N)=O)CS[C@@H]21,0,0.0,0.0,0.0,,0.0,0.0,0.0,0,12.831008991559584,-1.6569607819979852,12.831008991559584,0.076162587012154,0.4097813290259421,427.4600000000002,410.3240000000002,427.050791884,150.0,0.0,0.4043169046369086,-0.4765594323827739,0.4765594323827739,0.4043169046369086,1.4642857142857142,2.2142857142857144,2.7857142857142856,1.81030194245744,854.429156129188,20.474327015758657,14.668485204218596,16.301478366074047,13.296566727541911,8.011797012889343,9.940204614124896,5.947633477052819,8.048407898416126,4.2632391632438535,6.513238588236466,3.0352803960091506,5.158769497423441,-2.57,1725921.0093533108,20.171661836598886,7.813366165730109,3.4527017359863312,167.18991561099926,25.63070938360932,17.67779409053749,0.0,5.907179729351506,11.63216532332176,12.062545358890263,14.488984098994122,9.589074368143644,0.0,23.098670827325854,6.06636706846161,11.446429838927523,23.31290287179489,6.4208216229260096,33.758402038728086,46.975575644919125,0.0,10.216698334856808,5.733667477162185,17.519680029865,19.46953311253724,33.66008794421553,0.0,0.0,11.050456081168516,4.794537184071822,0.0,23.098670827325854,64.45173346276069,30.27815908274157,0.0,4.877147193701299,28.782940750514236,0.0,0.0,0.0,148.26000000000002,34.97576322453227,24.284676131127995,0.0,30.05070103731082,0.0,9.777056924551776,30.208468368603384,6.06636706846161,11.446429838927523,10.05365155780638,10.470530430962237,0.0,2.601179230742514,0.0,0.0,0.0,0.0,0.0,0.0,0.0,77.31548743592414,0.375,28.0,4.0,10.0,0.0,2.0,2.0,0.0,1.0,1.0,8.0,3.0,12.0,7.0,0.0,1.0,1.0,3.0,0.0985999999999999,99.19490000000002,1.0,0.0,0.0,0.0,0.0,0.0,0.0,0.0,1.0,1.0,4.0,3.0,0.0,0.0,0.0,1.0,1.0,1.0,0.0,0.0,0.0,0.0,0.0,0.0,0.0,0.0,0.0,3.0,0.0,0.0,0.0,0.0,0.0,0.0,0.0,0.0,1.0,0.0,0.0,0.0,0.0,2.0,0.0,0.0,0.0,0.0,0.0,0.0,0.0,0.0,0.0,0.0,0.0,1.0,0.0,1.0,0.0,0.0,0.0,0.0,0.0,0.0,0.0,0.0,0.0,0.0,0.0,0.0,0.0,0.0,0.0,1.0,0.0,0.0,0.0,1.0,0.0,0.0,0.0,0.0,0.0,0.0,1.0,0.0,0.0
CID16682734,O=C([O-])c1ccccc1[O-],0,0.0,0.0,0.0,,0.0,0.0,0.0,0,10.639814814814814,-1.4253703703703706,10.639814814814814,0.2893518518518514,0.5034135549157018,136.10599999999997,132.07399999999998,136.01714114782,52.0,0.0,0.0708660932843595,-0.8720052542009834,0.8720052542009834,0.0708660932843595,1.3,1.9,2.3,3.1529414466808685,254.78306142431708,7.560477932315068,5.034145948150092,5.034145948150092,4.71521405516327,2.689722704885421,2.689722704885421,1.783616896064292,1.783616896064292,1.106974503787586,1.106974503787586,0.6352784043875529,0.6352784043875529,-1.51,182.2382192735223,6.607785630153122,2.389632707443791,1.0748936229840518,57.54633483832936,15.007591973753234,0.0,0.0,0.0,0.0,0.0,0.0,0.0,0.0,0.0,30.014980107130345,5.563451491696996,0.0,5.969305287951849,15.007591973753234,5.969305287951849,0.0,0.0,0.0,0.0,0.0,29.828919765543436,0.0,5.749511833283905,10.213054789681411,0.0,5.749511833283905,0.0,5.969305287951849,0.0,0.0,10.357988675768818,24.26546827384644,0.0,0.0,0.0,63.19,11.718817121235755,15.007591973753234,0.0,5.563451491696996,0.0,0.0,24.26546827384644,0.0,0.0,0.0,0.0,0.0,0.0,0.0,0.0,0.0,0.0,0.0,0.0,0.0,34.0,0.0,10.0,0.0,3.0,0.0,0.0,0.0,1.0,0.0,1.0,3.0,0.0,3.0,1.0,0.0,0.0,0.0,1.0,-0.8763000000000001,30.218499999999995,0.0,0.0,0.0,0.0,1.0,0.0,0.0,0.0,1.0,1.0,1.0,1.0,0.0,0.0,0.0,0.0,0.0,0.0,0.0,0.0,0.0,0.0,0.0,0.0,0.0,0.0,0.0,0.0,0.0,0.0,0.0,0.0,0.0,0.0,1.0,0.0,0.0,0.0,0.0,0.0,0.0,0.0,0.0,0.0,0.0,0.0,0.0,0.0,0.0,0.0,0.0,0.0,0.0,0.0,0.0,0.0,0.0,0.0,0.0,0.0,0.0,0.0,0.0,0.0,1.0,0.0,0.0,0.0,0.0,0.0,0.0,0.0,0.0,0.0,0.0,0.0,0.0,0.0,0.0,0.0,0.0,0.0,0.0,0.0,0.0
CID5905,O=c1[nH]c(=O)n([C@H]2C[C@H](O)[C@@H](CO)O2)cc1I,1,0.0,0.0,0.0,,0.0,0.0,0.0,1,11.560870653817082,-0.8180654761904764,11.560870653817082,0.2016439909297054,0.578029884636738,354.1,343.01199999999994,353.97126945200006,94.0,0.0,0.3300074157703424,-0.3935688359788516,0.3935688359788516,0.3300074157703424,1.588235294117647,2.2941176470588234,2.8823529411764706,2.335396041923273,524.8528777321774,12.57698579026012,8.66796477003229,10.825463061208612,8.024075805453151,4.979819620087545,6.058568765675706,3.758392526268739,4.920583208656224,2.6186830775142353,3.387100942880697,1.7248777727695055,2.1597977598349702,-0.71,7965.508655134308,12.739314771557623,4.881735942153658,2.4368559472763676,109.1864450414692,14.94991774348146,12.331867558483172,0.0,0.0,5.559266895052008,5.689743398203474,14.345615352810384,4.794537184071822,0.0,0.0,0.0,22.590870627068057,12.617665194539086,16.281030623326615,14.94991774348146,22.590870627068057,0.0,9.551078168738565,0.0,24.85665556915748,6.606881964512918,30.605110504077594,0.0,0.0,11.24901029325548,0.0,0.0,22.590870627068057,38.578947698429495,4.736862953800049,3.5701822710653963,12.64872279366088,15.78591793975672,0.0,0.0,0.0,104.55,29.684844239486956,14.69560176298435,0.0,13.027703587438928,3.5701822710653963,0.0,10.763943219404432,22.590870627068057,0.0,4.9839785209472085,9.843390348640757,0.0,0.0,0.0,0.0,0.0,0.0,0.0,0.0,1.564757653061225,46.75325186759888,0.5555555555555556,17.0,3.0,7.0,0.0,1.0,1.0,0.0,1.0,1.0,6.0,3.0,8.0,2.0,0.0,1.0,1.0,2.0,-1.2181000000000002,65.65930000000002,0.0,2.0,2.0,0.0,0.0,2.0,1.0,0.0,0.0,0.0,0.0,0.0,0.0,0.0,0.0,1.0,1.0,0.0,0.0,0.0,0.0,1.0,0.0,0.0,0.0,0.0,0.0,0.0,0.0,0.0,0.0,0.0,0.0,0.0,0.0,0.0,0.0,0.0,0.0,0.0,0.0,1.0,0.0,0.0,1.0,0.0,0.0,0.0,0.0,0.0,0.0,0.0,0.0,0.0,0.0,0.0,0.0,0.0,0.0,0.0,0.0,0.0,0.0,0.0,0.0,0.0,0.0,0.0,0.0,0.0,0.0,0.0,0.0,0.0,0.0,0.0,0.0,0.0,0.0,0.0,0.0,0.0,0.0,0.0,0.0
CID23644556,[C-]#N,0,0.0,0.0,1.0,,0.0,0.0,0.0,0,6.25,4.75,6.25,4.75,0.3443743454706558,26.018,26.018,26.00362257991,10.0,0.0,-0.488225662842519,-0.5117743371574808,0.5117743371574808,0.488225662842519,1.5,1.5,1.5,3.0,6.754887502163469,2.0,0.947213595499958,0.947213595499958,1.0,0.2236067977499789,0.2236067977499789,0.0,0.0,0.0,0.0,0.0,0.0,-0.51,2.0,1.49,0.49,-4.47078431372549,13.131830709298267,11.834028444295376,0.0,0.0,0.0,0.0,0.0,0.0,0.0,0.0,0.0,0.0,0.0,0.0,0.0,0.0,0.0,5.261891554738487,0.0,0.0,0.0,0.0,6.572136889556889,0.0,0.0,0.0,0.0,0.0,0.0,0.0,0.0,11.834028444295376,0.0,0.0,0.0,0.0,0.0,23.79,0.0,0.0,0.0,0.0,0.0,0.0,0.0,0.0,0.0,0.0,11.834028444295376,0.0,0.0,0.0,0.0,0.0,0.0,0.0,0.0,0.0,11.0,0.0,2.0,0.0,1.0,0.0,0.0,0.0,0.0,0.0,0.0,1.0,0.0,1.0,0.0,0.0,0.0,0.0,0.0,0.09637,4.968,0.0,0.0,0.0,0.0,0.0,0.0,0.0,0.0,0.0,0.0,0.0,0.0,0.0,0.0,0.0,1.0,0.0,0.0,0.0,0.0,0.0,0.0,0.0,0.0,0.0,0.0,0.0,0.0,0.0,0.0,0.0,0.0,0.0,0.0,0.0,0.0,0.0,0.0,0.0,0.0,0.0,0.0,0.0,0.0,0.0,0.0,0.0,0.0,0.0,0.0,0.0,0.0,0.0,0.0,0.0,0.0,0.0,0.0,0.0,0.0,0.0,0.0,0.0,0.0,0.0,0.0,0.0,0.0,0.0,0.0,0.0,0.0,0.0,0.0,0.0,0.0,0.0,0.0,0.0,0.0,0.0,0.0,0.0,0.0,0.0
CID3671,CC(C)C(=O)c1c(C(C)C)nn2ccccc12,1,0.0,0.0,0.0,,1.0,0.0,0.0,1,12.291485260770976,0.0006538170823884,12.291485260770976,0.0006538170823884,0.7581170106168678,230.311,212.16699999999992,230.141913196,90.0,0.0,0.1689803006210782,-0.2937409697060931,0.2937409697060931,0.1689803006210782,1.2352941176470589,1.9411764705882353,2.5294117647058822,2.722786604398608,552.3475935993229,12.57698579026012,10.766777096601537,10.766777096601537,8.019744507803582,6.034963111021993,6.034963111021993,4.964340212299496,4.964340212299496,2.8846970450925613,2.8846970450925613,1.962223363831108,1.962223363831108,-1.6399999999999997,8244.026998554778,11.83405264196173,4.3192942210574286,1.971239066300916,101.4537819648806,0.0,0.0,5.783244946364939,0.0,0.0,0.0,4.794537184071822,4.5153978936156225,5.098681808301038,0.0,33.761315867224106,18.050640183084617,12.11474961777447,16.77408020416172,4.794537184071822,11.299945663981202,0.0,9.61407970191666,5.917906046161393,33.61285484492389,0.0,35.65332426354336,0.0,0.0,0.0,0.0,0.0,0.0,15.397324648281598,0.0,5.917906046161393,49.66477151554116,24.395944776997904,0.0,5.516700717616262,0.0,34.370000000000005,0.0,4.794537184071822,0.0,17.61905703868773,0.0,16.77408020416172,0.0,4.5153978936156225,38.24341917637915,18.94615620768229,0.0,0.0,0.0,0.0,0.0,0.0,0.0,0.0,0.0,1.796574074074074,35.536759259259256,0.4285714285714285,17.0,0.0,3.0,0.0,0.0,0.0,0.0,2.0,2.0,3.0,0.0,3.0,3.0,0.0,0.0,0.0,2.0,3.296400000000002,68.44950000000004,0.0,0.0,0.0,0.0,0.0,2.0,0.0,0.0,0.0,0.0,1.0,1.0,0.0,0.0,0.0,2.0,0.0,0.0,0.0,0.0,0.0,0.0,0.0,0.0,0.0,0.0,0.0,0.0,0.0,0.0,0.0,0.0,0.0,0.0,0.0,0.0,1.0,0.0,0.0,0.0,0.0,0.0,0.0,0.0,0.0,0.0,0.0,0.0,0.0,0.0,0.0,1.0,1.0,0.0,0.0,0.0,0.0,0.0,0.0,0.0,0.0,0.0,0.0,0.0,0.0,0.0,0.0,0.0,0.0,0.0,0.0,0.0,0.0,1.0,0.0,0.0,0.0,0.0,0.0,0.0,0.0,0.0,0.0,0.0,0.0
CID5531,CCN(CC)c1cc(C)nc2ncnn12,1,0.0,0.0,1.0,,1.0,0.0,0.0,1,4.309982993197279,0.6637962962962967,4.309982993197279,0.6637962962962967,0.7568943959819242,205.265,190.145,205.13274548,80.0,0.0,0.2537828148392471,-0.3569546604624658,0.3569546604624658,0.2537828148392471,1.3333333333333333,2.066666666666667,2.7333333333333334,2.6117462691393305,457.7807292766807,10.836498814253964,9.304982078252138,9.304982078252138,7.257550155273625,5.182057929590595,5.182057929590595,3.3998542803628435,3.3998542803628435,2.448540500058704,2.448540500058704,1.6840968259383686,1.6840968259383686,-1.65,3978.828892886229,9.888066505602836,3.84175666620384,1.6460443436633911,88.76150526814001,4.899909730850478,12.14518285259957,0.0,0.0,5.777653723919194,0.0,0.0,4.9839785209472085,14.598058222863868,0.0,0.0,20.771211599071872,24.849807875135223,0.0,0.0,11.595516501754222,0.0,19.582036743811077,0.0,20.771211599071872,17.98942254267563,18.08761513807461,0.0,0.0,4.899909730850478,5.817862777835028,0.0,0.0,32.671549555636226,0.0,6.923737199690624,19.54140239422971,12.393687143226153,0.0,5.777653723919194,0.0,46.32000000000001,0.0,0.0,0.0,0.0,5.777653723919194,24.60130358450864,6.3273200747645415,4.5153978936156225,12.990104268152232,33.81402298042718,0.0,0.0,0.0,0.0,0.0,0.0,0.0,0.0,0.0,1.7777777777777777,29.22222222222222,0.5,15.0,0.0,5.0,0.0,0.0,0.0,0.0,2.0,2.0,5.0,0.0,5.0,3.0,0.0,0.0,0.0,2.0,1.2789199999999998,59.080000000000034,0.0,0.0,0.0,0.0,0.0,4.0,0.0,0.0,0.0,0.0,0.0,0.0,0.0,0.0,0.0,5.0,0.0,0.0,0.0,0.0,0.0,0.0,0.0,0.0,0.0,0.0,0.0,0.0,0.0,1.0,1.0,0.0,0.0,0.0,0.0,0.0,1.0,0.0,0.0,0.0,0.0,0.0,0.0,0.0,0.0,0.0,0.0,0.0,0.0,0.0,0.0,0.0,0.0,0.0,0.0,0.0,0.0,0.0,0.0,0.0,0.0,0.0,0.0,0.0,0.0,0.0,0.0,0.0,0.0,0.0,0.0,0.0,0.0,0.0,0.0,0.0,0.0,0.0,0.0,0.0,0.0,0.0,0.0,0.0,0.0
CID124886,N[C@@H](CCC(=O)N[C@@H](CS)C(=O)NCC(=O)O)C(=O)O,1,0.0,0.0,0.0,,0.0,0.0,0.0,1,11.50371351935836,-1.219679189062456,11.50371351935836,0.0256185437137819,0.2634372933480747,307.32800000000003,290.192,307.083806264,114.0,0.0,0.3224707070277047,-0.4800862864621305,0.4800862864621305,0.3224707070277047,1.2,1.8,2.25,4.208861414299984,389.18921854622977,15.706742302257044,10.535111880670396,11.42953907167031,9.27296336542764,5.656453432269843,6.288908964303519,3.8976225249092913,4.262770896579402,2.247728644699627,2.6128770163697372,1.1565999836685754,1.4137097687536238,-1.81,13668.65573710903,18.19,9.15071374245247,7.586610574291715,119.85296768959668,26.580299474856258,18.628438064208495,0.0,11.814359458703011,0.0,11.9386105759037,19.178148736287287,0.0,12.628789148012991,0.0,0.0,6.4208216229260096,12.1736752296728,0.0,29.3912035259687,36.381759182619696,0.0,10.633577208012662,5.733667477162185,24.925324904147946,12.297610012659364,0.0,0.0,0.0,16.367244685174846,0.0,0.0,12.628789148012991,58.3473164952434,19.178148736287287,0.0,12.84164324585202,0.0,0.0,0.0,0.0,158.82,42.38140809881521,19.178148736287287,0.0,18.59449685259881,0.0,0.0,0.0,0.0,0.0,23.26236635602565,15.946722266843596,0.0,3.873779569440945,0.0,0.0,0.0,0.0,0.0,0.0,0.0,63.681775986114616,0.6,20.0,6.0,9.0,0.0,0.0,0.0,0.0,0.0,0.0,6.0,6.0,10.0,9.0,0.0,0.0,0.0,0.0,-2.2060999999999984,71.27440000000003,2.0,0.0,0.0,0.0,0.0,0.0,0.0,0.0,2.0,2.0,4.0,2.0,0.0,0.0,0.0,0.0,2.0,1.0,0.0,0.0,0.0,0.0,1.0,0.0,0.0,0.0,0.0,2.0,0.0,0.0,0.0,0.0,0.0,0.0,0.0,0.0,0.0,0.0,0.0,0.0,0.0,0.0,0.0,0.0,0.0,0.0,0.0,0.0,0.0,0.0,0.0,0.0,0.0,0.0,0.0,0.0,0.0,0.0,0.0,0.0,0.0,0.0,0.0,0.0,0.0,0.0,0.0,0.0,0.0,0.0,0.0,0.0,0.0,0.0,0.0,0.0,0.0,0.0,0.0,0.0,0.0,0.0,0.0,0.0,0.0
CID5411,CCCCNc1ccc(C(=O)OCCN(C)C)cc1,0,1.0,0.0,1.0,,0.0,0.0,1.0,0,11.73668126781628,-0.2620757485092799,11.73668126781628,0.2620757485092799,0.5786881428918659,264.3689999999999,240.17699999999996,264.183778008,106.0,0.0,0.3376671984238137,-0.4607327088664665,0.4607327088664665,0.3376671984238137,1.263157894736842,1.9473684210526316,2.526315789473684,2.394548171898395,374.236893489923,14.08757566981053,12.108645159118929,12.108645159118929,9.1302289553358,6.78960575890117,6.78960575890117,4.796875471457752,4.796875471457752,2.751713780758142,2.751713780758142,1.53791314003753,1.53791314003753,-1.5499999999999998,16073.367810839532,15.507306590257876,8.534307301090518,6.246200235496293,115.3006453324285,14.953561288656855,6.606881964512918,0.0,0.0,0.0,5.969305287951849,0.0,4.794537184071822,0.0,0.0,13.344558822616634,44.781633862126824,18.776899086508713,5.563451491696996,9.53140013787187,11.656691562635412,0.0,4.899909730850478,0.0,19.765380445542643,39.108527345698775,29.828919765543436,0.0,0.0,5.316788604006331,5.687386274683562,0.0,0.0,44.66095376049477,4.736862953800049,0.0,30.12336912131146,24.26546827384644,0.0,0.0,0.0,41.57,0.0,4.794537184071822,0.0,5.969305287951849,12.170333456209914,25.197720709434723,6.4208216229260096,12.13273413692322,31.12798783312808,12.240525803696954,4.736862953800049,0.0,0.0,0.0,0.0,0.0,0.0,0.0,0.0,0.0,41.500000000000014,0.5333333333333333,19.0,1.0,4.0,0.0,0.0,0.0,1.0,0.0,1.0,4.0,1.0,4.0,8.0,0.0,0.0,0.0,1.0,2.617000000000001,78.67620000000005,0.0,0.0,0.0,0.0,0.0,0.0,0.0,0.0,0.0,0.0,1.0,1.0,0.0,0.0,0.0,1.0,1.0,0.0,0.0,1.0,0.0,0.0,0.0,0.0,0.0,0.0,0.0,0.0,0.0,1.0,0.0,0.0,0.0,0.0,1.0,0.0,0.0,0.0,0.0,0.0,1.0,1.0,0.0,0.0,0.0,0.0,0.0,0.0,0.0,0.0,0.0,0.0,0.0,0.0,0.0,0.0,0.0,0.0,0.0,0.0,0.0,0.0,0.0,0.0,0.0,0.0,0.0,0.0,0.0,0.0,0.0,0.0,0.0,0.0,0.0,0.0,0.0,0.0,0.0,0.0,0.0,0.0,0.0,1.0,0.0
CID4991,CN(C)C(=O)Oc1ccc[n+](C)c1,0,0.0,0.0,0.0,,0.0,0.0,0.0,0,11.117970521541949,-0.3692592592592592,11.117970521541949,0.3692592592592592,0.5934152756520555,181.21499999999995,168.11099999999996,181.09715407609,70.0,0.0,0.4144206474603585,-0.4038001748026675,0.4144206474603585,0.4038001748026675,1.5384615384615383,2.230769230769231,2.769230769230769,2.6927851604506556,310.2379407824653,9.844934982691242,8.020324848686148,8.020324848686148,6.092224152875016,3.9380347352962626,3.9380347352962626,2.9675220876108694,2.9675220876108694,1.4828802491749515,1.4828802491749515,0.8128750604868012,0.8128750604868012,-1.58,726.5839874090386,9.50756567425569,3.8886672016230377,2.7399686665944647,77.35569204437924,9.636772684650529,7.04767198267719,11.94635540489698,6.196843571613076,0.0,6.093240070938415,0.0,9.361636831863176,0.0,0.0,0.0,6.06636706846161,20.16171103381599,0.0,14.098499785663224,6.093240070938415,0.0,4.899909730850478,7.04767198267719,0.0,14.09534396535438,24.526421280149375,0.0,5.749511833283905,9.303962601591405,4.794537184071822,5.749511833283905,0.0,25.088493767143273,7.04767198267719,0.0,0.0,24.526421280149375,0.0,0.0,0.0,33.42,0.0,4.794537184071822,0.0,6.093240070938415,5.749511833283905,0.0,4.899909730850478,26.358554605429067,23.87798227054323,0.0,4.736862953800049,0.0,0.0,0.0,0.0,0.0,0.0,0.0,0.0,1.8177314814814816,30.015601851851848,0.3333333333333333,13.0,0.0,4.0,0.0,0.0,0.0,0.0,1.0,1.0,2.0,0.0,4.0,1.0,0.0,0.0,0.0,1.0,0.5714999999999999,47.32900000000003,0.0,0.0,0.0,0.0,0.0,1.0,0.0,0.0,0.0,0.0,1.0,1.0,0.0,0.0,0.0,2.0,0.0,0.0,0.0,0.0,0.0,0.0,0.0,0.0,0.0,0.0,0.0,1.0,0.0,0.0,1.0,0.0,0.0,0.0,0.0,0.0,0.0,0.0,0.0,0.0,0.0,1.0,0.0,0.0,0.0,0.0,0.0,0.0,0.0,0.0,0.0,0.0,0.0,0.0,0.0,0.0,0.0,0.0,0.0,0.0,0.0,0.0,0.0,0.0,0.0,0.0,0.0,0.0,0.0,0.0,0.0,0.0,0.0,1.0,0.0,0.0,0.0,0.0,0.0,0.0,0.0,0.0,0.0,0.0,0.0
CID3261,Clc1ccc2c(c1)C(c1ccccc1)=NCc1nncn1-2,0,0.0,1.0,0.0,,1.0,0.0,0.0,0,6.1882270583130365,0.4965542328042329,6.1882270583130365,0.4965542328042329,0.691129049070368,294.745,283.657,294.06722403200007,102.0,0.0,0.1586624472388726,-0.283340622417486,0.283340622417486,0.1586624472388726,1.0476190476190477,1.9047619047619049,2.761904761904762,1.996146541198481,836.4931314625338,14.233840039752504,11.070078058902242,11.826007004920696,10.326499840494924,6.6183058378445105,6.996270310853737,4.809501133040283,5.245936913512267,3.517431469731819,3.752528572519558,2.5537273747074583,2.7258303986603254,-2.46,141955.3342161377,12.293555605558616,4.823665918890326,2.0424224024052173,126.29511475753816,0.0,12.872076480677116,5.824404497999927,0.0,0.0,0.0,9.559504380427024,0.0,0.0,10.197363616602075,41.93277523254056,18.19910120538483,16.149536297135317,11.399071277454263,0.0,17.312624893003218,0.0,14.76446326439343,4.992404732635669,6.544756405912575,0.0,76.83219741759267,0.0,5.687386274683562,0.0,0.0,0.0,11.600939890232516,20.47614826716413,6.544756405912575,0.0,16.95130748139392,59.850661355093095,5.022633313741326,5.687386274683562,0.0,43.07,0.0,0.0,0.0,0.0,11.5673897196539,28.35037875884818,0.0,6.3273200747645415,40.965302058561015,22.330097753525298,16.593344622868184,0.0,6.1882270583130365,0.0,0.0,0.0,0.0,0.0,0.0,1.963395061728395,36.45948899106968,0.0625,21.0,0.0,4.0,0.0,1.0,1.0,2.0,1.0,3.0,4.0,0.0,5.0,1.0,0.0,0.0,0.0,4.0,3.2717000000000027,82.15400000000002,0.0,0.0,0.0,0.0,0.0,3.0,0.0,0.0,0.0,0.0,0.0,0.0,0.0,0.0,1.0,4.0,0.0,0.0,0.0,0.0,0.0,0.0,0.0,0.0,0.0,0.0,0.0,0.0,0.0,0.0,0.0,0.0,0.0,0.0,2.0,0.0,3.0,0.0,0.0,0.0,0.0,0.0,0.0,0.0,1.0,0.0,0.0,0.0,0.0,0.0,0.0,0.0,0.0,0.0,0.0,0.0,0.0,0.0,0.0,0.0,0.0,0.0,0.0,0.0,0.0,0.0,0.0,0.0,0.0,0.0,0.0,0.0,0.0,0.0,0.0,0.0,0.0,0.0,0.0,0.0,0.0,0.0,0.0,0.0,0.0
CID54676537,CC(=O)CC(c1ccc([N+](=O)[O-])cc1)c1c(O)c2ccccc2oc1=O,1,0.0,0.0,0.0,,0.0,0.0,1.0,1,12.479243512219703,-0.7692961073318221,12.479243512219703,0.0344879062736203,0.4267175419766887,353.33000000000004,338.2100000000001,353.08993719999995,132.0,0.0,0.3433659364466966,-0.5065917727989816,0.5065917727989816,0.3433659364466966,1.1923076923076923,1.8461538461538465,2.4615384615384617,2.1993487238782405,1051.8075621840028,18.844570503761737,13.838927847212416,13.838927847212416,12.37991785310972,7.866727972580103,7.866727972580103,5.955328015306406,5.955328015306406,4.166188127637963,4.166188127637963,2.9575568816959854,2.9575568816959854,-3.4799999999999995,656833.4212038807,17.34650511351389,6.794154869003045,3.1884213685630836,147.20500081367507,9.523678331894054,17.115776921291086,0.0,0.0,5.687386274683562,5.625586319077987,14.908855452837392,4.794537184071822,0.0,0.0,24.26546827384644,24.61992282831084,24.471461806010623,15.87298675497946,19.241526564783545,22.43987557715554,0.0,0.0,0.0,19.262464868778025,0.0,80.19228130300226,0.0,5.749511833283905,5.625586319077987,5.687386274683562,5.749511833283905,0.0,15.813083390023316,4.794537184071822,10.114318268765572,30.389367852172015,57.74262466881805,0.0,10.969244356107035,0.0,110.65,16.466803414057054,24.80992003174992,0.0,34.78743631059765,10.949675706161791,0.0,31.18920547353706,24.26546827384644,0.0,0.0,4.417150937053347,0.0,0.0,0.0,0.0,0.0,0.0,0.0,0.0,5.284516959561603,68.38214970710507,0.1578947368421052,26.0,1.0,7.0,0.0,0.0,0.0,2.0,1.0,3.0,6.0,1.0,7.0,5.0,0.0,0.0,0.0,3.0,3.517800000000003,94.38620000000004,0.0,0.0,0.0,0.0,0.0,0.0,0.0,1.0,0.0,0.0,1.0,1.0,0.0,0.0,0.0,1.0,0.0,0.0,0.0,0.0,0.0,0.0,0.0,0.0,0.0,0.0,0.0,0.0,0.0,0.0,0.0,0.0,0.0,0.0,2.0,0.0,1.0,0.0,0.0,0.0,0.0,0.0,0.0,0.0,0.0,0.0,0.0,0.0,0.0,0.0,0.0,1.0,1.0,0.0,0.0,0.0,0.0,0.0,1.0,1.0,1.0,0.0,0.0,0.0,1.0,0.0,0.0,0.0,0.0,0.0,0.0,0.0,0.0,0.0,0.0,0.0,0.0,0.0,0.0,0.0,0.0,0.0,0.0,0.0,0.0
CID60961,Nc1ncnc2c1ncn2[C@@H]1O[C@H](CO)[C@@H](O)[C@H]1O,0,0.0,0.0,0.0,,0.0,0.0,0.0,0,9.950183767951623,-1.1891298185941046,9.950183767951623,0.2180494404551953,0.4905198676792232,267.245,254.14099999999996,267.096753896,102.0,0.0,0.167138505935341,-0.3935668539266412,0.3935668539266412,0.167138505935341,1.263157894736842,2.0526315789473686,2.736842105263158,2.035435145869755,602.6175788415977,13.568549621822845,9.7873021244775,9.7873021244775,9.1302289553358,5.6863751310965895,5.6863751310965895,4.311819367749401,4.311819367749401,3.178383097649782,3.178383097649782,2.1660908223461037,2.1660908223461037,-1.8100000000000005,35227.092267622436,12.23544093091737,4.3842388535215,1.7476128588760207,106.84616010324278,25.79011261548435,30.155919955625706,17.692941169337626,0.0,0.0,0.0,4.567099647791355,14.951935562841626,0.0,0.0,0.0,0.0,0.0,12.93420203927746,20.056445138322168,16.981740716219015,0.0,19.519035210632985,0.0,24.539800333979777,12.340549441675105,12.654640149529085,0.0,0.0,5.733667477162185,5.817862777835028,0.0,0.0,59.757398522912915,4.736862953800049,0.0,6.22790117073487,12.654640149529085,0.0,11.16387793838399,0.0,139.54000000000002,31.146682298492692,10.213054789681411,0.0,5.817862777835028,11.16387793838399,0.0,17.22173979732044,0.0,0.0,14.951935562841626,15.57705782580294,0.0,0.0,0.0,0.0,0.0,0.0,0.0,0.0,1.455277777777778,50.87805555555556,0.5,19.0,5.0,9.0,0.0,1.0,1.0,0.0,2.0,2.0,9.0,4.0,9.0,2.0,0.0,1.0,1.0,3.0,-1.9800000000000009,62.744800000000026,0.0,3.0,3.0,1.0,0.0,4.0,0.0,0.0,0.0,0.0,0.0,0.0,0.0,0.0,0.0,4.0,0.0,1.0,0.0,0.0,0.0,0.0,0.0,0.0,0.0,0.0,0.0,0.0,0.0,1.0,0.0,0.0,0.0,0.0,0.0,0.0,1.0,0.0,0.0,0.0,0.0,1.0,0.0,0.0,0.0,0.0,0.0,1.0,0.0,0.0,0.0,0.0,0.0,0.0,0.0,0.0,0.0,0.0,0.0,0.0,0.0,0.0,0.0,0.0,0.0,0.0,0.0,0.0,0.0,0.0,0.0,0.0,0.0,0.0,0.0,0.0,0.0,0.0,0.0,0.0,0.0,0.0,0.0,0.0,0.0
CID65513,NCCc1cnc[nH]1,0,0.0,0.0,0.0,,0.0,0.0,0.0,0,5.271944444444444,0.6827314814814816,5.271944444444444,0.6827314814814816,0.560081635014732,111.14799999999998,102.076,111.079647288,44.0,0.0,0.092126969978891,-0.3484583637453817,0.3484583637453817,0.092126969978891,1.75,2.625,3.125,2.500248651523409,133.39382807919944,5.819990956308912,4.59347796544193,4.59347796544193,3.931851652578137,2.605549729741085,2.605549729741085,1.6155211979653414,1.6155211979653414,0.968528276835206,0.968528276835206,0.5769077953207493,0.5769077953207493,-0.8300000000000001,107.1071906974106,5.309470013947001,2.470712071659608,1.069113913964863,47.929986447263715,10.717645998109392,0.0,0.0,0.0,0.0,0.0,0.0,4.9839785209472085,0.0,0.0,0.0,6.544756405912575,18.311593189387548,6.3273200747645415,0.0,0.0,0.0,9.967957041894415,5.733667477162185,6.4208216229260096,6.544756405912575,18.21809164122608,0.0,0.0,5.733667477162185,0.0,0.0,0.0,16.51271344780699,6.4208216229260096,0.0,5.693927994848461,12.524163646377618,0.0,0.0,0.0,54.7,0.0,0.0,0.0,0.0,6.544756405912575,12.114749617774471,0.0,12.524163646377618,0.0,9.967957041894415,5.733667477162185,0.0,0.0,0.0,0.0,0.0,0.0,0.0,0.0,0.0,18.166666666666668,0.4,8.0,3.0,3.0,0.0,0.0,0.0,0.0,1.0,1.0,2.0,2.0,3.0,2.0,0.0,0.0,0.0,1.0,-0.0891000000000003,31.346099999999996,0.0,0.0,0.0,0.0,0.0,2.0,1.0,0.0,0.0,0.0,0.0,0.0,0.0,0.0,0.0,1.0,1.0,1.0,0.0,0.0,0.0,1.0,0.0,0.0,0.0,0.0,0.0,0.0,0.0,0.0,0.0,0.0,0.0,0.0,0.0,0.0,0.0,0.0,0.0,0.0,0.0,0.0,0.0,0.0,0.0,0.0,0.0,1.0,0.0,0.0,0.0,0.0,0.0,0.0,0.0,0.0,0.0,0.0,0.0,0.0,0.0,0.0,0.0,0.0,0.0,0.0,0.0,0.0,0.0,0.0,0.0,0.0,0.0,0.0,0.0,0.0,0.0,0.0,0.0,0.0,0.0,0.0,0.0,0.0,0.0
CID3236,CCc1ccc(C(=O)C(C)CN2CCCCC2)cc1,1,1.0,0.0,1.0,,1.0,0.0,1.0,1,12.39130645313681,0.102385676492819,12.39130645313681,0.102385676492819,0.7536522811652422,259.3929999999999,234.19299999999996,259.19361442,104.0,0.0,0.1664421937357851,-0.3026180962740333,0.3026180962740333,0.1664421937357851,1.1578947368421053,1.7894736842105263,2.3684210526315788,1.9288804066759144,403.7751708735845,13.664925939000156,12.191960700217786,12.191960700217786,9.202708600407234,7.5591085143564865,7.5591085143564865,5.67704350241846,5.67704350241846,4.07502943051161,4.07502943051161,2.801416502202054,2.801416502202054,-1.15,25130.041075738343,14.263145804163823,6.854971478772031,3.90429366228076,116.3612909945776,4.899909730850478,0.0,5.783244946364939,0.0,0.0,0.0,4.794537184071822,0.0,0.0,0.0,44.53376429615369,37.91542917230017,18.02611394377097,0.0,4.794537184071822,5.783244946364939,0.0,4.899909730850478,5.917906046161393,39.53076089108529,19.634269217737724,35.392371257240434,0.0,0.0,0.0,0.0,0.0,0.0,30.317423894953144,6.4208216229260096,5.917906046161393,49.0313794356251,24.26546827384644,0.0,0.0,0.0,20.31,0.0,4.794537184071822,0.0,11.701150992526332,0.0,31.618542332360732,24.825916360475023,0.0,12.13273413692322,30.880118267154945,0.0,0.0,0.0,0.0,0.0,0.0,0.0,0.0,0.0,0.0,37.83333333333333,0.5882352941176471,19.0,0.0,2.0,0.0,1.0,1.0,1.0,0.0,1.0,2.0,0.0,2.0,5.0,0.0,1.0,1.0,2.0,3.5537000000000027,79.60550000000005,0.0,0.0,0.0,0.0,0.0,0.0,0.0,0.0,0.0,0.0,1.0,1.0,0.0,0.0,0.0,1.0,0.0,0.0,0.0,0.0,1.0,0.0,0.0,0.0,0.0,0.0,0.0,0.0,0.0,0.0,1.0,0.0,0.0,0.0,1.0,0.0,0.0,0.0,0.0,0.0,0.0,0.0,0.0,0.0,0.0,0.0,0.0,0.0,0.0,0.0,0.0,1.0,1.0,0.0,0.0,0.0,0.0,0.0,0.0,0.0,0.0,0.0,0.0,0.0,0.0,0.0,0.0,0.0,0.0,1.0,0.0,0.0,0.0,0.0,0.0,0.0,0.0,0.0,0.0,0.0,0.0,0.0,0.0,0.0,0.0
CID56959,COc1ccccc1OCC(O)CN1CCN(CC(=O)Nc2c(C)cccc2C)CC1,0,1.0,1.0,1.0,,1.0,1.0,1.0,0,12.483462172502753,-0.5937112072718826,12.483462172502753,0.0102714010032385,0.6398550561014078,427.5450000000002,394.28100000000023,427.2471065360001,168.0,0.0,0.2380680667142298,-0.4928700097420834,0.4928700097420834,0.2380680667142298,1.0,1.6129032258064515,2.2580645161290325,1.3840486993991417,845.4029554588266,22.216967702877938,18.634935279714306,18.634935279714306,14.956728795830728,10.706278523169576,10.706278523169576,8.007428146877192,8.007428146877192,5.546914270523043,5.546914270523043,3.7984129883907,3.7984129883907,-2.609999999999999,8558341.072344258,23.06152681478392,11.134736906161526,6.685904957192955,184.11434738005943,19.897041906447136,12.71084835226122,11.49902366656781,5.907179729351506,0.0,0.0,14.594356645772775,0.0,0.0,0.0,30.33183534230805,37.107111519698464,38.41116830424644,13.65455394719011,19.374790486512627,11.594566004035068,0.0,9.799819461700956,0.0,19.95144078712955,58.30200654527223,53.59147246262526,0.0,11.49902366656781,14.790514511606428,5.687386274683562,11.49902366656781,0.0,79.90271091490737,4.794537184071822,13.847474399381248,11.126902983393991,42.46456947923127,0.0,0.0,0.0,74.27,6.103966387748303,9.901064578912528,0.0,12.514061693864424,24.58853647839296,42.99331488172785,0.0,7.109797541277533,56.31204387861251,15.116608065707286,9.473725907600098,0.0,0.0,0.0,0.0,0.0,0.0,0.0,0.0,0.0,68.33333333333331,0.4583333333333333,31.0,2.0,7.0,0.0,1.0,1.0,2.0,0.0,2.0,6.0,2.0,7.0,9.0,0.0,1.0,1.0,3.0,2.30804,121.92150000000004,0.0,1.0,1.0,0.0,0.0,0.0,0.0,0.0,0.0,0.0,1.0,1.0,0.0,1.0,0.0,2.0,1.0,0.0,0.0,0.0,0.0,0.0,0.0,0.0,0.0,0.0,0.0,1.0,0.0,1.0,2.0,0.0,0.0,0.0,2.0,0.0,0.0,0.0,0.0,0.0,0.0,2.0,0.0,0.0,0.0,0.0,0.0,0.0,0.0,0.0,0.0,0.0,0.0,0.0,0.0,1.0,0.0,0.0,0.0,0.0,0.0,0.0,0.0,0.0,3.0,0.0,0.0,0.0,0.0,0.0,1.0,0.0,0.0,0.0,0.0,0.0,0.0,0.0,0.0,0.0,0.0,0.0,0.0,0.0,0.0
CID359,Oc1cc(O)cc(O)c1,1,0.0,0.0,0.0,,0.0,0.0,0.0,1,8.67388888888889,-0.145833333333333,8.67388888888889,0.1458333333333328,0.4815450388236752,126.11099999999996,120.06299999999996,126.031694052,48.0,0.0,0.1224526224117038,-0.5076795477874951,0.5076795477874951,0.1224526224117038,0.6666666666666666,0.8888888888888888,1.1111111111111112,3.165670309917317,169.06517765499825,6.8533711511285205,4.573691594068751,4.573691594068751,4.1815405503520555,2.4028712008188147,2.4028712008188147,1.7076093711337028,1.7076093711337028,0.8872983346207418,0.8872983346207418,0.5795469054258294,0.5795469054258294,-1.38,85.7569381887915,5.751233595800525,1.8538798628179072,1.2528322001978998,51.814104376085,15.319582184522115,17.248535499851716,0.0,0.0,0.0,0.0,0.0,0.0,0.0,0.0,0.0,0.0,18.19910120538483,0.0,15.319582184522115,0.0,0.0,0.0,0.0,0.0,0.0,18.19910120538483,0.0,17.248535499851716,0.0,0.0,17.248535499851716,0.0,15.319582184522115,0.0,0.0,0.0,18.19910120538483,0.0,0.0,0.0,60.69,0.0,0.0,0.0,17.248535499851716,0.0,18.19910120538483,0.0,0.0,0.0,0.0,15.319582184522115,0.0,0.0,0.0,0.0,0.0,0.0,0.0,0.0,0.0,29.000000000000004,0.0,9.0,3.0,3.0,0.0,0.0,0.0,1.0,0.0,1.0,3.0,3.0,3.0,0.0,0.0,0.0,0.0,1.0,0.8033999999999999,31.436399999999995,0.0,0.0,0.0,0.0,0.0,0.0,0.0,3.0,0.0,0.0,0.0,0.0,0.0,0.0,0.0,0.0,0.0,0.0,0.0,0.0,0.0,0.0,0.0,0.0,0.0,0.0,0.0,0.0,0.0,0.0,0.0,0.0,0.0,0.0,1.0,0.0,0.0,0.0,0.0,0.0,0.0,0.0,0.0,0.0,0.0,0.0,0.0,0.0,0.0,0.0,0.0,0.0,0.0,0.0,0.0,0.0,0.0,0.0,0.0,0.0,0.0,0.0,0.0,0.0,0.0,3.0,3.0,0.0,0.0,0.0,0.0,0.0,0.0,0.0,0.0,0.0,0.0,0.0,0.0,0.0,0.0,0.0,0.0,0.0,0.0
CID5904,CC1(C)S[C@@H]2[C@H](NC(=O)Cc3ccccc3)C(=O)N2[C@H]1C(=O)O,1,0.0,0.0,0.0,,0.0,0.0,0.0,1,12.26831884605694,-1.0070258455769816,12.26831884605694,0.2021415186444946,0.7977632704521287,334.39700000000005,316.25300000000004,334.09872805599997,122.0,0.0,0.3273993847026587,-0.4796728023655438,0.4796728023655438,0.3273993847026587,1.3043478260869563,1.9565217391304348,2.5652173913043477,1.66490359617118,661.3038986246087,16.775656403009393,12.853329287558925,13.669825868486653,10.809367635193633,7.371634471739616,8.25128728299451,6.30570597673362,8.076591116106181,4.198926417267647,5.770457012115132,3.151138395146921,4.776534984756248,-2.02,129114.72313101776,15.859752401338886,5.559882097428595,2.692385835603269,137.78076788790858,15.323225729697514,17.45755447126466,0.0,11.814359458703011,0.0,5.969305287951849,9.589074368143644,4.794537184071822,0.0,11.761884949391115,30.33183534230805,19.410925891078243,4.747022453217559,6.4208216229260096,19.490138947056177,29.545549696045978,0.0,10.216698334856808,0.0,42.47287294678948,0.0,35.89528683400505,0.0,0.0,5.316788604006331,0.0,0.0,11.761884949391115,49.994678796828254,20.804433175141472,0.0,19.410925891078243,30.33183534230805,0.0,0.0,0.0,86.71000000000001,22.80000939946533,19.490138947056177,0.0,23.60905389459776,0.0,5.563451491696996,16.66179468024159,0.0,44.179309741689295,5.316788604006331,0.0,0.0,1.4237074305030653,0.0,0.0,0.0,0.0,0.0,0.0,0.0,59.32629256949694,0.4375,23.0,2.0,6.0,0.0,2.0,2.0,1.0,0.0,1.0,4.0,2.0,7.0,4.0,0.0,2.0,2.0,3.0,0.8607999999999998,85.80450000000005,1.0,0.0,0.0,0.0,0.0,0.0,0.0,0.0,1.0,1.0,3.0,2.0,0.0,0.0,0.0,1.0,1.0,0.0,0.0,0.0,0.0,0.0,0.0,0.0,0.0,0.0,0.0,2.0,0.0,0.0,0.0,0.0,0.0,0.0,1.0,0.0,1.0,0.0,0.0,0.0,0.0,0.0,0.0,0.0,0.0,0.0,0.0,0.0,0.0,0.0,0.0,0.0,0.0,1.0,0.0,0.0,0.0,0.0,0.0,0.0,0.0,0.0,0.0,0.0,0.0,0.0,0.0,0.0,0.0,0.0,0.0,0.0,0.0,0.0,0.0,1.0,0.0,0.0,0.0,0.0,0.0,0.0,0.0,0.0,0.0
CID1054,Cc1ncc(CO)c(CO)c1O,0,0.0,0.0,0.0,,0.0,0.0,0.0,0,9.37587962962963,-0.2866203703703704,9.37587962962963,0.0379166666666663,0.5858308475922274,169.18,158.09199999999996,169.073893212,66.0,0.0,0.1421423749862462,-0.5056586544704539,0.5056586544704539,0.1421423749862462,1.3333333333333333,2.0,2.5,3.2532934621839313,285.87661626856533,9.137828201504696,6.7804182135625535,6.7804182135625535,5.701907262607798,3.583649933062156,3.583649933062156,2.5122354485581955,2.5122354485581955,1.7586649133471297,1.7586649133471297,0.9969373943692378,0.9969373943692378,-1.13,518.7457472382732,8.961996320147193,3.511902541144525,1.3914812233214937,70.12857870022134,15.319582184522115,5.749511833283905,0.0,0.0,0.0,0.0,4.9839785209472085,0.0,0.0,0.0,0.0,6.923737199690624,17.323746555007066,18.907691923874296,15.319582184522115,0.0,0.0,4.9839785209472085,0.0,20.137501128716465,0.0,23.017674549855528,0.0,5.749511833283905,0.0,0.0,5.749511833283905,0.0,20.303560705469327,13.213763929025836,6.923737199690624,16.82083097824245,6.196843571613076,0.0,0.0,0.0,73.58000000000001,0.0,5.106527394840706,0.0,18.963275762309745,16.82083097824245,0.0,6.196843571613076,6.923737199690624,0.0,4.9839785209472085,10.213054789681411,0.0,0.0,0.0,0.0,0.0,0.0,0.0,0.0,0.0,34.666666666666664,0.375,12.0,3.0,4.0,0.0,0.0,0.0,0.0,1.0,1.0,4.0,3.0,4.0,2.0,0.0,0.0,0.0,1.0,0.0802199999999998,42.484400000000015,0.0,2.0,2.0,0.0,0.0,1.0,0.0,1.0,0.0,0.0,0.0,0.0,0.0,0.0,0.0,1.0,0.0,0.0,0.0,0.0,0.0,0.0,0.0,0.0,0.0,0.0,0.0,0.0,0.0,0.0,1.0,0.0,0.0,0.0,0.0,0.0,0.0,0.0,0.0,0.0,0.0,0.0,0.0,0.0,0.0,0.0,0.0,0.0,0.0,0.0,0.0,0.0,0.0,0.0,0.0,0.0,0.0,0.0,0.0,0.0,0.0,0.0,0.0,0.0,0.0,0.0,0.0,0.0,0.0,0.0,0.0,0.0,0.0,1.0,0.0,0.0,0.0,0.0,0.0,0.0,0.0,0.0,0.0,0.0,0.0
CID71774,CCOCC(O)COc1ccc(NC(=O)CC[S+](C)C)cc1,1,1.0,0.0,1.0,,1.0,0.0,1.0,1,11.732372529693857,-0.6424109844922024,11.732372529693857,0.029634228982138,0.6412483959598752,328.454,302.24600000000004,328.15770573209,124.0,0.0,0.2286017454110286,-0.4908040560931905,0.4908040560931905,0.2286017454110286,1.2727272727272727,1.9545454545454544,2.5454545454545454,2.344777669655143,436.2768758811831,16.372032720186702,13.50249200923628,14.318988590164006,10.507239053047543,7.336168257271469,9.546511688316548,5.136570121808166,7.516015531579006,2.8321943975557327,3.8528151237153896,1.6492238032598403,2.2428674996730025,-1.2399999999999998,62128.734467280854,18.80816955684008,10.47999054820416,8.263167166039937,134.9046861456534,19.897041906447136,24.213213792291914,0.0,5.907179729351506,0.0,0.0,4.794537184071822,0.0,0.0,0.0,0.0,42.0841862243063,12.29426823919648,25.539241954461737,19.374790486512627,22.489546754804305,0.0,0.0,0.0,19.448525210364934,43.40182647131468,24.26546827384644,0.0,5.749511833283905,10.05365155780638,5.687386274683562,5.749511833283905,0.0,55.20271137924887,20.426380888641106,0.0,13.344558822616634,24.26546827384644,0.0,0.0,0.0,67.78999999999999,6.103966387748303,9.901064578912528,0.0,30.015924409146574,18.777215420722833,11.440239881430353,0.0,24.26546827384644,6.923737199690624,17.82832697102914,9.473725907600098,0.0,0.2774867823112921,0.0,0.0,0.0,0.0,0.0,0.0,0.0,51.278068773244264,0.5625,22.0,2.0,5.0,0.0,0.0,0.0,1.0,0.0,1.0,4.0,2.0,6.0,10.0,0.0,0.0,0.0,1.0,1.6692999999999998,91.76350000000004,0.0,1.0,1.0,0.0,0.0,0.0,0.0,0.0,0.0,0.0,1.0,1.0,0.0,0.0,0.0,0.0,1.0,0.0,0.0,0.0,0.0,0.0,0.0,0.0,0.0,0.0,0.0,1.0,0.0,1.0,0.0,0.0,0.0,0.0,1.0,0.0,0.0,0.0,0.0,0.0,0.0,2.0,0.0,0.0,0.0,0.0,0.0,0.0,0.0,0.0,0.0,0.0,0.0,0.0,0.0,0.0,0.0,0.0,0.0,0.0,0.0,0.0,0.0,0.0,0.0,0.0,0.0,0.0,0.0,0.0,0.0,0.0,0.0,0.0,0.0,0.0,0.0,0.0,0.0,0.0,0.0,0.0,0.0,0.0,0.0
CID10783,Cc1ncsc1CCCl,1,0.0,0.0,0.0,,1.0,0.0,0.0,1,5.5438271604938265,0.6974537037037039,5.5438271604938265,0.6974537037037039,0.6066937916541333,161.65699999999998,153.593,161.006597936,50.0,0.0,0.079706208925984,-0.2497475018241253,0.2497475018241253,0.079706208925984,1.7777777777777777,2.5555555555555554,3.0,2.6886750370858383,184.93847023217103,6.69023444431199,5.2249901905357685,6.797415717481949,4.342535255101096,2.7924467256302856,4.2066220207100296,1.7999285987498754,3.117213122659255,1.1664097678253775,2.350263695253698,0.6519517691788448,1.7342198406871554,-0.08,152.77534093705418,7.032107623318386,3.180475787948315,1.6628135992868716,63.68950694092647,0.0,0.0,0.0,0.0,0.0,0.0,0.0,4.9839785209472085,0.0,22.937725768167255,0.0,13.344558822616634,10.75715063867164,11.20446726846584,0.0,22.937725768167255,0.0,4.9839785209472085,0.0,13.344558822616634,5.880003444970339,16.08161446216714,0.0,0.0,0.0,0.0,0.0,22.937725768167255,10.863981965917548,6.4208216229260096,6.923737199690624,10.57107518854976,5.51053927361738,0.0,0.0,0.0,12.89,0.0,0.0,0.0,0.0,5.880003444970339,12.114749617774471,4.877147193701299,11.336785877934735,12.434276473308003,4.9839785209472085,11.600939890232516,0.0,7.222391975308641,0.0,0.0,0.0,0.0,0.0,0.0,0.0,12.055385802469136,0.5,9.0,0.0,1.0,0.0,0.0,0.0,0.0,1.0,1.0,2.0,0.0,3.0,2.0,0.0,0.0,0.0,1.0,2.23282,41.27500000000002,0.0,0.0,0.0,0.0,0.0,1.0,0.0,0.0,0.0,0.0,0.0,0.0,0.0,0.0,0.0,1.0,0.0,0.0,0.0,0.0,0.0,0.0,0.0,0.0,0.0,1.0,0.0,0.0,0.0,0.0,2.0,0.0,0.0,0.0,0.0,0.0,0.0,0.0,0.0,0.0,0.0,0.0,0.0,0.0,1.0,0.0,0.0,0.0,0.0,0.0,0.0,0.0,0.0,0.0,0.0,0.0,0.0,0.0,0.0,0.0,0.0,0.0,0.0,0.0,0.0,0.0,0.0,0.0,0.0,0.0,0.0,0.0,0.0,0.0,0.0,0.0,0.0,0.0,0.0,0.0,1.0,0.0,0.0,0.0,0.0
CID54766,CN(C)C(=O)Oc1cc(OC(=O)N(C)C)cc(C(O)CNC(C)(C)C)c1,0,1.0,0.0,0.0,,0.0,0.0,1.0,0,11.805169779765288,-0.8712580309901743,11.805169779765288,0.1704389514389062,0.8292335988195222,367.4460000000001,338.21400000000006,367.210721028,146.0,0.0,0.4142039215594684,-0.4100652332855164,0.4142039215594684,0.4100652332855164,1.0,1.4230769230769231,1.7692307692307692,3.095386878137171,597.9540028533095,20.06854962182284,16.49114180630038,16.49114180630038,11.885736470023147,8.251539361859368,8.251539361859368,7.409242738054262,7.409242738054262,3.253503139983654,3.253503139983654,1.8089012951073609,1.8089012951073609,-2.32,217072.45007520172,21.722229729729733,8.863462841680537,7.283005791389329,154.22460642756838,29.696861368148088,11.49902366656781,0.0,0.0,0.0,12.18648014187683,0.0,9.589074368143644,0.0,0.0,0.0,38.46739722769209,46.34073665746629,6.103966387748303,24.169327670584444,12.18648014187683,0.0,15.116608065707286,0.0,32.41410323920352,34.735444336621335,23.762552697081823,0.0,11.49902366656781,14.790514511606428,9.589074368143644,11.49902366656781,0.0,67.36719658742317,0.0,0.0,32.43862947851717,18.19910120538483,0.0,0.0,0.0,91.34,18.290446529625132,14.69560176298435,0.0,23.58270532486373,5.563451491696996,0.0,15.866186530162564,40.32342206763198,20.771211599071872,5.316788604006331,9.473725907600098,0.0,0.0,0.0,0.0,0.0,0.0,0.0,0.0,0.0,65.91666666666667,0.5555555555555556,26.0,2.0,8.0,0.0,0.0,0.0,1.0,0.0,1.0,6.0,2.0,8.0,5.0,0.0,0.0,0.0,1.0,2.228899999999999,98.57950000000004,0.0,1.0,1.0,0.0,0.0,0.0,0.0,0.0,0.0,0.0,2.0,2.0,0.0,1.0,0.0,2.0,1.0,0.0,0.0,0.0,0.0,0.0,0.0,0.0,0.0,0.0,0.0,2.0,0.0,0.0,0.0,0.0,0.0,0.0,1.0,0.0,0.0,0.0,0.0,0.0,0.0,2.0,0.0,0.0,0.0,0.0,0.0,0.0,0.0,0.0,0.0,0.0,0.0,0.0,0.0,0.0,0.0,0.0,0.0,0.0,0.0,0.0,0.0,0.0,0.0,0.0,0.0,0.0,0.0,0.0,0.0,0.0,0.0,0.0,0.0,0.0,0.0,0.0,0.0,0.0,0.0,0.0,0.0,0.0,0.0
CID19675,CC(=O)c1ccc2c(c1)N(CCCN1CCC(CCO)CC1)c1ccccc1S2,1,1.0,1.0,1.0,,1.0,1.0,1.0,1,11.929376792845773,0.1132951892956126,11.929376792845773,0.1132951892956126,0.6525728569553443,410.5830000000001,380.3430000000002,410.2027992,154.0,0.0,0.1593771557525456,-0.3963656970946229,0.3963656970946229,0.1593771557525456,1.0689655172413792,1.827586206896552,2.586206896551724,1.454056301020274,861.7092061976963,20.216967702877938,17.140900551623538,17.957397132551264,14.152198343190411,10.680853873573744,11.49735045450147,8.110966612517192,9.194743569004018,6.132787680861602,7.263056059695528,4.422924288523392,5.499031109886127,-1.8199999999999992,5168560.995015972,20.452681999454565,9.329705668834215,4.681595998277929,177.45467360927358,14.906346856541662,0.0,5.783244946364939,0.0,0.0,0.0,4.794537184071822,0.0,0.0,0.0,29.960986154775945,82.42466722914024,28.50605681315804,11.374772549367124,9.901064578912528,28.919902445123174,0.0,4.899909730850478,5.917906046161393,42.397990642430216,37.6858173190137,48.02802097092827,0.0,0.0,4.899909730850478,11.374772549367124,0.0,11.761884949391115,48.575589660219336,0.0,5.917906046161393,42.96501236716348,52.255536430266815,0.0,0.0,0.0,43.78,0.0,4.794537184071822,0.0,5.783244946364939,12.52478801067431,50.27150663588288,28.31999647157113,18.685622149081738,6.06636706846161,46.19802187247062,5.106527394840706,0.0,1.789218621310106,0.0,0.0,0.0,0.0,0.0,0.0,0.0,57.87744804535656,0.4583333333333333,29.0,1.0,4.0,0.0,2.0,2.0,2.0,0.0,2.0,5.0,1.0,5.0,7.0,0.0,1.0,1.0,4.0,4.976400000000005,119.50130000000004,0.0,1.0,1.0,0.0,0.0,0.0,0.0,0.0,0.0,0.0,1.0,1.0,0.0,0.0,0.0,2.0,0.0,0.0,0.0,0.0,1.0,0.0,0.0,0.0,0.0,0.0,0.0,0.0,0.0,2.0,0.0,0.0,0.0,0.0,2.0,0.0,2.0,0.0,0.0,0.0,0.0,0.0,0.0,0.0,0.0,0.0,0.0,0.0,0.0,0.0,0.0,1.0,1.0,0.0,0.0,0.0,0.0,0.0,0.0,0.0,0.0,0.0,0.0,0.0,1.0,0.0,0.0,0.0,0.0,1.0,0.0,0.0,0.0,0.0,0.0,0.0,0.0,0.0,0.0,0.0,0.0,0.0,0.0,0.0,0.0
CID4507,CCOC(=O)C1=C(C)NC(C)=C(C(=O)OC)C1c1cccc([N+](=O)[O-])c1,1,1.0,0.0,0.0,,1.0,1.0,1.0,1,12.545534297052154,-0.8308796296296299,12.545534297052154,0.1354042002603508,0.4882471812012686,360.366,340.2060000000001,360.13213635999995,138.0,0.0,0.3362394029534943,-0.4655800563752146,0.4655800563752146,0.3362394029534943,1.1923076923076923,1.8076923076923077,2.3461538461538463,2.6992846838316726,824.7251531476122,19.43035694138864,14.990561465417816,14.990561465417816,12.310968167888422,7.996674565423397,7.996674565423397,5.6995111071960185,5.6995111071960185,4.075379088726279,4.075379088726279,3.0052119672434996,3.0052119672434996,-3.1599999999999997,458211.614446228,19.168532498536106,7.814330414517536,3.5842534199841163,150.17864383956768,14.790514511606428,0.0,0.0,0.0,5.687386274683562,11.9386105759037,10.114318268765572,9.589074368143644,0.0,0.0,12.13273413692322,26.334663090768867,23.526812763034886,35.704105660908056,23.98611132456141,17.62599685058726,0.0,5.316788604006331,0.0,26.689117645233267,13.716679505790452,62.48352572055921,0.0,0.0,5.316788604006331,5.687386274683562,0.0,0.0,30.57860113051182,19.06280027574374,10.114318268765572,32.25256913693026,46.80575596009664,0.0,0.0,0.0,107.77,22.779827670882764,19.703392636909214,0.0,23.440477299335015,16.957530117808663,0.0,25.30889874666236,26.83757866753348,0.0,5.316788604006331,9.473725907600098,0.0,0.0,0.0,0.0,0.0,0.0,0.0,0.0,0.0,71.66666666666669,0.3333333333333333,26.0,1.0,8.0,0.0,1.0,1.0,1.0,0.0,1.0,7.0,1.0,8.0,5.0,0.0,0.0,0.0,2.0,2.5657000000000005,93.02210000000004,0.0,0.0,0.0,0.0,0.0,0.0,0.0,0.0,0.0,0.0,2.0,2.0,0.0,0.0,0.0,1.0,1.0,0.0,0.0,0.0,0.0,0.0,0.0,0.0,0.0,0.0,2.0,0.0,0.0,0.0,0.0,0.0,0.0,0.0,1.0,0.0,0.0,0.0,1.0,0.0,2.0,2.0,0.0,0.0,0.0,0.0,0.0,0.0,0.0,0.0,0.0,0.0,0.0,0.0,0.0,1.0,0.0,0.0,1.0,1.0,1.0,0.0,0.0,0.0,0.0,0.0,0.0,0.0,0.0,0.0,0.0,0.0,0.0,0.0,0.0,0.0,0.0,0.0,0.0,0.0,0.0,0.0,0.0,0.0,0.0
CID2148,Nc1ccc(C(=O)NCC(=O)O)cc1,0,0.0,0.0,0.0,,0.0,0.0,0.0,0,11.245159674981103,-1.0751898043167876,11.245159674981103,0.3857046012849585,0.5940584768895217,194.19000000000003,184.10999999999996,194.06914218,74.0,0.0,0.3224805486405294,-0.479930323197097,0.479930323197097,0.3224805486405294,1.2857142857142858,1.8571428571428572,2.357142857142857,2.6082838277210323,345.5796288228963,10.55204176387779,7.357568303562362,7.357568303562362,6.592224152875016,3.9490042090411217,3.9490042090411217,2.6984245469767054,2.6984245469767054,1.5730435041163766,1.5730435041163766,0.8924477949575012,0.8924477949575012,-2.0399999999999996,1264.5966706299876,10.04361204013378,4.268383741308158,2.779864720541118,80.53326029559109,16.156983476009223,6.544756405912575,0.0,0.0,5.907179729351506,5.969305287951849,9.589074368143644,0.0,0.0,0.0,0.0,24.26546827384644,11.250837766380558,0.0,14.69560176298435,17.563871291986917,0.0,5.316788604006331,0.0,0.0,12.27842388307476,29.828919765543436,0.0,0.0,11.050456081168516,5.687386274683562,0.0,0.0,23.527768818056636,4.794537184071822,0.0,10.357988675768818,24.26546827384644,0.0,0.0,0.0,92.42,11.876485017303356,9.589074368143644,0.0,6.544756405912575,11.250837766380558,0.0,12.13273413692322,12.13273413692322,0.0,5.316788604006331,10.84019487200289,0.0,0.0,0.0,0.0,0.0,0.0,0.0,0.0,0.0,42.666666666666664,0.1111111111111111,14.0,4.0,5.0,0.0,0.0,0.0,1.0,0.0,1.0,3.0,3.0,5.0,3.0,0.0,0.0,0.0,1.0,0.0831999999999996,50.82340000000001,1.0,0.0,0.0,1.0,0.0,0.0,0.0,0.0,1.0,1.0,2.0,1.0,0.0,0.0,0.0,0.0,1.0,1.0,0.0,0.0,0.0,0.0,0.0,0.0,0.0,0.0,0.0,1.0,0.0,1.0,0.0,0.0,0.0,0.0,1.0,0.0,0.0,0.0,0.0,0.0,0.0,0.0,0.0,0.0,0.0,0.0,0.0,0.0,0.0,0.0,0.0,0.0,0.0,0.0,0.0,0.0,0.0,0.0,0.0,0.0,0.0,0.0,0.0,0.0,0.0,0.0,0.0,0.0,0.0,0.0,0.0,0.0,0.0,0.0,0.0,0.0,0.0,0.0,0.0,0.0,0.0,0.0,0.0,0.0,0.0
CID38853,C[C@](N)(Cc1ccc(O)c(O)c1)C(=O)O,1,0.0,0.0,0.0,,0.0,0.0,0.0,1,10.74038281053162,-1.385503590325019,10.74038281053162,0.0795370370370371,0.5430485662212737,211.217,198.11299999999991,211.084457896,82.0,0.0,0.3232284756062487,-0.5042598930766835,0.5042598930766835,0.3232284756062487,1.4,2.0,2.466666666666667,2.905062365401662,387.0088201517134,11.637828201504696,8.266396934908789,8.266396934908789,6.826204387599239,4.3587603259758145,4.3587603259758145,3.7224628725724047,3.7224628725724047,2.0997428761934516,2.0997428761934516,1.17862278728539,1.17862278728539,-1.75,1479.5175837673976,11.325471698113208,3.780864197530864,2.5997033202878423,86.77528563072794,21.0532496616843,5.538925252383345,11.49902366656781,0.0,0.0,5.969305287951849,4.794537184071822,0.0,0.0,0.0,6.06636706846161,24.61992282831084,6.4208216229260096,0.0,20.11411936859394,5.969305287951849,0.0,0.0,5.733667477162185,18.883484074999977,0.0,23.762552697081823,0.0,11.49902366656781,5.733667477162185,0.0,11.49902366656781,0.0,26.82781272485731,11.21535880699783,0.0,12.48718869138762,18.19910120538483,0.0,0.0,0.0,103.78000000000002,11.508230540335196,9.901064578912528,0.0,17.919845289493818,5.563451491696996,0.0,25.122838405075452,0.0,0.0,0.0,15.946722266843596,0.0,0.0,0.0,0.0,0.0,0.0,0.0,0.0,0.0,46.41666666666667,0.3,15.0,5.0,5.0,0.0,0.0,0.0,1.0,0.0,1.0,4.0,4.0,5.0,3.0,0.0,0.0,0.0,1.0,0.4423000000000001,53.703800000000015,1.0,0.0,0.0,0.0,0.0,0.0,0.0,2.0,1.0,1.0,1.0,0.0,0.0,0.0,0.0,0.0,0.0,1.0,0.0,0.0,0.0,0.0,0.0,0.0,0.0,0.0,0.0,0.0,0.0,0.0,0.0,0.0,0.0,0.0,1.0,0.0,0.0,0.0,0.0,0.0,0.0,0.0,0.0,0.0,0.0,0.0,0.0,0.0,0.0,0.0,0.0,0.0,0.0,0.0,0.0,0.0,0.0,0.0,0.0,0.0,0.0,0.0,0.0,0.0,0.0,2.0,2.0,0.0,0.0,0.0,0.0,0.0,0.0,0.0,0.0,0.0,0.0,0.0,0.0,0.0,0.0,0.0,0.0,0.0,0.0
CID3752,Nc1nc(N)nc(-c2cc(Cl)ccc2Cl)n1,1,0.0,0.0,0.0,,0.0,0.0,0.0,1,5.994741748551272,0.040316830435878,5.994741748551272,0.040316830435878,0.8138095128696988,256.096,249.04,255.007850584,82.0,0.0,0.2248755134653824,-0.3676286032874257,0.3676286032874257,0.2248755134653824,0.9375,1.5625,2.1875,2.6175512223300976,523.1677085952953,11.706742302257044,7.984321078466458,9.496178970503369,7.558550648063801,4.2849894004113125,5.040918346429767,2.9995829966651915,3.8432189038777818,1.8393125234289935,2.403997847256777,1.1986748830131055,1.5728418838326943,-1.5899999999999992,4025.0279124256544,10.912299045640236,4.112336342245376,2.1504284607073987,101.4337551161893,11.46733495432437,0.0,5.824404497999927,11.896678561972989,0.0,0.0,0.0,0.0,14.951935562841626,0.0,23.20187978046503,18.19910120538483,10.586084805438322,5.022633313741326,0.0,35.09855834243802,0.0,14.951935562841626,0.0,0.0,11.46733495432437,28.24436783286748,0.0,11.387855989696924,11.46733495432437,11.896678561972989,0.0,23.20187978046503,14.951935562841626,0.0,0.0,0.0,18.19910120538483,10.045266627482652,11.387855989696924,0.0,90.71,0.0,0.0,0.0,11.896678561972989,21.433122617179578,0.0,0.0,18.19910120538483,0.0,14.951935562841626,34.6692147347894,0.0,11.848712522045854,0.0,0.0,0.0,0.0,0.0,0.0,0.0,29.373509700176367,0.0,16.0,4.0,5.0,0.0,0.0,0.0,1.0,1.0,2.0,5.0,2.0,7.0,1.0,0.0,0.0,0.0,2.0,2.0098,64.1078,0.0,0.0,0.0,2.0,0.0,3.0,0.0,0.0,0.0,0.0,0.0,0.0,0.0,0.0,0.0,3.0,0.0,2.0,0.0,0.0,0.0,0.0,0.0,0.0,0.0,0.0,0.0,0.0,0.0,2.0,0.0,0.0,0.0,0.0,1.0,0.0,0.0,0.0,0.0,0.0,0.0,0.0,0.0,0.0,2.0,0.0,0.0,0.0,0.0,0.0,0.0,0.0,0.0,0.0,0.0,0.0,0.0,0.0,0.0,0.0,0.0,0.0,0.0,0.0,0.0,0.0,0.0,0.0,0.0,0.0,0.0,0.0,0.0,0.0,0.0,0.0,0.0,0.0,0.0,0.0,0.0,0.0,0.0,0.0,0.0
CID441397,CCOC(=O)OC(C)OC(=O)[C@@H]1N2C(=O)[C@@H](NC(=O)[C@H](N)c3ccccc3)[C@H]2SC1(C)C,1,0.0,0.0,0.0,,0.0,0.0,0.0,1,12.833096557506282,-1.183195317202942,12.833096557506282,0.1218190803205843,0.3465790612399167,465.5280000000002,438.31200000000024,465.15697120400006,174.0,0.0,0.5108556822196274,-0.4345043532470367,0.5108556822196274,0.4345043532470367,1.21875,1.875,2.5,1.634197955380288,894.6392839099773,23.629027554137902,18.271159661483296,19.087656242411025,15.062586492817688,10.21263778201579,11.092290593270684,7.939902113522006,9.710787252894564,5.209690446221464,6.781221041068943,3.720698044928432,5.341502529300755,-2.789999999999999,8328829.125161106,23.864381985744064,9.371134449945153,4.678331618030376,189.6532931932727,30.16095467341914,23.499395300412623,0.0,18.104386188038223,0.0,12.124670917490608,9.589074368143644,9.589074368143644,0.0,11.761884949391115,30.33183534230805,26.334663090768867,11.670759652908185,6.606881964512918,33.38873759768743,35.70091532558473,0.0,10.216698334856808,5.733667477162185,62.23139328172789,6.606881964512918,35.89528683400505,0.0,0.0,11.050456081168516,4.794537184071822,0.0,11.761884949391115,63.940425725374446,28.59420041361561,0.0,39.30024111960745,30.33183534230805,0.0,0.0,0.0,137.26000000000002,58.475474859159014,19.178148736287287,0.0,6.606881964512918,5.563451491696996,0.0,23.58553187993222,45.03667987291831,6.06636706846161,10.05365155780638,15.207393384762284,0.0,1.3807912455743443,0.0,0.0,0.0,0.0,0.0,0.0,0.0,83.202542087759,0.5238095238095238,32.0,3.0,10.0,0.0,2.0,2.0,1.0,0.0,1.0,9.0,2.0,11.0,7.0,0.0,2.0,2.0,3.0,1.2958000000000012,115.05410000000002,0.0,0.0,0.0,0.0,0.0,0.0,0.0,0.0,0.0,0.0,4.0,4.0,0.0,0.0,0.0,1.0,1.0,1.0,0.0,0.0,0.0,0.0,0.0,0.0,0.0,0.0,0.0,2.0,0.0,0.0,0.0,0.0,0.0,0.0,1.0,0.0,1.0,0.0,0.0,0.0,1.0,3.0,0.0,0.0,0.0,0.0,0.0,0.0,0.0,0.0,0.0,0.0,0.0,1.0,0.0,0.0,0.0,0.0,0.0,0.0,0.0,0.0,0.0,0.0,0.0,0.0,0.0,0.0,0.0,0.0,0.0,0.0,0.0,0.0,0.0,1.0,0.0,0.0,0.0,0.0,0.0,0.0,0.0,0.0,0.0
CID439213,N[C@H]1C(O)O[C@H](CO)[C@@H](O)[C@@H]1O,1,0.0,0.0,0.0,,0.0,0.0,0.0,1,9.199537037037038,-1.3467129629629626,9.199537037037038,0.4702314814814812,0.2884398980046361,179.17200000000005,166.06799999999998,179.079372516,72.0,0.0,0.1725009303283749,-0.3935665301280517,0.3935665301280517,0.1725009303283749,1.1666666666666667,1.75,2.25,2.6344089870615983,150.1189836302382,9.300964908321223,6.368311068787999,6.368311068787999,5.5745860626699715,3.6371439131798833,3.6371439131798833,2.806207099849354,2.806207099849354,1.9486129223243305,1.9486129223243305,1.1176183252659695,1.1176183252659695,-0.24,454.5175035427365,9.845034013605442,3.648916103234773,1.5817587586505184,69.18850138158699,30.89664001032505,18.31189916324491,6.290026729335213,0.0,0.0,0.0,0.0,0.0,0.0,0.0,0.0,0.0,0.0,12.64872279366088,25.162972533162872,0.0,0.0,0.0,5.733667477162185,30.64376672172808,6.606881964512918,0.0,0.0,0.0,5.733667477162185,0.0,0.0,0.0,57.676758265603816,4.736862953800049,0.0,0.0,0.0,0.0,0.0,0.0,116.17000000000002,37.250648686241,10.213054789681411,0.0,0.0,0.0,0.0,0.0,0.0,0.0,0.0,20.683585220643643,0.0,0.0,0.0,0.0,0.0,0.0,0.0,0.0,0.0,39.666666666666664,1.0,12.0,6.0,6.0,0.0,1.0,1.0,0.0,0.0,0.0,6.0,5.0,6.0,1.0,0.0,1.0,1.0,1.0,-3.254999999999999,37.954600000000006,0.0,4.0,4.0,0.0,0.0,0.0,0.0,0.0,0.0,0.0,0.0,0.0,0.0,0.0,0.0,0.0,0.0,1.0,0.0,0.0,0.0,0.0,0.0,0.0,0.0,0.0,0.0,0.0,0.0,0.0,0.0,0.0,0.0,0.0,0.0,0.0,0.0,0.0,0.0,0.0,0.0,1.0,0.0,0.0,0.0,0.0,0.0,0.0,0.0,0.0,0.0,0.0,0.0,0.0,0.0,0.0,0.0,0.0,0.0,0.0,0.0,0.0,0.0,0.0,0.0,0.0,0.0,0.0,0.0,0.0,0.0,0.0,0.0,0.0,0.0,0.0,0.0,0.0,0.0,0.0,0.0,0.0,0.0,0.0,0.0
CID60021,CC1CN(c2cc3c(cc2F)c(=O)c(C(=O)O)cn3-c2ccc(F)cc2F)CCN1,1,0.0,0.0,1.0,,0.0,0.0,0.0,1,14.92902588813303,-1.5290886797786143,14.92902588813303,0.1110826284906367,0.6857014799619972,417.38700000000006,399.2430000000001,417.1300260960001,156.0,0.0,0.3407372159868891,-0.4774968609285334,0.4774968609285334,0.3407372159868891,1.1333333333333333,1.8666666666666667,2.533333333333333,2.0279812495927394,1225.5677522906246,21.57662131133061,15.954803014342309,15.954803014342309,14.256927950821469,9.319513242286682,9.319513242286682,7.264743061801724,7.264743061801724,5.181261324613891,5.181261324613891,3.7560860106266514,3.7560860106266514,-3.329999999999999,5109162.131874429,19.96363681316865,7.490350570483342,3.409541379840874,168.70718287256213,19.890325377488868,23.01511401483468,0.0,5.428790391900541,0.0,5.969305287951849,4.794537184071822,17.96578232709628,0.0,0.0,0.0,31.18920547353706,43.32554490142516,16.891473266983386,23.07230972193699,22.559616494716472,0.0,9.883888251797686,0.0,12.965578028838586,24.53417894858821,69.76712050472815,0.0,5.687386274683562,15.64548872675735,18.858631417708025,0.0,0.0,41.31904237746959,0.0,17.451662523137685,17.28172587545944,41.32321609799295,0.0,16.590311206764618,0.0,74.57,34.41320969468707,27.86684690600881,0.0,28.319538310596144,25.700636286199337,28.96304442478926,6.06636706846161,4.899909730850478,6.923737199690624,5.316788604006331,0.0,0.0,0.0,0.0,0.0,0.0,0.0,0.0,0.0,43.96517811540049,43.0348218845995,0.238095238095238,30.0,2.0,6.0,0.0,1.0,1.0,2.0,1.0,3.0,5.0,2.0,9.0,3.0,0.0,1.0,1.0,4.0,2.904300000000001,106.05600000000004,0.0,0.0,0.0,0.0,1.0,1.0,0.0,0.0,1.0,1.0,1.0,0.0,0.0,0.0,0.0,2.0,1.0,0.0,0.0,0.0,0.0,0.0,0.0,0.0,0.0,0.0,0.0,0.0,0.0,1.0,0.0,0.0,0.0,0.0,2.0,0.0,1.0,0.0,0.0,0.0,0.0,0.0,0.0,0.0,3.0,0.0,0.0,0.0,0.0,0.0,0.0,0.0,0.0,0.0,0.0,0.0,0.0,0.0,0.0,0.0,0.0,0.0,0.0,0.0,0.0,0.0,0.0,0.0,0.0,0.0,1.0,0.0,0.0,1.0,0.0,0.0,0.0,0.0,0.0,0.0,0.0,0.0,0.0,0.0,0.0
CID4912,CC(C)(Sc1cc(C(C)(C)C)c(O)c(C(C)(C)C)c1)Sc1cc(C(C)(C)C)c(O)c(C(C)(C)C)c1,0,1.0,0.0,0.0,,0.0,1.0,1.0,0,11.119363248421031,-0.1641250944822374,11.119363248421031,0.1546468755661121,0.3131966868527805,516.8570000000003,468.4730000000003,516.309572776,196.0,0.0,0.1226011832945516,-0.5073396454701924,0.5073396454701924,0.1226011832945516,0.4285714285714285,0.6285714285714286,0.8,2.5663884762528664,913.6082582149352,27.36144284063629,24.520324848686144,26.1533180105416,15.432324095917016,12.573111253186187,14.20610441504164,14.337956316686189,17.98867347725423,6.126201376772017,8.55217366594847,4.209136666085344,6.795519514440124,-1.2599999999999998,7180431.040803116,29.966967730345903,9.559267957026048,7.381438594853741,223.25708505421903,10.213054789681411,11.49902366656781,0.0,0.0,0.0,0.0,0.0,0.0,0.0,23.52376989878223,83.08484639628746,59.7729045508148,32.04477291782353,4.07905443703834,10.213054789681411,23.52376989878223,0.0,0.0,0.0,132.46230406132975,0.0,46.519274240634424,0.0,11.49902366656781,0.0,0.0,11.49902366656781,23.52376989878223,14.29210922671975,21.65996187758712,0.0,119.18612676245668,34.05643522488199,0.0,0.0,0.0,40.46,0.0,10.213054789681411,0.0,25.73901631462546,11.49902366656781,22.253805966787983,9.79096695103555,0.0,23.52376989878223,121.19778906951515,0.0,0.0,3.660463435374149,0.0,0.0,0.0,0.0,0.0,0.0,-0.1641250944822374,67.75366165910806,0.6129032258064516,35.0,2.0,2.0,0.0,0.0,0.0,2.0,0.0,2.0,4.0,2.0,4.0,4.0,0.0,0.0,0.0,2.0,9.908299999999995,156.80659999999972,0.0,0.0,0.0,0.0,0.0,0.0,0.0,2.0,0.0,0.0,0.0,0.0,0.0,0.0,0.0,0.0,0.0,0.0,0.0,0.0,0.0,0.0,0.0,0.0,0.0,0.0,0.0,0.0,0.0,0.0,0.0,0.0,0.0,0.0,2.0,0.0,0.0,0.0,0.0,0.0,0.0,0.0,0.0,0.0,0.0,0.0,0.0,0.0,0.0,0.0,0.0,0.0,0.0,0.0,0.0,0.0,0.0,0.0,0.0,0.0,0.0,0.0,0.0,0.0,0.0,2.0,2.0,0.0,0.0,0.0,0.0,0.0,0.0,0.0,0.0,2.0,0.0,0.0,0.0,0.0,0.0,0.0,0.0,0.0,0.0
CID441278,CC(C)=CCN1CC[C@@]2(C)c3cc(O)ccc3C[C@@H]1[C@@H]2C,0,1.0,1.0,1.0,,1.0,1.0,1.0,0,9.865260895910248,0.2068090986394559,9.865260895910248,0.2068090986394559,0.8335259245753123,285.43100000000004,258.215,285.209264484,114.0,0.0,0.1153915876130273,-0.5079556583697896,0.5079556583697896,0.1153915876130273,1.4285714285714286,2.1904761904761907,2.9047619047619047,1.9568456537174728,572.9291275715217,15.198306133819765,13.686955930883864,13.686955930883864,9.914539350716174,8.11393232507026,8.11393232507026,7.345474424463402,7.345474424463402,5.841357075504468,5.841357075504468,4.2219469040580835,4.2219469040580835,-1.2799999999999998,53884.30012603369,14.648695705259302,5.1696143665860355,2.3975778757740662,128.02845268980954,5.106527394840706,5.749511833283905,0.0,0.0,0.0,0.0,4.899909730850478,0.0,0.0,0.0,31.562966104746007,67.82640768702122,12.586597235060536,0.0,5.106527394840706,0.0,0.0,4.899909730850478,5.917906046161393,51.99342334315925,13.08951281182515,40.97512882568197,0.0,5.749511833283905,0.0,0.0,5.749511833283905,0.0,29.1377907666643,11.83581209232279,5.917906046161393,45.2426734050825,29.848225842287977,0.0,0.0,0.0,23.47,0.0,5.106527394840706,0.0,5.41499046939678,17.70925870859326,19.51033443475116,23.12082913638927,0.0,12.13273413692322,44.73724570490846,0.0,0.0,0.0,0.0,0.0,0.0,0.0,0.0,0.0,0.0,40.58333333333333,0.5789473684210527,21.0,1.0,2.0,1.0,1.0,2.0,1.0,0.0,1.0,2.0,1.0,2.0,2.0,0.0,1.0,1.0,3.0,3.8826000000000023,87.73580000000005,0.0,0.0,0.0,0.0,0.0,0.0,0.0,1.0,0.0,0.0,0.0,0.0,0.0,0.0,0.0,1.0,0.0,0.0,0.0,0.0,1.0,0.0,0.0,0.0,0.0,0.0,1.0,0.0,0.0,0.0,0.0,0.0,0.0,0.0,1.0,0.0,4.0,0.0,0.0,0.0,0.0,0.0,0.0,0.0,0.0,0.0,0.0,0.0,0.0,0.0,0.0,0.0,0.0,0.0,0.0,0.0,0.0,0.0,0.0,0.0,0.0,0.0,0.0,0.0,0.0,1.0,1.0,0.0,0.0,1.0,0.0,0.0,0.0,0.0,0.0,0.0,0.0,0.0,0.0,0.0,0.0,0.0,0.0,0.0,0.0
CID5319,Nc1ccc(S(=O)(=O)NC(=O)c2ccccc2)cc1,0,0.0,0.0,0.0,,0.0,0.0,0.0,0,11.9544496409675,-3.8795162509448216,11.9544496409675,0.0083508125472406,0.828903233575629,276.317,264.22099999999995,276.056863244,98.0,0.0,0.2644971211957367,-0.3987277171274376,0.3987277171274376,0.2644971211957367,0.9473684210526316,1.5263157894736843,2.1052631578947367,2.2268919853722347,679.5880857015134,13.880468888623982,9.906495853751712,10.72299243467944,8.988000430147714,5.466431711192819,6.94959495878721,3.869684003054463,5.552086244463978,2.4534407577316495,3.8003328697947576,1.4763950271587123,2.4505574548043203,-2.3399999999999994,18853.685728991604,13.10017550587478,5.11147680350212,3.1084855679933825,110.66549031303724,5.733667477162185,0.0,0.0,0.0,15.930470882759089,0.0,4.794537184071822,13.139891848781026,0.0,0.0,18.19910120538483,36.39820241076966,11.250837766380558,4.895483475517775,13.212334168400758,21.61785715744265,0.0,4.722094864452088,0.0,4.895483475517775,5.733667477162185,60.160755107851486,0.0,0.0,10.455762341614273,5.687386274683562,0.0,0.0,14.324976713680442,10.023291153407584,0.0,10.357988675768818,59.49278709167226,0.0,0.0,0.0,89.25999999999999,15.930470882759089,13.212334168400758,0.0,10.45893496721477,5.687386274683562,0.0,36.39820241076966,18.19910120538483,4.722094864452088,0.0,5.733667477162185,0.0,-3.8795162509448216,0.0,0.0,0.0,0.0,0.0,0.0,23.908899281935,33.05395030234316,0.0,19.0,3.0,5.0,0.0,0.0,0.0,2.0,0.0,2.0,4.0,2.0,6.0,3.0,0.0,0.0,0.0,2.0,1.3875,71.94840000000002,0.0,0.0,0.0,1.0,0.0,0.0,0.0,0.0,0.0,0.0,1.0,1.0,0.0,0.0,0.0,0.0,1.0,1.0,0.0,0.0,0.0,0.0,0.0,0.0,0.0,0.0,0.0,1.0,0.0,1.0,0.0,0.0,0.0,0.0,2.0,0.0,0.0,0.0,0.0,0.0,0.0,0.0,0.0,0.0,0.0,0.0,0.0,0.0,0.0,0.0,0.0,0.0,0.0,0.0,0.0,0.0,0.0,0.0,0.0,0.0,0.0,0.0,0.0,0.0,0.0,0.0,0.0,0.0,0.0,0.0,0.0,0.0,0.0,0.0,0.0,0.0,1.0,0.0,0.0,0.0,0.0,0.0,0.0,0.0,0.0
CID10836,CN[C@@H](C)Cc1ccccc1,0,0.0,0.0,1.0,,1.0,0.0,1.0,0,3.213398526077097,0.567037037037037,3.213398526077097,0.567037037037037,0.6911085509284692,149.237,134.11699999999996,149.12044948,60.0,0.0,0.0076097294978345,-0.3169460986644322,0.3169460986644322,0.0076097294978345,1.2727272727272727,1.9090909090909092,2.4545454545454546,2.508120077819107,193.2875676035994,8.104448006685086,7.171208396324304,7.171208396324304,5.325698502695489,4.038510687364536,4.038510687364536,2.8794454097708417,2.8794454097708417,1.8775124201476467,1.8775124201476467,1.0697087978728848,1.0697087978728848,-0.8200000000000001,370.93558073874095,8.278231827111984,4.140518333373778,2.7243365010212277,68.44103376069144,5.316788604006331,0.0,0.0,0.0,0.0,0.0,0.0,0.0,0.0,0.0,30.33183534230805,25.95568229699082,6.041840829147961,0.0,0.0,0.0,0.0,5.316788604006331,0.0,19.386399651764595,7.04767198267719,35.89528683400505,0.0,0.0,5.316788604006331,0.0,0.0,0.0,13.08951281182515,6.4208216229260096,0.0,12.48718869138762,30.33183534230805,0.0,0.0,0.0,12.03,0.0,0.0,0.0,0.0,6.041840829147961,6.4208216229260096,5.563451491696996,0.0,13.1140390511388,36.50599407754339,0.0,0.0,0.0,0.0,0.0,0.0,0.0,0.0,0.0,0.0,21.0,0.4,11.0,1.0,1.0,0.0,0.0,0.0,1.0,0.0,1.0,1.0,1.0,1.0,3.0,0.0,0.0,0.0,1.0,1.837,48.66770000000003,0.0,0.0,0.0,0.0,0.0,0.0,0.0,0.0,0.0,0.0,0.0,0.0,0.0,0.0,0.0,0.0,1.0,0.0,0.0,1.0,0.0,0.0,0.0,0.0,0.0,0.0,0.0,0.0,0.0,0.0,0.0,0.0,0.0,0.0,1.0,0.0,0.0,0.0,0.0,0.0,0.0,0.0,0.0,0.0,0.0,0.0,0.0,0.0,0.0,0.0,0.0,0.0,0.0,0.0,0.0,0.0,0.0,0.0,0.0,0.0,0.0,0.0,0.0,0.0,0.0,0.0,0.0,0.0,0.0,0.0,0.0,0.0,0.0,0.0,0.0,0.0,0.0,0.0,0.0,0.0,0.0,0.0,0.0,0.0,0.0
CID43708,CN(C)CCn1nnnc1SCC1=C(C(=O)O)N2C(=O)[C@@H](NC(=O)Cc3csc(N)n3)[C@H]2SC1,1,0.0,0.0,0.0,,0.0,0.0,0.0,1,12.803379449965988,-1.1766902668372732,12.803379449965988,0.0009168947592499,0.2645611350751283,525.6420000000002,502.45800000000025,525.103513216,182.0,0.0,0.3521585022061427,-0.4765606782786951,0.4765606782786951,0.3521585022061427,1.411764705882353,2.2058823529411766,2.8823529411764706,1.4063838248629354,1131.6104251161794,24.405048436076797,18.372133489474084,20.821623232257263,16.240091198415858,10.171952147256604,13.085958308145644,7.8427151803709805,10.77988729383426,5.111047215821568,8.216784015482059,3.4737035873114226,6.424880917851379,-2.69,40570993.73299451,24.435065315206444,10.287478452912158,5.184852142726712,206.6743097189774,21.0568932068597,17.11275295517253,5.131558479839333,11.063616211172214,5.907179729351506,5.969305287951849,14.48898409899412,14.460318640164214,0.0,28.197352635626892,11.761884949391115,30.095218686733386,23.430526389872067,18.659506023687047,19.49013894705617,57.77577900321116,0.0,40.30784152141046,0.0,29.53772815277599,37.87947506192272,22.34413460843948,0.0,0.0,11.050456081168516,5.131558479839333,0.0,34.86055577671697,101.44276628577693,27.34918958105405,0.0,5.693927994848461,21.80664309541172,0.0,0.0,0.0,172.45999999999998,23.29219865942006,19.49013894705617,0.0,18.02504066533335,39.60549110598392,6.544756405912575,39.760465507567446,10.0618657056111,18.99525369620486,25.82621912456431,5.733667477162185,0.0,3.979229159038936,0.0,0.0,0.0,0.0,0.0,0.0,1.6674076948427945,80.85336314611827,0.5,34.0,4.0,13.0,0.0,2.0,2.0,0.0,2.0,2.0,13.0,3.0,16.0,10.0,0.0,1.0,1.0,4.0,-0.653199999999996,127.00990000000002,1.0,0.0,0.0,1.0,0.0,5.0,0.0,0.0,1.0,1.0,3.0,2.0,0.0,0.0,0.0,7.0,1.0,1.0,0.0,1.0,0.0,0.0,0.0,0.0,0.0,0.0,0.0,2.0,0.0,1.0,0.0,0.0,0.0,0.0,0.0,0.0,1.0,0.0,0.0,0.0,0.0,0.0,0.0,0.0,0.0,0.0,0.0,0.0,0.0,0.0,0.0,0.0,0.0,1.0,0.0,0.0,0.0,0.0,0.0,0.0,0.0,0.0,0.0,0.0,0.0,0.0,0.0,0.0,0.0,0.0,0.0,0.0,0.0,0.0,0.0,2.0,0.0,0.0,0.0,1.0,1.0,0.0,0.0,0.0,0.0
CID2910,NS(=O)(=O)c1cc2c(cc1Cl)NC(C1CC3C=CC1C3)NS2(=O)=O,1,0.0,0.0,0.0,,1.0,0.0,0.0,1,12.588979119425549,-4.114345072491042,12.588979119425549,0.1042236447047948,0.6571692284800612,389.8860000000001,373.7580000000001,389.0270756719999,130.0,0.0,0.2438994883989603,-0.3675273005089573,0.3675273005089573,0.2438994883989603,1.2083333333333333,1.9583333333333333,2.5416666666666665,1.7594575057214996,958.476803347587,17.275656403009393,12.437820200872135,14.82674230874604,11.148815038336078,7.485434235353587,10.892881433878769,6.511188670915493,10.130635981369622,4.981655625114135,7.838262531587178,3.9164983297451426,6.4655766618050325,-1.13,315047.0038305497,16.34447116346503,5.183065702402646,2.5477201783849344,144.90827661783854,5.316788604006331,9.79096695103555,0.0,20.046582306815168,0.0,0.0,0.0,21.974567706265816,4.722094864452088,0.0,23.75298010390028,36.81018947509803,5.917906046161393,16.875795200559416,16.835593968657875,37.33490847173125,0.0,4.722094864452088,22.892691876092123,28.798385809022097,5.316788604006331,29.307407664332302,0.0,0.0,15.17785720606636,5.687386274683562,0.0,11.600939890232516,23.001369580792403,20.046582306815168,17.75371813848418,12.84164324585202,34.07574130162653,5.022633313741326,0.0,0.0,118.36,31.10784139446747,16.835593968657875,0.0,15.836022835420495,17.52319836700635,18.90801031431363,6.06636706846161,0.0,0.0,22.190923682126183,16.73991362784046,0.0,-1.990805531674716,0.0,0.0,0.0,0.0,0.0,0.0,48.29952383728718,19.635726138831973,0.4285714285714285,24.0,4.0,7.0,2.0,1.0,3.0,1.0,0.0,1.0,5.0,3.0,10.0,2.0,1.0,0.0,1.0,4.0,1.2295000000000005,89.40140000000002,0.0,0.0,0.0,0.0,0.0,0.0,0.0,0.0,0.0,0.0,0.0,0.0,0.0,0.0,0.0,0.0,2.0,1.0,0.0,0.0,0.0,0.0,0.0,0.0,0.0,0.0,2.0,0.0,0.0,1.0,0.0,0.0,0.0,0.0,1.0,0.0,3.0,0.0,0.0,0.0,0.0,0.0,0.0,0.0,1.0,0.0,0.0,0.0,0.0,0.0,0.0,0.0,0.0,0.0,0.0,0.0,0.0,0.0,0.0,0.0,0.0,0.0,0.0,0.0,0.0,0.0,0.0,0.0,0.0,0.0,0.0,0.0,0.0,0.0,0.0,0.0,2.0,0.0,0.0,0.0,0.0,0.0,0.0,0.0,0.0
CID40326,CC1(C)C(C=C(Cl)Cl)C1C(=O)OCc1cccc(Oc2ccccc2)c1,0,1.0,1.0,1.0,,1.0,1.0,1.0,0,12.39322393543939,-0.235912837229576,12.39322393543939,0.0071743385595504,0.5573177512168599,391.2940000000001,371.1340000000002,390.07894986,136.0,0.0,0.3099576442525119,-0.4605632650776904,0.4605632650776904,0.3099576442525119,1.0769230769230769,1.7692307692307692,2.4615384615384617,1.5921835455133286,811.0157196010404,18.733840039752497,14.615983828872103,16.12784172090901,12.375047228991528,8.390107591739834,9.14603653775829,6.951364862149197,7.959229214049754,4.728612802172711,4.980589117512197,3.142277299552349,3.4137440507127534,-1.9699999999999993,860306.3725889312,18.81019555142571,7.728056373419576,4.404971318880294,163.07268718223784,9.473725907600098,22.597373805238657,0.0,0.0,0.0,5.969305287951849,4.794537184071822,0.0,0.0,0.0,67.38118952215433,47.23783638793549,0.0,5.917906046161393,14.26826309167192,29.17118506841688,0.0,0.0,17.250802561719567,20.454356363894167,0.0,70.7282433888433,0.0,11.49902366656781,4.736862953800049,0.0,11.49902366656781,23.20187978046503,5.969305287951849,16.13828210238479,17.250802561719567,19.410925891078243,65.1647918971463,0.0,0.0,0.0,35.53,0.0,4.794537184071822,0.0,34.31845798834225,5.749511833283905,11.3129633249809,0.0,6.076020106833881,68.44477801553573,0.0,32.67560568806513,0.0,11.454854986201845,0.0,0.0,0.0,0.0,0.0,0.0,0.184386030653999,48.33298120536637,0.2857142857142857,26.0,0.0,3.0,1.0,0.0,1.0,2.0,0.0,2.0,3.0,0.0,5.0,6.0,1.0,0.0,1.0,3.0,6.113300000000004,103.30400000000002,0.0,0.0,0.0,0.0,0.0,0.0,0.0,0.0,0.0,0.0,1.0,1.0,0.0,0.0,0.0,0.0,0.0,0.0,0.0,0.0,0.0,0.0,0.0,0.0,0.0,0.0,1.0,0.0,0.0,0.0,0.0,0.0,0.0,0.0,2.0,0.0,0.0,0.0,0.0,0.0,1.0,2.0,0.0,0.0,2.0,0.0,0.0,0.0,0.0,0.0,0.0,0.0,0.0,0.0,0.0,0.0,0.0,0.0,0.0,0.0,0.0,0.0,0.0,0.0,1.0,0.0,0.0,0.0,0.0,0.0,0.0,0.0,0.0,0.0,0.0,0.0,0.0,0.0,0.0,0.0,0.0,0.0,0.0,0.0,0.0
CID5749,CC[N+](C)(CC)CCOC(=O)C(O)(c1ccccc1)C1CCCCC1,0,1.0,0.0,0.0,,0.0,1.0,1.0,0,12.948038548752836,-1.5242949263038548,12.948038548752836,0.0607650436717903,0.5777859217395951,348.50700000000023,314.235,348.25332036809,140.0,0.0,0.3428463715455201,-0.4572870267491523,0.4572870267491523,0.3428463715455201,1.16,1.76,2.32,2.13364844202823,535.3319604596866,18.33865252536709,16.03898641774433,16.03898641774433,11.959490859446298,9.74649599677772,9.74649599677772,7.578825859209644,7.578825859209644,6.112248035820489,6.112248035820489,3.741418414445629,3.741418414445629,-1.3899999999999997,395304.9831527315,19.928466657673603,8.814687039409955,4.61675046307644,151.93880992046223,14.32642120633538,13.151638370425491,5.601050810983688,0.0,0.0,5.969305287951849,0.0,4.794537184071822,0.0,0.0,49.59430021108608,32.25256913693026,5.917906046161393,20.13718479450234,19.120958390407203,5.969305287951849,0.0,0.0,5.917906046161393,51.552633324994986,33.288823164927834,35.89528683400505,0.0,0.0,0.0,0.0,0.0,0.0,48.84768670541501,15.132450948855558,5.917906046161393,51.5150340057083,30.33183534230805,0.0,0.0,0.0,46.53,11.570356098935536,9.901064578912528,0.0,5.917906046161393,12.170333456209914,49.80058656713639,6.4208216229260096,0.0,30.33183534230805,20.89514638205844,4.736862953800049,0.0,0.0,0.0,0.0,0.0,0.0,0.0,0.0,0.8615814751826656,52.555085191484,0.6666666666666666,25.0,1.0,4.0,1.0,0.0,1.0,1.0,0.0,1.0,3.0,1.0,4.0,8.0,1.0,0.0,1.0,2.0,3.4841000000000015,100.00620000000008,0.0,1.0,0.0,0.0,0.0,0.0,0.0,0.0,0.0,0.0,1.0,1.0,0.0,0.0,0.0,1.0,0.0,0.0,0.0,1.0,0.0,0.0,0.0,0.0,0.0,0.0,0.0,0.0,0.0,0.0,0.0,0.0,0.0,0.0,1.0,0.0,0.0,0.0,0.0,0.0,1.0,1.0,0.0,0.0,0.0,0.0,0.0,0.0,0.0,0.0,0.0,0.0,0.0,0.0,0.0,0.0,0.0,0.0,0.0,0.0,0.0,0.0,0.0,0.0,0.0,0.0,0.0,0.0,0.0,0.0,0.0,0.0,0.0,0.0,1.0,0.0,0.0,0.0,0.0,0.0,0.0,0.0,0.0,0.0,0.0
CID3345,CCC(=O)N(c1ccccc1)C1CCN(CCc2ccccc2)CC1,0,1.0,1.0,1.0,,1.0,1.0,1.0,0,12.516261905247816,0.2304958853376062,12.516261905247816,0.2304958853376062,0.7914868412582013,336.47900000000004,308.25500000000005,336.22016351599996,132.0,0.0,0.2264592638901245,-0.3092899180456462,0.3092899180456462,0.2264592638901245,1.0,1.6,2.2,1.5676321318584887,648.2421416714782,17.484916895309066,15.1032759108555,15.1032759108555,12.275188245478668,9.410297276876303,9.410297276876303,6.761256502983478,6.761256502983478,5.08728883763743,5.08728883763743,3.650415140649692,3.650415140649692,-2.129999999999999,706283.0151092799,17.685288959768116,8.816460640135487,4.6982654461883975,150.81327675644835,9.799819461700956,0.0,0.0,5.907179729351506,0.0,0.0,4.794537184071822,0.0,0.0,0.0,55.4546737473835,36.958650497398246,37.78431794449526,0.0,4.794537184071822,11.594566004035068,0.0,4.899909730850478,0.0,38.64886452054263,24.53417894858821,66.2271221763131,0.0,0.0,4.899909730850478,5.687386274683562,0.0,0.0,36.48319950708767,11.21535880699783,0.0,31.749653560165648,60.6636706846161,0.0,0.0,0.0,23.550000000000004,0.0,4.794537184071822,0.0,5.907179729351506,12.462662452073973,44.58412036119931,5.563451491696996,0.0,30.02274813592593,47.36447921008175,0.0,0.0,0.0,0.0,0.0,0.0,0.0,0.0,0.0,0.0,49.83333333333333,0.4090909090909091,25.0,0.0,3.0,0.0,1.0,1.0,2.0,0.0,2.0,2.0,0.0,3.0,6.0,0.0,1.0,1.0,3.0,4.136700000000004,103.82700000000008,0.0,0.0,0.0,0.0,0.0,0.0,0.0,0.0,0.0,0.0,1.0,1.0,0.0,0.0,0.0,2.0,0.0,0.0,0.0,0.0,1.0,0.0,0.0,0.0,0.0,0.0,0.0,1.0,0.0,1.0,0.0,0.0,0.0,0.0,2.0,0.0,0.0,0.0,0.0,0.0,0.0,0.0,0.0,0.0,0.0,0.0,0.0,0.0,0.0,0.0,0.0,0.0,0.0,0.0,0.0,0.0,0.0,0.0,0.0,0.0,0.0,0.0,0.0,0.0,1.0,0.0,0.0,0.0,0.0,1.0,0.0,0.0,0.0,0.0,0.0,0.0,0.0,0.0,0.0,0.0,0.0,0.0,0.0,0.0,0.0
CID9270,C#C[C@]1(OC(C)=O)CC[C@H]2[C@@H]3CCC4=C[C@@H](OC(C)=O)CC[C@@H]4[C@H]3CC[C@@]21C,1,1.0,0.0,1.0,,0.0,1.0,1.0,1,11.797173578833622,-0.7385175897468463,11.797173578833622,0.042876461936933,0.4015627733780324,384.51600000000025,352.26000000000016,384.230059504,152.0,0.0,0.3036727418854079,-0.4583113462182532,0.4583113462182532,0.3036727418854079,1.0714285714285714,1.8571428571428572,2.5357142857142856,1.5653724474568742,746.194333156968,20.104083527755577,17.331299295675215,17.331299295675215,13.293461083348788,10.846258482366895,10.846258482366895,9.60600040679364,9.60600040679364,8.402156769811544,8.402156769811544,7.281674962874782,7.281674962874782,-1.76,2145411.5601168536,19.551847234360288,6.936157253864297,2.8956725781125865,167.96935206361093,9.473725907600098,6.103966387748303,5.601050810983688,0.0,0.0,11.9386105759037,9.589074368143644,0.0,0.0,6.423349895620259,18.417276048615538,81.11421727488754,19.26246486877803,0.0,19.06280027574374,11.9386105759037,0.0,0.0,29.086614654042354,83.84280178121195,0.0,11.64912463690315,0.0,12.343784214475903,0.0,0.0,0.0,0.0,23.64362777463569,19.06280027574374,41.430398868518246,72.13778458247995,11.64912463690315,0.0,0.0,0.0,52.6,5.601050810983688,9.589074368143644,0.0,23.457567433048784,23.671624184645573,44.94575136048208,25.841400552376523,0.0,0.0,18.92019162538015,15.897075803220355,0.0,0.0,0.0,0.0,0.0,0.0,0.0,0.0,0.0,61.66666666666667,0.75,28.0,0.0,4.0,4.0,0.0,4.0,0.0,0.0,0.0,4.0,0.0,4.0,2.0,3.0,0.0,3.0,4.0,4.425900000000004,105.97000000000008,0.0,0.0,0.0,0.0,0.0,0.0,0.0,0.0,0.0,0.0,2.0,2.0,0.0,0.0,0.0,0.0,0.0,0.0,0.0,0.0,0.0,0.0,0.0,0.0,0.0,0.0,1.0,0.0,0.0,0.0,0.0,0.0,0.0,0.0,0.0,0.0,5.0,0.0,0.0,0.0,2.0,2.0,0.0,0.0,0.0,0.0,0.0,0.0,0.0,0.0,0.0,0.0,0.0,0.0,0.0,0.0,0.0,0.0,0.0,0.0,0.0,0.0,0.0,0.0,0.0,0.0,0.0,0.0,0.0,0.0,0.0,0.0,0.0,0.0,0.0,0.0,0.0,0.0,1.0,0.0,0.0,0.0,0.0,0.0,0.0
CID441314,OCCN1C[C@H](O)[C@@H](O)[C@H](O)[C@H]1CO,0,0.0,0.0,0.0,,0.0,0.0,0.0,0,9.51162037037037,-1.2341732804232806,9.51162037037037,0.1190126606198036,0.3326203956682485,207.226,190.08999999999995,207.110672644,84.0,0.0,0.1085681377098348,-0.3950443155646255,0.3950443155646255,0.1085681377098348,1.0714285714285714,1.7142857142857142,2.2142857142857144,2.659759423062189,179.11457394522589,10.71517847069432,7.821109774504443,7.821109774504443,6.612590865130757,4.614203203983722,4.614203203983722,3.5169973995109673,3.5169973995109673,2.6032175904774766,2.6032175904774766,1.7638942004908216,1.7638942004908216,-0.24,1243.5118223817608,11.832674418604652,5.01417687680998,2.220908077805413,82.01901710626,25.532636974203527,12.207932775496603,0.0,0.0,0.0,0.0,4.899909730850478,0.0,0.0,0.0,0.0,0.0,13.08951281182515,25.3595711459221,25.532636974203527,0.0,0.0,4.899909730850478,0.0,24.35373999239287,26.303276740850983,0.0,0.0,0.0,0.0,0.0,0.0,0.0,81.08956343829786,0.0,0.0,0.0,0.0,0.0,0.0,0.0,104.39,24.35373999239287,15.319582184522115,0.0,26.303276740850983,0.0,0.0,0.0,4.899909730850478,0.0,0.0,10.213054789681411,0.0,0.0,0.0,0.0,0.0,0.0,0.0,0.0,0.0,43.333333333333336,1.0,14.0,5.0,6.0,0.0,1.0,1.0,0.0,0.0,0.0,6.0,5.0,6.0,3.0,0.0,1.0,1.0,1.0,-3.262099999999999,47.553000000000026,0.0,5.0,5.0,0.0,0.0,0.0,0.0,0.0,0.0,0.0,0.0,0.0,0.0,2.0,0.0,1.0,0.0,0.0,0.0,0.0,1.0,0.0,0.0,0.0,0.0,0.0,0.0,0.0,0.0,0.0,0.0,0.0,0.0,0.0,0.0,0.0,0.0,0.0,0.0,0.0,0.0,0.0,0.0,0.0,0.0,0.0,0.0,0.0,0.0,0.0,0.0,0.0,0.0,0.0,0.0,0.0,0.0,0.0,0.0,0.0,0.0,0.0,0.0,0.0,0.0,0.0,0.0,0.0,0.0,1.0,0.0,0.0,0.0,0.0,0.0,0.0,0.0,0.0,0.0,0.0,0.0,0.0,0.0,0.0,0.0
CID4781,CCCCC1C(=O)N(c2ccccc2)N(c2ccccc2)C1=O,1,0.0,0.0,1.0,,0.0,0.0,0.0,1,12.869390117157977,-0.5876275510204085,12.869390117157977,0.1402749433106571,0.7885515763199019,308.3810000000001,288.221,308.15247787999994,118.0,0.0,0.2583749765904826,-0.2716787994967388,0.2716787994967388,0.2583749765904826,0.782608695652174,1.2173913043478262,1.608695652173913,2.0215060313567244,627.5305050940952,16.233840039752504,13.183097076573173,13.183097076573173,11.23638210521845,8.016748027349733,8.016748027349733,5.665994834550642,5.665994834550642,4.061576545501814,4.061576545501814,2.8769817820654917,2.8769817820654917,-2.6199999999999997,262958.316693528,15.282399930999288,6.648733236085874,2.8426561734889986,135.8501085335373,0.0,5.917906046161393,0.0,0.0,11.814359458703011,0.0,9.589074368143644,10.017825047909064,0.0,0.0,56.1635828563123,30.686289896772447,0.0,11.374772549367124,9.589074368143644,23.189132008070136,0.0,0.0,5.917906046161393,26.186202068468653,10.017825047909064,60.6636706846161,0.0,0.0,10.017825047909064,11.374772549367124,0.0,0.0,11.814359458703011,9.589074368143644,5.917906046161393,26.186202068468653,60.6636706846161,0.0,0.0,0.0,40.620000000000005,5.917906046161393,9.589074368143644,0.0,11.814359458703011,17.795594172293132,12.84164324585202,10.017825047909064,0.0,60.6636706846161,6.923737199690624,0.0,0.0,0.0,0.0,0.0,0.0,0.0,0.0,0.0,0.0,52.5,0.2631578947368421,23.0,0.0,4.0,0.0,1.0,1.0,2.0,0.0,2.0,2.0,0.0,4.0,5.0,0.0,1.0,1.0,3.0,3.7878000000000025,90.87100000000004,0.0,0.0,0.0,0.0,0.0,0.0,0.0,0.0,0.0,0.0,2.0,2.0,0.0,0.0,0.0,2.0,0.0,0.0,0.0,0.0,0.0,0.0,0.0,0.0,0.0,0.0,0.0,2.0,0.0,2.0,0.0,0.0,0.0,0.0,2.0,0.0,0.0,0.0,0.0,0.0,0.0,0.0,0.0,0.0,0.0,1.0,0.0,0.0,0.0,0.0,0.0,0.0,0.0,0.0,0.0,0.0,0.0,0.0,0.0,0.0,0.0,0.0,0.0,0.0,2.0,0.0,0.0,0.0,0.0,0.0,0.0,0.0,0.0,0.0,0.0,0.0,0.0,0.0,0.0,0.0,0.0,0.0,0.0,0.0,0.0
CID64139,O=C1Nc2ccc(Cl)cc2[C@@](C#CC2CC2)(C(F)(F)F)O1,1,1.0,1.0,1.0,,0.0,1.0,1.0,1,13.600453514739227,-4.868966049382716,13.600453514739227,0.0017852418745274,0.7328090954055055,315.67799999999994,306.60599999999994,315.027390868,110.0,0.0,0.4447293702202634,-0.4149148311825577,0.4447293702202634,0.4149148311825577,1.380952380952381,2.0952380952380953,2.7142857142857144,2.218109084297208,673.0222975253698,15.25071237662706,10.551969112096232,11.307898058114688,9.816298692132577,6.211506968949373,6.5894714419586,4.926981826340496,5.36341760681248,3.272306335994556,3.507403438782295,2.0518967467416793,2.223999770694547,-1.87,81905.16233590445,14.083531974442574,4.567094032752005,2.422136888883137,122.9633050682897,4.736862953800049,0.0,0.0,0.0,5.601050810983688,12.26953858838189,5.316788604006331,4.794537184071822,13.17124514302446,0.0,17.521374209088158,36.961178770092495,16.503990851599717,5.687386274683562,22.70264528089633,23.381566235854493,0.0,0.0,5.917906046161393,24.61899257427918,5.316788604006331,28.78518601082315,0.0,11.840868637711289,5.316788604006331,23.653168601779846,0.0,11.600939890232516,12.26953858838189,10.337913764783735,17.75877468387268,18.405094737549017,18.19910120538483,5.022633313741326,0.0,0.0,38.33,17.870589399365578,17.96578232709628,0.0,22.19137712628328,0.0,18.90801031431363,12.13273413692322,0.0,0.0,21.894520195517668,11.600939890232516,0.0,5.7816662292489,0.0,0.0,0.0,0.0,0.0,0.0,40.80136054421769,19.02808433764452,0.3571428571428571,21.0,1.0,3.0,1.0,1.0,2.0,1.0,0.0,1.0,2.0,1.0,7.0,0.0,1.0,0.0,1.0,3.0,4.073100000000001,69.7887,0.0,0.0,0.0,0.0,0.0,0.0,0.0,0.0,0.0,0.0,1.0,1.0,0.0,0.0,0.0,0.0,1.0,0.0,0.0,0.0,0.0,0.0,0.0,0.0,0.0,3.0,0.0,1.0,0.0,1.0,0.0,0.0,0.0,0.0,1.0,0.0,1.0,0.0,0.0,0.0,0.0,1.0,0.0,0.0,4.0,0.0,0.0,0.0,0.0,0.0,0.0,0.0,0.0,0.0,1.0,0.0,0.0,0.0,0.0,0.0,0.0,0.0,0.0,0.0,0.0,0.0,0.0,0.0,0.0,0.0,0.0,0.0,0.0,0.0,0.0,0.0,0.0,0.0,0.0,0.0,0.0,0.0,0.0,0.0,0.0
CID6432052,[Fe+2],0,0.0,0.0,1.0,,0.0,0.0,0.0,0,0.0,0.0,0.0,0.0,0.3423739914405948,55.845,55.845,55.93384034018,6.0,2.0,2.0,2.0,2.0,2.0,1.0,1.0,1.0,0.0,0.0,0.0,0.3535533905932737,1.457737973711325,0.0,0.0,0.0,0.0,0.0,0.0,0.0,0.0,0.0,0.5194805194805194,0.0,1.5194805194805197,0.4444805194805197,4.21948051948052,17.964098032124472,0.0,0.0,0.0,0.0,0.0,17.068678152405656,0.0,0.0,0.0,0.0,0.0,0.0,0.0,0.0,17.068678152405656,0.0,0.0,0.0,0.0,0.0,0.0,0.0,0.0,0.0,0.0,0.0,0.0,0.0,0.0,17.068678152405656,0.0,0.0,0.0,0.0,0.0,0.0,0.0,0.0,0.0,0.0,17.068678152405656,0.0,0.0,0.0,0.0,0.0,0.0,0.0,0.0,0.0,0.0,0.0,0.0,0.0,0.0,0.0,0.0,0.0,0.0,1.0,0.0,0.0,0.0,0.0,0.0,0.0,0.0,0.0,0.0,0.0,1.0,0.0,0.0,0.0,0.0,0.0,-0.0025,0.0,0.0,0.0,0.0,0.0,0.0,0.0,0.0,0.0,0.0,0.0,0.0,0.0,0.0,0.0,0.0,0.0,0.0,0.0,0.0,0.0,0.0,0.0,0.0,0.0,0.0,0.0,0.0,0.0,0.0,0.0,0.0,0.0,0.0,0.0,0.0,0.0,0.0,0.0,0.0,0.0,0.0,0.0,0.0,0.0,0.0,0.0,0.0,0.0,0.0,0.0,0.0,0.0,0.0,0.0,0.0,0.0,0.0,0.0,0.0,0.0,0.0,0.0,0.0,0.0,0.0,0.0,0.0,0.0,0.0,0.0,0.0,0.0,0.0,0.0,0.0,0.0,0.0,0.0,0.0,0.0,0.0,0.0,0.0,0.0,0.0
CID4057,C[N+]1(C)CCCC(OC(=O)C(O)(c2ccccc2)c2ccccc2)C1,0,1.0,1.0,0.0,,0.0,1.0,1.0,0,13.065963718820864,-1.79453373015873,13.065963718820864,0.1711115835222989,0.6875579142294286,340.4430000000001,314.235,340.19072011209,132.0,0.0,0.3476821684643421,-0.4536995776315402,0.4536995776315402,0.3476821684643421,1.04,1.56,2.04,1.9107385131310977,672.9357252874012,17.916002794556718,14.89020385775972,14.89020385775972,11.916468777871517,8.782303857616592,8.782303857616592,7.453919046975424,7.453919046975424,4.939666930827225,4.939666930827225,3.574750275844951,3.574750275844951,-2.169999999999999,450331.95049252594,17.646555395862222,6.982787694398222,3.752307335518083,148.80625144014658,14.32642120633538,6.544756405912575,6.103966387748303,5.601050810983688,0.0,5.969305287951849,0.0,4.794537184071822,0.0,0.0,60.6636706846161,17.54772460632,6.4208216229260096,20.640100371266954,19.120958390407203,5.969305287951849,0.0,0.0,0.0,24.54666044458401,27.18485677717953,71.7905736680101,0.0,0.0,0.0,0.0,0.0,0.0,48.84768670541501,15.132450948855558,0.0,23.96854622924601,60.6636706846161,0.0,0.0,0.0,46.53,11.570356098935536,9.901064578912528,0.0,6.103966387748303,11.126902983393991,30.414186915371793,0.0,24.26546827384644,36.39820241076966,14.09534396535438,4.736862953800049,0.0,0.0,0.0,0.0,0.0,0.0,0.0,0.0,0.8264377047115141,54.756895628621834,0.3809523809523809,25.0,1.0,4.0,0.0,1.0,1.0,2.0,0.0,2.0,3.0,1.0,4.0,4.0,0.0,1.0,1.0,3.0,2.7045000000000012,96.83920000000006,0.0,1.0,0.0,0.0,0.0,0.0,0.0,0.0,0.0,0.0,1.0,1.0,0.0,0.0,0.0,1.0,0.0,0.0,0.0,1.0,1.0,0.0,0.0,0.0,0.0,0.0,0.0,0.0,0.0,0.0,0.0,0.0,0.0,0.0,2.0,0.0,0.0,0.0,0.0,0.0,1.0,1.0,0.0,0.0,0.0,0.0,0.0,0.0,0.0,0.0,0.0,0.0,0.0,0.0,0.0,0.0,0.0,0.0,0.0,0.0,0.0,0.0,0.0,0.0,0.0,0.0,0.0,0.0,0.0,1.0,0.0,0.0,0.0,0.0,1.0,0.0,0.0,0.0,0.0,0.0,0.0,0.0,0.0,0.0,0.0
CID5639,COc1ccccc1N1CCN(CCCNc2cc(=O)n(C)c(=O)n2C)CC1,1,1.0,0.0,1.0,,0.0,0.0,0.0,1,11.947772768880828,-0.3171647967576341,11.947772768880828,0.2934610930539305,0.7061199941406974,387.48400000000015,358.2520000000001,387.227039788,152.0,0.0,0.3315213523664199,-0.4945862545493105,0.4945862545493105,0.3315213523664199,1.0357142857142858,1.75,2.4642857142857144,1.4532793273039124,912.7876697696934,20.0956473593183,16.850098067645384,16.850098067645384,13.507239053047549,9.622474664966184,9.622474664966184,7.049291691755878,7.049291691755878,5.281374886412409,5.281374886412409,3.5250570207293563,3.5250570207293563,-2.7400000000000007,2196298.137453181,20.006136898613335,8.9664449392811,4.386345397580654,164.4974452046907,14.953561288656855,11.567374611118932,0.0,0.0,5.559266895052007,5.689743398203474,18.82864621050501,4.794537184071822,0.0,0.0,12.13273413692322,25.098312165761804,52.88549306337885,12.797183815961096,4.736862953800049,11.50524905251859,0.0,14.034109026433187,14.09534396535438,6.4208216229260096,56.595034311609794,51.169920003707176,0.0,5.749511833283905,26.202571581912338,11.50524905251859,5.749511833283905,0.0,60.41244500318616,14.09534396535438,0.0,6.4208216229260096,39.920909710451696,0.0,0.0,0.0,71.74000000000001,0.0,9.589074368143644,0.0,11.24901029325548,12.362619183747604,55.1486014082477,17.681138698930155,14.157469523954724,18.19910120538483,21.182975134168895,4.736862953800049,0.0,0.0,0.0,0.0,0.0,0.0,0.0,0.0,2.5692575753101683,60.26407575802317,0.5,28.0,1.0,8.0,0.0,1.0,1.0,1.0,1.0,2.0,8.0,1.0,8.0,7.0,0.0,1.0,1.0,3.0,0.7168000000000008,111.67770000000009,0.0,0.0,0.0,0.0,0.0,2.0,0.0,0.0,0.0,0.0,0.0,0.0,0.0,0.0,0.0,4.0,1.0,0.0,0.0,0.0,0.0,0.0,0.0,0.0,0.0,0.0,0.0,0.0,0.0,2.0,0.0,0.0,0.0,0.0,1.0,0.0,0.0,0.0,0.0,0.0,0.0,1.0,0.0,0.0,0.0,0.0,0.0,0.0,0.0,0.0,0.0,0.0,0.0,0.0,0.0,1.0,0.0,0.0,0.0,0.0,0.0,0.0,0.0,0.0,2.0,0.0,0.0,0.0,0.0,0.0,1.0,0.0,0.0,0.0,0.0,0.0,0.0,0.0,0.0,0.0,0.0,0.0,0.0,1.0,0.0
CID54671008,Cc1nnc(C(=O)NC(C)(C)c2nc(C(=O)NCc3ccc(F)cc3)c(O)c(=O)n2C)o1,1,0.0,0.0,0.0,,0.0,0.0,0.0,1,13.031127683922064,-1.2707787727694386,13.031127683922064,0.0029449718618184,0.5072974072735444,444.4230000000002,423.2550000000002,444.155745992,168.0,0.0,0.3091231283318336,-0.5013777548302204,0.5013777548302204,0.3091231283318336,1.1875,1.84375,2.4375,1.877667777528864,1232.2676100630656,23.62902755413791,17.763533470309522,17.763533470309522,14.990908185545692,9.450538128646548,9.450538128646548,7.511293885589237,7.511293885589237,4.553649625454249,4.553649625454249,2.957342210926042,2.957342210926042,-4.089999999999999,10134826.895595478,22.59198577678874,8.571048215849093,4.632728215901846,180.86053451213047,20.15725553990671,11.641625339045822,5.693927994848461,11.640235755309812,11.466446624403511,11.797903651377414,18.950711200006825,9.374393568622027,0.0,10.197363616602075,12.13273413692322,31.54366002800146,20.51616558828039,5.538925252383345,23.503167747712514,11.814359458703011,0.0,30.3820189933533,7.04767198267719,32.85489325736779,0.0,69.29972502261337,0.0,5.749511833283905,16.19284410306467,4.39041504767482,5.749511833283905,0.0,36.66932863888435,19.13135364097311,12.74095804073652,52.29978059612209,33.47715639497161,0.0,0.0,0.0,152.24,40.17321227531662,23.880553994730988,0.0,24.15060874796432,5.563451491696996,4.567099647791355,38.23687745621425,13.847474399381248,0.0,25.814919345561943,4.417150937053347,0.0,0.0,0.0,0.0,0.0,0.0,0.0,0.0,19.14305268705285,70.77361397961384,0.3,32.0,3.0,11.0,0.0,0.0,0.0,1.0,2.0,3.0,9.0,3.0,12.0,6.0,0.0,0.0,0.0,3.0,0.9115199999999996,108.24020000000004,0.0,0.0,0.0,0.0,0.0,4.0,0.0,1.0,0.0,0.0,2.0,2.0,0.0,0.0,0.0,4.0,2.0,0.0,0.0,0.0,0.0,0.0,0.0,0.0,0.0,0.0,0.0,2.0,0.0,0.0,1.0,0.0,0.0,0.0,1.0,0.0,0.0,0.0,0.0,0.0,0.0,0.0,0.0,0.0,1.0,0.0,0.0,0.0,0.0,0.0,0.0,0.0,0.0,0.0,0.0,0.0,0.0,0.0,0.0,0.0,0.0,0.0,0.0,0.0,0.0,0.0,0.0,0.0,0.0,0.0,0.0,0.0,0.0,0.0,0.0,0.0,0.0,0.0,0.0,0.0,0.0,0.0,0.0,0.0,0.0
CID2179,COc1cc(NS(C)(=O)=O)ccc1Nc1c2ccccc2nc2ccccc12,1,1.0,1.0,1.0,,1.0,1.0,0.0,1,11.494616318540068,-3.36574489581186,11.494616318540068,0.439207818930041,0.4877079254910788,393.4680000000002,374.31600000000014,393.1147124680001,142.0,0.0,0.2293209798013486,-0.494499132261389,0.494499132261389,0.2293209798013486,0.8928571428571429,1.5,2.0714285714285716,1.8513672623370376,1232.8167960032902,19.72540387131522,15.4310597184413,16.247556299369023,13.442802904940574,8.648026210316717,10.539437748374974,6.435391867164705,8.183847066348454,4.352120741164258,4.9586138134583715,3.1813209592770093,3.736440256245257,-3.319999999999999,2381876.16838553,18.062438437635738,7.011523240777923,3.565369903713245,162.77540408790915,10.05365155780638,5.749511833283905,0.0,10.023291153407584,0.0,0.0,4.722094864452088,13.401775505276143,0.0,0.0,36.39820241076966,24.26546827384644,16.838815497391202,41.461126984072145,13.154659938128988,48.89129984162038,0.0,4.9839785209472085,0.0,0.0,23.404450193247357,66.73003775307771,0.0,5.749511833283905,14.775746422258468,17.062158824050687,5.749511833283905,0.0,26.767342230065083,10.023291153407584,0.0,0.0,66.73003775307771,0.0,21.805849864162113,0.0,80.32,10.023291153407584,8.417796984328938,0.0,0.0,11.436898107967467,39.43639159704064,0.0,25.30889874666236,48.53093654769288,10.03888346845842,9.720841474747257,0.0,-3.36574489581186,0.0,0.0,0.0,0.0,0.0,0.0,22.989232637080136,46.12651225873173,0.0952380952380952,28.0,2.0,6.0,0.0,0.0,0.0,3.0,1.0,4.0,5.0,2.0,7.0,5.0,0.0,0.0,0.0,4.0,4.511700000000003,113.99220000000004,0.0,0.0,0.0,0.0,0.0,1.0,0.0,0.0,0.0,0.0,0.0,0.0,0.0,0.0,0.0,1.0,2.0,0.0,0.0,0.0,0.0,0.0,0.0,0.0,0.0,0.0,0.0,0.0,0.0,3.0,0.0,0.0,0.0,0.0,3.0,0.0,2.0,0.0,0.0,0.0,0.0,1.0,0.0,0.0,0.0,0.0,0.0,0.0,0.0,0.0,0.0,0.0,0.0,0.0,0.0,1.0,0.0,0.0,0.0,0.0,0.0,0.0,0.0,0.0,2.0,0.0,0.0,0.0,0.0,0.0,0.0,0.0,0.0,1.0,0.0,0.0,1.0,0.0,0.0,0.0,0.0,0.0,0.0,0.0,0.0
CID71467,CC(COc1ccccc1)NN,1,0.0,0.0,1.0,,1.0,0.0,0.0,1,5.4161574074074075,0.1714871504157216,5.4161574074074075,0.1714871504157216,0.5161658885951212,166.224,152.112,166.110613068,66.0,0.0,0.118877229839715,-0.49193033883515,0.49193033883515,0.118877229839715,1.4166666666666667,2.0833333333333335,2.6666666666666665,2.3334321626276697,213.0283370413565,8.811554787871634,7.1568069559777925,7.1568069559777925,5.82569850269549,3.9664317111928193,3.9664317111928193,2.69177100050649,2.69177100050649,1.5277229620343526,1.5277229620343526,0.7860578399819192,0.7860578399819192,-1.06,638.342203265092,9.031407678244973,4.744526419642195,2.9003671401723716,72.49966359304939,4.736862953800049,12.356393797796825,0.0,0.0,0.0,0.0,11.268461667376624,0.0,0.0,0.0,18.19910120538483,19.056471336613843,0.0,6.041840829147961,4.736862953800049,0.0,0.0,5.425791397110385,5.842670270266239,12.965578028838586,6.606881964512918,30.33183534230805,0.0,5.749511833283905,16.005324621176673,0.0,5.749511833283905,0.0,12.64872279366088,0.0,0.0,6.923737199690624,30.33183534230805,0.0,0.0,0.0,47.28,0.0,0.0,0.0,6.041840829147961,6.606881964512918,5.749511833283905,0.0,0.0,37.255572541998674,5.425791397110385,10.579533224066289,0.0,0.0,0.0,0.0,0.0,0.0,0.0,0.0,0.0,26.5,0.3333333333333333,12.0,3.0,3.0,0.0,0.0,0.0,1.0,0.0,1.0,3.0,2.0,3.0,4.0,0.0,0.0,0.0,1.0,0.9172000000000002,48.722100000000026,0.0,0.0,0.0,0.0,0.0,0.0,0.0,0.0,0.0,0.0,0.0,0.0,0.0,0.0,0.0,0.0,1.0,1.0,0.0,0.0,0.0,0.0,0.0,0.0,0.0,0.0,0.0,0.0,0.0,0.0,0.0,0.0,0.0,0.0,1.0,0.0,0.0,0.0,0.0,0.0,0.0,1.0,0.0,0.0,0.0,1.0,0.0,0.0,0.0,0.0,0.0,0.0,0.0,0.0,0.0,0.0,0.0,0.0,0.0,0.0,0.0,0.0,0.0,0.0,1.0,0.0,0.0,0.0,0.0,0.0,0.0,0.0,0.0,0.0,0.0,0.0,0.0,0.0,0.0,0.0,0.0,0.0,0.0,0.0,0.0
CID3151,O=c1[nH]c2ccccc2n1CCCN1CCC(n2c(=O)[nH]c3cc(Cl)ccc32)CC1,1,1.0,1.0,1.0,,1.0,1.0,0.0,1,12.488561503473989,-0.0653446587470547,12.488561503473989,0.0474789862434852,0.514301695573136,425.9200000000002,401.7280000000001,425.161852688,156.0,0.0,0.3262156251940311,-0.3055400855704482,0.3262156251940311,0.3055400855704482,0.9,1.6666666666666667,2.5,1.207580166237282,1306.5523076910547,20.664561460070644,16.60465146225967,17.360580408278125,14.597356788324024,10.39664839361284,10.77461286662207,7.986933394236682,8.423369174708666,6.138449688540684,6.3735467913284225,4.6481664107991785,4.820269434752047,-2.7699999999999996,12343200.702512829,19.20880085457703,7.812409595225632,3.4812027806465258,177.4292360249599,14.867866772744891,0.0,0.0,0.0,0.0,11.379486796406947,9.13419929558271,9.589074368143644,0.0,0.0,23.733674027155736,56.13905661699866,30.698743360627013,22.066802870465047,0.0,33.667742760697564,0.0,24.002066068327604,0.0,31.84906210383857,19.634269217737724,68.45576395752319,0.0,0.0,11.379486796406947,0.0,0.0,11.600939890232516,43.63633528606533,6.544756405912575,0.0,25.30430569792599,52.053643847374914,5.022633313741326,22.066802870465047,0.0,78.82,0.0,9.589074368143644,0.0,17.42132762555491,11.5673897196539,60.9635369569808,0.0,6.06636706846161,45.53240170635237,14.867866772744891,11.600939890232516,0.0,6.051349556332131,0.0,0.0,0.0,0.0,0.0,0.0,3.701603250603105,56.85815830417587,0.3636363636363636,30.0,2.0,7.0,0.0,1.0,1.0,2.0,2.0,4.0,5.0,2.0,8.0,5.0,0.0,1.0,1.0,5.0,3.353200000000002,119.4554,0.0,0.0,0.0,0.0,0.0,4.0,2.0,0.0,0.0,0.0,0.0,0.0,0.0,0.0,0.0,3.0,2.0,0.0,0.0,0.0,1.0,2.0,0.0,0.0,0.0,0.0,0.0,0.0,0.0,0.0,1.0,0.0,0.0,0.0,2.0,0.0,2.0,0.0,0.0,0.0,0.0,0.0,0.0,0.0,1.0,0.0,0.0,2.0,0.0,0.0,0.0,0.0,0.0,0.0,0.0,0.0,0.0,0.0,0.0,0.0,0.0,0.0,0.0,0.0,2.0,0.0,0.0,0.0,0.0,1.0,0.0,0.0,0.0,0.0,0.0,0.0,0.0,0.0,0.0,0.0,0.0,0.0,0.0,0.0,0.0
CID65866,COC(=O)C1=C(C)NC(C)=C(C(=O)OC(C)(C)CN(C)CCC(c2ccccc2)c2ccccc2)C1c1cccc([N+](=O)[O-])c1,1,1.0,1.0,0.0,,1.0,1.0,1.0,1,13.960246657350424,-0.9193216406391074,13.960246657350424,0.1485775775697795,0.1408164426775191,611.7390000000003,570.4110000000004,611.2995360320001,236.0,0.0,0.3368307506589119,-0.4655800563751973,0.4655800563751973,0.3368307506589119,0.9111111111111112,1.4666666666666666,2.0,1.5417400932858036,1557.730703976182,32.725039392385696,26.702841584376756,26.702841584376756,21.412723136991755,14.945205077700288,14.945205077700288,12.028664324811633,12.028664324811633,8.023010672048471,8.023010672048471,6.109609936447763,6.109609936447763,-4.759999999999999,5744229868.559976,33.13939677945781,14.347658904903705,8.046039124362219,264.2423186082787,19.690424242456903,5.601050810983688,0.0,0.0,5.687386274683562,11.9386105759037,10.114318268765572,9.589074368143644,0.0,0.0,72.79640482153933,64.39855328536925,35.989475215108854,29.09722369639513,23.98611132456141,17.62599685058726,0.0,10.216698334856808,0.0,51.55263332499497,27.246982335779876,134.27409938856934,0.0,0.0,5.316788604006331,5.687386274683562,0.0,0.0,54.609864502335405,19.06280027574374,10.114318268765572,62.64193698910228,107.46942664471278,0.0,0.0,0.0,111.01,28.38087848186645,19.703392636909214,0.0,22.75150138098349,23.502286523721235,12.965578028838586,36.435801730056355,19.913841467842857,33.02788051898166,58.74763488254968,9.473725907600098,0.0,0.0,0.0,0.0,0.0,0.0,0.0,0.0,0.0,106.58333333333336,0.3333333333333333,45.0,1.0,9.0,0.0,1.0,1.0,3.0,0.0,3.0,8.0,1.0,9.0,12.0,0.0,0.0,0.0,4.0,6.478400000000008,173.40109999999945,0.0,0.0,0.0,0.0,0.0,0.0,0.0,0.0,0.0,0.0,2.0,2.0,0.0,0.0,0.0,2.0,1.0,0.0,0.0,1.0,0.0,0.0,0.0,0.0,0.0,0.0,2.0,0.0,0.0,0.0,0.0,0.0,0.0,0.0,3.0,0.0,0.0,0.0,1.0,0.0,2.0,2.0,0.0,0.0,0.0,0.0,0.0,0.0,0.0,0.0,0.0,0.0,0.0,0.0,0.0,1.0,0.0,0.0,1.0,1.0,1.0,0.0,0.0,0.0,0.0,0.0,0.0,0.0,0.0,0.0,0.0,0.0,0.0,0.0,0.0,0.0,0.0,0.0,0.0,0.0,0.0,0.0,0.0,0.0,0.0
CID3343,CC(Cc1ccc(O)cc1)NCC(O)c1cc(O)cc(O)c1,1,0.0,0.0,0.0,,0.0,0.0,0.0,1,10.102987843285462,-0.8191964810615608,10.102987843285462,0.0776002612406827,0.5631106475775396,303.358,282.18999999999994,303.147058152,118.0,0.0,0.119137670450956,-0.5079666451887404,0.5079666451887404,0.119137670450956,0.9090909090909092,1.5,2.090909090909091,1.8684972724689104,592.3060446706215,16.11251969619286,12.399220367079565,12.399220367079565,10.435560745775543,7.160741196105422,7.160741196105422,5.47840877685787,5.47840877685787,3.447529806835253,3.447529806835253,2.2988423073354247,2.2988423073354247,-2.24,72751.2033247444,16.13607522989594,7.153869170014759,4.6483969103749345,129.04000508993616,25.742898183369157,17.248535499851716,0.0,0.0,0.0,0.0,0.0,0.0,0.0,0.0,12.13273413692322,48.73693007985706,18.652964303522147,6.103966387748303,20.426109579362823,0.0,0.0,5.316788604006331,0.0,25.4903660395129,6.544756405912575,53.59147246262526,0.0,17.248535499851716,5.316788604006331,0.0,17.248535499851716,0.0,33.01270681442335,6.4208216229260096,0.0,24.15460657083292,42.46456947923127,0.0,0.0,0.0,92.95,6.103966387748303,20.426109579362823,0.0,23.29037632899967,12.10820789760957,11.984273114623004,18.19910120538483,12.13273413692322,19.056471336613843,5.316788604006331,0.0,0.0,0.0,0.0,0.0,0.0,0.0,0.0,0.0,0.0,56.50000000000001,0.2941176470588235,22.0,5.0,5.0,0.0,0.0,0.0,2.0,0.0,2.0,5.0,5.0,5.0,6.0,0.0,0.0,0.0,2.0,2.0576,84.00690000000002,0.0,1.0,1.0,0.0,0.0,0.0,0.0,3.0,0.0,0.0,0.0,0.0,0.0,0.0,0.0,0.0,1.0,0.0,0.0,0.0,0.0,0.0,0.0,0.0,0.0,0.0,0.0,0.0,0.0,0.0,0.0,0.0,0.0,0.0,2.0,0.0,0.0,0.0,0.0,0.0,0.0,0.0,0.0,0.0,0.0,0.0,0.0,0.0,0.0,0.0,0.0,0.0,0.0,0.0,0.0,0.0,0.0,0.0,0.0,0.0,0.0,0.0,0.0,0.0,0.0,3.0,3.0,0.0,0.0,0.0,0.0,0.0,0.0,0.0,0.0,0.0,0.0,0.0,0.0,0.0,0.0,0.0,0.0,0.0,0.0
CID9051,CC(=O)[C@H]1CC[C@H]2[C@@H]3C=CC4=CC(=O)CC[C@@]4(C)[C@@H]3CC[C@]12C,1,0.0,0.0,0.0,,0.0,0.0,1.0,1,12.128701581215337,0.169610024565382,12.128701581215337,0.169610024565382,0.7141681268421906,312.4530000000001,284.229,312.208930136,124.0,0.0,0.1555166296320616,-0.2996937038994096,0.2996937038994096,0.1555166296320616,1.1304347826086956,1.9130434782608696,2.652173913043478,1.7243536412046323,627.7528275986701,16.405412915006313,14.600589152374395,14.600589152374395,10.859844450845582,9.2977126091323,9.2977126091323,8.91799260295808,8.91799260295808,8.006489784914788,8.006489784914788,6.664798412412712,6.664798412412712,-1.1800000000000002,209150.76906015543,15.353685565889066,4.908423477457827,1.9935499959395224,138.95860683736385,0.0,5.783244946364939,5.783244946364939,0.0,0.0,0.0,9.589074368143644,0.0,0.0,0.0,25.999514613049012,79.26066902850155,12.338727669087405,0.0,9.589074368143644,11.566489892729878,0.0,0.0,34.501605123439134,59.296141336627926,0.0,23.80116485057091,0.0,0.0,0.0,0.0,0.0,0.0,11.566489892729878,9.589074368143644,34.501605123439134,59.296141336627926,23.80116485057091,0.0,0.0,0.0,34.14,0.0,9.589074368143644,0.0,16.747886984954953,35.74102965414007,12.84164324585202,24.835569398847294,6.923737199690624,6.076020106833881,25.999514613049012,0.0,0.0,0.0,0.0,0.0,0.0,0.0,0.0,0.0,0.0,47.83333333333333,0.7142857142857143,23.0,0.0,2.0,4.0,0.0,4.0,0.0,0.0,0.0,2.0,0.0,2.0,1.0,2.0,0.0,2.0,4.0,4.499500000000004,90.78700000000003,0.0,0.0,0.0,0.0,0.0,0.0,0.0,0.0,0.0,0.0,2.0,2.0,0.0,0.0,0.0,0.0,0.0,0.0,0.0,0.0,0.0,0.0,0.0,0.0,0.0,0.0,4.0,0.0,0.0,0.0,0.0,0.0,0.0,0.0,0.0,0.0,5.0,0.0,0.0,0.0,0.0,0.0,0.0,0.0,0.0,0.0,0.0,0.0,0.0,0.0,0.0,2.0,1.0,0.0,0.0,0.0,0.0,0.0,0.0,0.0,0.0,0.0,0.0,0.0,0.0,0.0,0.0,0.0,0.0,0.0,0.0,0.0,0.0,0.0,0.0,0.0,0.0,0.0,0.0,0.0,0.0,0.0,0.0,0.0,0.0
CID3053,O=C(O)CN(CCN(CC(=O)O)CC(=O)O)CCN(CC(=O)O)CC(=O)O,0,0.0,0.0,0.0,,0.0,0.0,0.0,0,10.96481722936088,-1.2406239764424296,10.96481722936088,0.0008361678004535,0.1819171088019652,393.3490000000002,370.16500000000013,393.138343936,154.0,0.0,0.3172181189692342,-0.4802858049740025,0.4802858049740025,0.3172181189692342,0.4074074074074074,0.5925925925925926,0.8148148148148148,4.845969157230808,481.26122526780114,20.982763184195935,14.48291124699791,14.48291124699791,12.488978758390344,7.752471562027464,7.752471562027464,5.666150501908585,5.666150501908585,3.259247055594472,3.259247055594472,2.220069336312112,2.220069336312112,-2.7700000000000005,264720.8311087306,24.229999999999993,12.561799023672194,14.120624863026014,153.54177878679445,25.532636974203527,0.0,0.0,0.0,0.0,29.846526439759245,38.67241511291054,0.0,0.0,0.0,0.0,0.0,26.1790256236503,32.72378202956288,49.50532289456263,29.846526439759245,0.0,14.699729192551434,0.0,0.0,58.902807653213166,0.0,0.0,0.0,0.0,0.0,0.0,0.0,128.98170025972743,23.97268592035911,0.0,0.0,0.0,0.0,0.0,0.0,196.21999999999997,62.570308469322114,23.97268592035911,0.0,26.1790256236503,0.0,9.799819461700956,4.899909730850478,0.0,0.0,0.0,25.532636974203527,0.0,0.0,0.0,0.0,0.0,0.0,0.0,0.0,0.0,92.83333333333334,0.6428571428571429,27.0,5.0,13.0,0.0,0.0,0.0,0.0,0.0,0.0,8.0,5.0,13.0,16.0,0.0,0.0,0.0,0.0,-2.6845999999999934,87.49900000000005,5.0,0.0,0.0,0.0,0.0,0.0,0.0,0.0,5.0,5.0,5.0,0.0,0.0,0.0,0.0,3.0,0.0,0.0,0.0,0.0,0.0,0.0,0.0,0.0,0.0,0.0,0.0,0.0,0.0,0.0,0.0,0.0,0.0,0.0,0.0,0.0,0.0,0.0,0.0,0.0,0.0,0.0,0.0,0.0,0.0,0.0,0.0,0.0,0.0,0.0,0.0,0.0,0.0,0.0,0.0,0.0,0.0,0.0,0.0,0.0,0.0,0.0,0.0,0.0,0.0,0.0,0.0,0.0,0.0,0.0,0.0,0.0,0.0,0.0,0.0,0.0,0.0,0.0,0.0,0.0,0.0,0.0,0.0,0.0,0.0
CID4236,NC(=O)C[S+]([O-])C(c1ccccc1)c1ccccc1,1,0.0,0.0,0.0,,1.0,0.0,0.0,1,12.364822373393803,-1.3644135802469135,12.364822373393803,0.1305007558578985,0.846783825403182,273.357,258.23699999999997,273.08234972,98.0,0.0,0.2668882438571177,-0.6152096648713785,0.6152096648713785,0.2668882438571177,1.0,1.4210526315789471,1.7894736842105263,2.3650690421732676,490.8565422827171,13.664925939000156,10.36005488285365,11.176551463781376,9.181540550352056,5.936114206312558,7.318202329626548,4.192800284492706,5.714365623337273,2.752053351528968,4.391203422272843,1.975217556888123,3.343696636549482,-1.7799999999999994,22883.130891221528,13.647028596697757,6.40518793798384,3.591378039096482,115.17912748139013,10.286417350852547,0.0,11.002791636728965,0.0,5.907179729351506,0.0,4.794537184071822,0.0,0.0,0.0,60.6636706846161,11.175854473385288,11.126902983393991,0.0,9.347287057762186,17.083034202736794,0.0,0.0,5.733667477162185,5.249938029982174,5.752853606746789,71.7905736680101,0.0,0.0,5.733667477162185,0.0,0.0,0.0,16.212783209788658,15.97039165745711,0.0,16.376841013376165,60.6636706846161,0.0,0.0,0.0,66.15,17.083034202736794,9.347287057762186,0.0,11.002791636728965,0.0,11.126902983393991,0.0,0.0,60.6636706846161,0.0,5.733667477162185,0.0,-1.3644135802469135,0.0,0.0,0.0,0.0,0.0,0.0,12.364822373393803,36.05514676240867,0.1333333333333333,19.0,2.0,3.0,0.0,0.0,0.0,2.0,0.0,2.0,2.0,1.0,4.0,5.0,0.0,0.0,0.0,2.0,2.01,76.93080000000003,0.0,0.0,0.0,0.0,0.0,0.0,0.0,0.0,0.0,0.0,1.0,1.0,0.0,0.0,0.0,0.0,0.0,1.0,0.0,0.0,0.0,0.0,0.0,0.0,0.0,0.0,0.0,1.0,0.0,0.0,0.0,0.0,0.0,0.0,2.0,0.0,0.0,0.0,0.0,0.0,0.0,0.0,0.0,0.0,0.0,0.0,0.0,0.0,0.0,0.0,0.0,0.0,0.0,0.0,0.0,0.0,0.0,0.0,0.0,0.0,0.0,0.0,0.0,0.0,0.0,0.0,0.0,0.0,0.0,0.0,0.0,1.0,0.0,0.0,0.0,0.0,0.0,0.0,0.0,0.0,0.0,0.0,0.0,0.0,0.0
CID11806,Cn1c(=O)c2[nH]c(Br)nc2n(C)c1=O,0,0.0,0.0,0.0,,0.0,0.0,0.0,0,11.572175925925926,-0.3874999999999995,11.572175925925926,0.3208101851851854,0.6613083512148443,259.063,252.007,257.975237564,74.0,0.0,0.3317037925387098,-0.3266275792809643,0.3317037925387098,0.3266275792809643,1.2857142857142858,1.9285714285714288,2.5714285714285716,3.1743854173727075,620.8771075398187,10.455665446700475,7.536101840436828,9.122098379551533,6.51974450780358,3.8332985044682673,4.62629677402562,2.9319808782185506,3.683119620351215,2.0658827541698415,2.4414521252361734,1.297862502943924,1.664071799127494,-1.3700000000000003,1826.9031788384204,9.195409370056232,2.808880123388155,1.050731724865004,86.32159102279877,4.9839785209472085,0.0,15.897550460519334,0.0,5.559266895052008,5.689743398203474,13.928736479654532,9.77851570501903,0.0,0.0,0.0,15.929943897949348,14.09534396535438,0.0,0.0,27.093821836333337,0.0,19.10215633747713,14.09534396535438,0.0,0.0,25.571757183534473,0.0,0.0,11.24901029325548,0.0,0.0,15.929943897949348,19.10215633747713,14.09534396535438,0.0,0.0,14.322746890278989,0.0,11.16387793838399,0.0,72.68,0.0,9.589074368143644,0.0,11.24901029325548,15.897550460519334,4.567099647791355,11.614771630468544,7.04767198267719,0.0,25.897900939843765,0.0,0.0,0.0,0.0,0.0,0.0,0.0,0.0,0.0,2.3521296296296295,33.119345238095235,0.2857142857142857,14.0,1.0,6.0,0.0,0.0,0.0,0.0,2.0,2.0,5.0,1.0,7.0,0.0,0.0,0.0,0.0,2.0,-0.2772000000000001,54.27570000000001,0.0,0.0,0.0,0.0,0.0,4.0,1.0,0.0,0.0,0.0,0.0,0.0,0.0,0.0,0.0,3.0,1.0,0.0,0.0,0.0,0.0,1.0,0.0,0.0,0.0,0.0,0.0,0.0,0.0,0.0,1.0,0.0,0.0,0.0,0.0,0.0,1.0,0.0,0.0,0.0,0.0,0.0,0.0,0.0,1.0,0.0,0.0,1.0,0.0,0.0,0.0,0.0,0.0,0.0,0.0,0.0,0.0,0.0,0.0,0.0,0.0,0.0,0.0,0.0,0.0,0.0,0.0,0.0,0.0,0.0,0.0,0.0,0.0,0.0,0.0,0.0,0.0,0.0,0.0,0.0,0.0,0.0,0.0,0.0,0.0
CID4062,Cc1cccc(C)c1NC(=O)C1CCCCN1C,0,0.0,0.0,0.0,,1.0,0.0,1.0,0,12.329587112622828,0.0257001133786842,12.329587112622828,0.0257001133786842,0.8699043213708457,246.35399999999996,224.17799999999997,246.173213324,98.0,0.0,0.241234393031366,-0.3242350973515855,0.3242350973515855,0.241234393031366,1.2777777777777777,1.9444444444444444,2.5555555555555554,2.109479849231336,421.86978386083285,13.12095586463014,11.493290087468516,11.493290087468516,8.592224152875016,6.666704757410858,6.666704757410858,5.248246928029739,5.248246928029739,3.8024162518715783,3.8024162518715783,2.6245075645046576,2.6245075645046576,-1.35,12251.534854126325,13.090417626335174,5.527843562409225,2.7249309314705417,109.1812689493924,5.316788604006331,0.0,0.0,5.907179729351506,0.0,0.0,9.6944469149223,0.0,0.0,0.0,24.61992282831084,51.408449017217016,5.687386274683562,6.041840829147961,4.794537184071822,11.594566004035068,0.0,4.899909730850478,0.0,39.15178009730724,18.909216992596097,29.32600418877882,0.0,0.0,5.316788604006331,5.687386274683562,0.0,0.0,30.44135867793971,4.794537184071822,13.847474399381248,30.389367852172025,18.19910120538483,0.0,0.0,0.0,32.34,0.0,4.794537184071822,0.0,11.949020558499466,0.0,36.20068890984215,6.4208216229260096,0.0,39.09424758744326,10.216698334856808,0.0,0.0,0.0,0.0,0.0,0.0,0.0,0.0,0.0,0.0,37.5,0.5333333333333333,18.0,1.0,3.0,0.0,1.0,1.0,1.0,0.0,1.0,2.0,1.0,3.0,2.0,0.0,1.0,1.0,2.0,2.7262400000000007,74.81470000000004,0.0,0.0,0.0,0.0,0.0,0.0,0.0,0.0,0.0,0.0,1.0,1.0,0.0,0.0,0.0,1.0,1.0,0.0,0.0,1.0,1.0,0.0,0.0,0.0,0.0,0.0,0.0,1.0,0.0,1.0,2.0,0.0,0.0,0.0,1.0,0.0,0.0,0.0,0.0,0.0,0.0,0.0,0.0,0.0,0.0,0.0,0.0,0.0,0.0,0.0,0.0,0.0,0.0,0.0,0.0,0.0,0.0,0.0,0.0,0.0,0.0,0.0,0.0,0.0,1.0,0.0,0.0,0.0,0.0,1.0,0.0,0.0,0.0,0.0,0.0,0.0,0.0,0.0,0.0,0.0,0.0,0.0,0.0,0.0,0.0
CID2467,COc1cc(OC)c(C(=O)CCCN2CCCC2)c(OC)c1,1,1.0,0.0,1.0,,1.0,1.0,1.0,1,12.558186885865458,0.051435185185185,12.558186885865458,0.051435185185185,0.6911954195243533,307.39,282.19,307.17835828,122.0,0.0,0.1699104599333127,-0.4964800987257972,0.4964800987257972,0.1699104599333127,1.0454545454545454,1.6363636363636365,2.136363636363636,2.0610714372360484,484.3755561535112,15.94938298937633,13.6846547640405,13.6846547640405,10.689401807851764,7.748178679342355,7.748178679342355,5.4823953310647555,5.4823953310647555,4.070736923110274,4.070736923110274,2.8749435557553884,2.8749435557553884,-1.75,128817.538522704,16.617612456747406,8.033773200720495,3.913708841944056,131.70192668309824,19.110498592250625,22.81198699154871,5.783244946364939,0.0,0.0,0.0,4.794537184071822,0.0,0.0,0.0,0.0,38.89673408651576,18.55355575984923,21.3293926238326,19.005126045471968,5.783244946364939,0.0,4.899909730850478,0.0,25.68328649170404,40.96366184157033,17.696185628620217,0.0,17.248535499851716,14.210588861400147,0.0,17.248535499851716,0.0,51.64681651878574,0.0,0.0,36.04127516747286,12.13273413692322,0.0,0.0,0.0,48.0,0.0,4.794537184071822,0.0,5.783244946364939,29.23280861447472,26.055090840663738,12.84164324585202,33.46212676075582,0.0,4.899909730850478,14.210588861400147,0.0,0.0,0.0,0.0,0.0,0.0,0.0,0.0,0.0,48.33333333333333,0.5882352941176471,22.0,0.0,5.0,0.0,1.0,1.0,1.0,0.0,1.0,5.0,0.0,5.0,8.0,0.0,1.0,1.0,2.0,2.7711000000000015,85.33650000000006,0.0,0.0,0.0,0.0,0.0,0.0,0.0,0.0,0.0,0.0,1.0,1.0,0.0,0.0,0.0,1.0,0.0,0.0,0.0,0.0,1.0,0.0,0.0,0.0,0.0,0.0,0.0,0.0,0.0,0.0,0.0,0.0,0.0,0.0,1.0,0.0,0.0,0.0,0.0,0.0,0.0,3.0,0.0,0.0,0.0,0.0,0.0,0.0,0.0,0.0,0.0,1.0,1.0,0.0,0.0,3.0,0.0,0.0,0.0,0.0,0.0,0.0,0.0,0.0,0.0,0.0,0.0,0.0,0.0,0.0,0.0,0.0,0.0,0.0,0.0,0.0,0.0,0.0,0.0,0.0,0.0,0.0,0.0,0.0,0.0
CID8226,CC[C@@H](CO)NC(=O)[C@@H]1C=C2c3cccc4[nH]cc(c34)C[C@H]2N(C)C1,0,1.0,0.0,1.0,,1.0,0.0,0.0,0,12.684757338120434,-0.1874092970521546,12.684757338120434,0.0053153344671208,0.7971701178185844,339.4390000000002,314.23900000000003,339.19467704000004,132.0,0.0,0.2280406865931543,-0.3942431481017148,0.3942431481017148,0.2280406865931543,1.48,2.32,3.08,1.71064359940926,834.578887042534,17.551677284948283,14.74990475972698,14.74990475972698,12.117723500579766,9.045046572906504,9.045046572906504,7.226379962268624,7.226379962268624,5.664561485927456,5.664561485927456,4.1995951091520345,4.1995951091520345,-2.11,813142.099157849,16.363387497778955,6.316067391719603,2.675737222947172,147.26571981181425,15.407294519794243,0.0,0.0,5.907179729351506,0.0,0.0,9.6944469149223,0.0,0.0,0.0,25.132491443447723,42.65568981045408,29.68636573875467,18.566628839822272,9.901064578912528,22.38320919150183,0.0,15.200676855804018,5.917906046161393,31.84906210383857,20.19931035310268,41.59886786722578,0.0,0.0,5.316788604006331,0.0,0.0,0.0,53.18058738738849,11.21535880699783,5.917906046161393,24.471461806010623,30.471964883831788,0.0,16.476029462150326,0.0,68.36,0.0,9.901064578912528,0.0,24.473808569173777,12.586597235060536,18.35834396346828,22.086231727928055,0.0,6.923737199690624,52.720313722312994,0.0,0.0,0.0,0.0,0.0,0.0,0.0,0.0,0.0,0.0,54.00000000000001,0.45,25.0,3.0,5.0,1.0,1.0,2.0,1.0,1.0,2.0,3.0,3.0,5.0,4.0,0.0,0.0,0.0,4.0,1.9247,99.19520000000004,0.0,1.0,1.0,0.0,0.0,1.0,1.0,0.0,0.0,0.0,1.0,1.0,0.0,0.0,0.0,1.0,2.0,0.0,0.0,1.0,0.0,1.0,0.0,0.0,0.0,0.0,0.0,1.0,0.0,0.0,0.0,0.0,0.0,0.0,1.0,0.0,2.0,0.0,0.0,0.0,0.0,0.0,0.0,0.0,0.0,0.0,0.0,0.0,0.0,0.0,0.0,0.0,0.0,0.0,0.0,0.0,0.0,0.0,0.0,0.0,0.0,0.0,0.0,0.0,0.0,0.0,0.0,0.0,0.0,0.0,0.0,0.0,0.0,0.0,0.0,0.0,0.0,0.0,0.0,0.0,0.0,0.0,0.0,0.0,0.0
CID33176,COc1ccc2c(C(=O)c3ccc(Cl)cc3)c(C)n(CC(=O)O)c2c1,1,0.0,0.0,1.0,,0.0,0.0,0.0,1,13.010907108213656,-0.9784149936630092,13.010907108213656,0.1727108528596619,0.7023986860653546,357.7930000000001,341.6650000000001,357.07678567199997,128.0,0.0,0.3230257783900928,-0.4966868506422603,0.4966868506422603,0.3230257783900928,1.16,1.84,2.44,2.232371733378278,973.2479304430422,18.137463722575188,13.745695200914662,14.501624146933118,11.917922655570504,7.609605589282825,7.987570062292052,5.659390476376947,6.095826256848932,4.158558699809809,4.410535015149294,2.954912256911548,3.0809004145812904,-2.7899999999999996,468921.44290781184,17.04669994118993,6.607181634243952,3.1046664994872564,148.94809374556093,14.41048999643211,12.29426823919648,5.783244946364939,0.0,0.0,5.969305287951849,9.589074368143644,0.0,0.0,0.0,11.600939890232516,43.32193961046029,27.73260408321319,18.18994975059079,19.432464716784395,34.25641505663036,0.0,4.567099647791355,0.0,13.4684936056032,7.109797541277533,64.30803377121505,0.0,5.749511833283905,4.736862953800049,0.0,5.749511833283905,11.600939890232516,28.53597481822638,11.339293589984395,6.923737199690624,21.615368162314276,42.46456947923127,5.022633313741326,10.902924932081056,0.0,68.53,5.969305287951849,14.69560176298435,0.0,12.328001352277514,38.49590105734874,0.0,7.109797541277533,53.95540632671325,0.0,0.0,16.337802844032566,0.0,5.888906117191119,0.0,0.0,0.0,0.0,0.0,0.0,1.6144230109739368,56.60778198294606,0.1578947368421052,25.0,1.0,5.0,0.0,0.0,0.0,2.0,1.0,3.0,4.0,1.0,6.0,5.0,0.0,0.0,0.0,3.0,3.9273200000000026,95.74730000000004,1.0,0.0,0.0,0.0,0.0,1.0,0.0,0.0,1.0,1.0,2.0,1.0,0.0,0.0,0.0,1.0,0.0,0.0,0.0,0.0,0.0,0.0,0.0,0.0,0.0,0.0,0.0,0.0,0.0,0.0,0.0,0.0,0.0,0.0,2.0,0.0,1.0,0.0,0.0,0.0,0.0,1.0,0.0,0.0,1.0,0.0,0.0,0.0,0.0,0.0,0.0,1.0,0.0,0.0,0.0,1.0,0.0,0.0,0.0,0.0,0.0,0.0,0.0,0.0,0.0,0.0,0.0,0.0,0.0,0.0,0.0,0.0,0.0,0.0,0.0,0.0,0.0,0.0,0.0,0.0,0.0,0.0,0.0,0.0,0.0
CID38103,CC1=C(C(=O)O)N2C(=O)[C@@H](NC(=O)[C@H](N)C3=CCC=CC3)[C@H]2SC1,0,0.0,0.0,0.0,,0.0,0.0,0.0,0,12.335907029478458,-1.118725661497127,12.335907029478458,0.026549527345884,0.4985490439835023,349.4120000000001,330.26000000000005,349.1096270880001,128.0,0.0,0.3521148806800689,-0.4765611911664806,0.4765611911664806,0.3521148806800689,1.4583333333333333,2.2083333333333335,2.8333333333333335,1.6784524742148716,697.4360923398415,17.430356941388638,13.190192580742396,14.006689161670122,11.413591357920932,7.690996439235423,8.739751229216079,5.998097023401305,7.103089528983253,4.37749263123819,5.80167732568074,3.0590817992920165,4.35183770254201,-2.0599999999999996,232419.89941069784,16.785786144559395,6.445711150935106,2.7565585539174093,143.17857681515488,16.156983476009223,23.154593784320497,0.0,5.907179729351506,5.907179729351506,5.969305287951849,14.48898409899412,4.794537184071822,0.0,11.761884949391115,18.228060320501644,30.911589505681174,5.752853606746789,0.0,19.49013894705617,29.545549696045978,0.0,10.216698334856808,5.733667477162185,37.222934916807304,5.752853606746789,35.07130869369601,0.0,0.0,11.050456081168516,0.0,0.0,11.761884949391115,51.0005099503575,14.383611552215466,0.0,19.765380445542643,35.07130869369601,0.0,0.0,0.0,112.73,29.867346404950784,19.49013894705617,0.0,11.070912126024574,17.746779759742065,11.993926152995275,16.66179468024159,6.923737199690624,18.228060320501644,5.316788604006331,5.733667477162185,0.0,1.445928786638112,0.0,0.0,0.0,0.0,0.0,0.0,0.0,62.38740454669522,0.4375,24.0,4.0,7.0,1.0,2.0,3.0,0.0,0.0,0.0,5.0,3.0,8.0,4.0,0.0,1.0,1.0,3.0,0.3486000000000011,89.79090000000002,1.0,0.0,0.0,0.0,0.0,0.0,0.0,0.0,1.0,1.0,3.0,2.0,0.0,0.0,0.0,1.0,1.0,1.0,0.0,0.0,0.0,0.0,0.0,0.0,0.0,0.0,3.0,2.0,0.0,0.0,0.0,0.0,0.0,0.0,0.0,0.0,1.0,0.0,0.0,0.0,0.0,0.0,0.0,0.0,0.0,0.0,0.0,0.0,0.0,0.0,0.0,0.0,0.0,1.0,0.0,0.0,0.0,0.0,0.0,0.0,0.0,0.0,0.0,0.0,0.0,0.0,0.0,0.0,0.0,0.0,0.0,0.0,0.0,0.0,0.0,1.0,0.0,0.0,0.0,0.0,0.0,0.0,0.0,0.0,0.0
CID3955,CN(C)C(=O)C(CCN1CCC(O)(c2ccc(Cl)cc2)CC1)(c1ccccc1)c1ccccc1,0,1.0,1.0,1.0,,1.0,1.0,1.0,0,13.81079279208754,-0.8368122034741332,13.81079279208754,0.0829432370365219,0.5163157587714763,477.0480000000002,443.78400000000033,476.223055976,178.0,0.0,0.236730315056728,-0.3850687863736884,0.3850687863736884,0.236730315056728,0.9117647058823528,1.411764705882353,1.8823529411764703,1.5732022497682343,1036.6330554260712,24.18358750805832,19.953398005747015,20.709326951765473,16.348826315353403,11.886825048158594,12.264789521167822,9.46707901568297,9.903514796154957,7.172271965398676,7.424248280738161,5.157462924766519,5.283451082436261,-2.659999999999999,48514276.68731097,24.46411803035797,10.306456463154245,4.90108378232474,207.3328130559866,14.906346856541662,5.41499046939678,0.0,5.907179729351506,0.0,0.0,4.794537184071822,0.0,0.0,0.0,84.39734471177185,54.63030988670481,32.20749009092086,5.601050810983688,9.901064578912528,17.508119619584022,0.0,9.799819461700956,0.0,30.2785061491585,33.729613183092106,106.6421267472949,0.0,0.0,0.0,0.0,0.0,11.600939890232516,54.54313976898526,15.81057846445229,0.0,35.95281934386902,84.92913895846256,5.022633313741326,0.0,0.0,43.78,11.016041280380469,9.901064578912528,0.0,5.907179729351506,24.285098182519356,36.32462369282872,0.0,4.899909730850478,74.75901464997048,29.165378004696915,11.600939890232516,0.0,6.031044405227016,0.0,0.0,0.0,0.0,0.0,0.0,0.0,66.91340003921744,0.3448275862068966,34.0,1.0,4.0,0.0,1.0,1.0,3.0,0.0,3.0,3.0,1.0,5.0,7.0,0.0,1.0,1.0,4.0,5.088000000000005,137.99779999999987,0.0,1.0,0.0,0.0,0.0,0.0,0.0,0.0,0.0,0.0,1.0,1.0,0.0,0.0,0.0,2.0,0.0,0.0,0.0,1.0,1.0,0.0,0.0,0.0,0.0,0.0,0.0,1.0,0.0,0.0,0.0,0.0,0.0,0.0,3.0,0.0,0.0,0.0,0.0,0.0,0.0,0.0,0.0,0.0,1.0,0.0,0.0,0.0,0.0,0.0,0.0,0.0,0.0,0.0,0.0,0.0,0.0,0.0,0.0,0.0,0.0,0.0,0.0,0.0,0.0,0.0,0.0,0.0,0.0,1.0,0.0,0.0,0.0,0.0,0.0,0.0,0.0,0.0,0.0,0.0,0.0,0.0,0.0,0.0,0.0
CID60198,C=C1C[C@@H]2[C@H](CC[C@]3(C)C(=O)CC[C@@H]23)[C@@]2(C)C=CC(=O)C=C12,1,0.0,0.0,1.0,,0.0,0.0,1.0,1,12.399415784832453,-0.1039436492189467,12.399415784832453,0.068573790627362,0.6760895538895387,296.41,272.21799999999996,296.177630008,116.0,0.0,0.1781673497413296,-0.2990872095709567,0.2990872095709567,0.1781673497413296,1.181818181818182,1.9545454545454544,2.727272727272727,1.775914314819425,652.618395327054,15.698306133819765,13.523238883184767,13.523238883184767,10.359844450845582,8.529257531797425,8.529257531797425,8.17891886108688,8.17891886108688,7.240132763036509,7.240132763036509,5.97945915956571,5.97945915956571,-1.44,125355.9616579138,14.17131785046163,4.305387329379492,1.6133092239891278,131.90406169078295,0.0,5.783244946364939,5.783244946364939,0.0,0.0,0.0,9.589074368143644,0.0,0.0,0.0,32.075534719882896,61.16214937392524,17.25080256171957,0.0,9.589074368143644,11.566489892729878,0.0,0.0,28.58369907727774,45.95158251401129,0.0,35.953205064238674,0.0,0.0,0.0,0.0,0.0,0.0,11.566489892729878,9.589074368143644,28.58369907727774,45.95158251401129,35.953205064238674,0.0,0.0,0.0,34.14,0.0,9.589074368143644,0.0,16.6132258851585,23.53696308484912,43.250317174768576,0.0,12.152040213667762,0.0,26.502430189813627,0.0,0.0,0.0,0.0,0.0,0.0,0.0,0.0,0.0,0.0,47.666666666666664,0.6,22.0,0.0,2.0,4.0,0.0,4.0,0.0,0.0,0.0,2.0,0.0,2.0,0.0,3.0,0.0,3.0,4.0,4.029500000000003,86.14600000000004,0.0,0.0,0.0,0.0,0.0,0.0,0.0,0.0,0.0,0.0,2.0,2.0,0.0,0.0,0.0,0.0,0.0,0.0,0.0,0.0,0.0,0.0,0.0,0.0,0.0,0.0,5.0,0.0,0.0,0.0,0.0,0.0,0.0,0.0,0.0,0.0,5.0,0.0,0.0,0.0,0.0,0.0,0.0,0.0,0.0,0.0,0.0,0.0,0.0,0.0,0.0,2.0,1.0,0.0,0.0,0.0,0.0,0.0,0.0,0.0,0.0,0.0,0.0,0.0,0.0,0.0,0.0,0.0,0.0,0.0,0.0,0.0,0.0,0.0,0.0,0.0,0.0,0.0,0.0,0.0,0.0,0.0,0.0,0.0,0.0
